stemid tag branch sp gx gy dbh status q100
002311.0 002311 0 MACHZU 4.62 300.39 30 A 4
002318.0 002318 0 MACHTH 0.29 302.28 32.7 A 4
002320.0 002320 0 CASTCU 1.8 303.29 30 A 4
002323.0 002323 0 ELAEJA 1.24 303.96 11.7 A 4
002324.0 002324 0 MACHTH 1.39 304.8 21.5 A 4
002327.0 002327 0 CASTCU 4.57 304.71 25.8 A 4
002330.0 002330 0 ENGERO 1.03 305.48 10.6 A 4
002332.0 002332 0 MELISQ 1.56 309.28 13.3 A 4
002333.0 002333 0 PYRESH 3.05 309.77 18.8 A 4
002334.0 002334 0 DIOSMO 2.57 309.5 9.7 A 4
002335.0 002335 0 CASTCU 3.02 308.36 42.5 A 4
002338.0 002338 0 DIOSMO 4.68 306.25 18 A 4
002347.0 002347 0 PYRESH 8.16 308.02 9.6 A 4
002353.0 002353 0 LITSAC 8.25 309.84 29.3 A 4
002357.0 002357 0 MELISQ 9.49 300.7 16.7 A 4
002363.0 002363 0 MYRSSE 8.47 301.59 11.3 A 4
002371.0 002371 0 PRUNPH 6.57 304.44 13.1 A 4
002376.0 002376 0 GORDAX 1.39 310.2 10.6 A 4
002377.0 002377 0 MACHZU 0.17 311.13 24 A 4
002384.0 002384 0 CASTCU 0.24 317.04 12.4 A 4
002386.0 002386 0 CINNMI 2.55 319.58 18.9 A 4
002387.0 002387 0 MACHTH 2.92 319.94 22.1 A 4
002388.0 002388 0 RANDCO 3.35 315.75 12.5 A 4
002391.0 002391 0 CASTCU 7.1 315.96 15.3 A 4
002394.0 002394 0 MACHMU 9.5 317.33 14.8 A 4
002396.0 002396 0 MACHZU 8.64 315.25 12.5 A 4
002399.0 002399 0 MELISQ 9.59 312.33 21 A 4
002408.0 002408 0 SCHEOC 7.15 314.88 14.6 A 4
002413.0 002413 0 DIOSMO 13.39 312.13 30.7 A 4
002422.0 002422 0 MELISQ 12.54 316.81 19.2 A 4
002426.0 002426 0 CASTCU 13.4 316.98 16.7 A 4
002427.0 002427 0 RANDCO 13.19 316.56 14.1 A 4
002428.0 002428 0 RANDCO 13.83 318.83 11 A 4
002433.0 002433 0 CINNSU 17.1 316.96 37.8 A 4
002435.0 002435 0 RANDCO 17.41 319.51 14 A 4
002440.0 002440 0 CASTCU 18.83 311.96 31.1 A 4
002444.0 002444 0 MYRSSE 17.42 312.38 16.9 A 4
002450.0 002450 0 CLEYJA 10.38 300.55 10.3 A 4
002451.0 002451 0 MELISQ 11.53 300.79 27.4 A 4
002456.0 002456 0 PYRESH 10.22 303.43 13.3 A 4
002457.0 002457 0 MYRSSE 12.95 303.73 10.3 A 4
002464.0 002464 0 MYRSSE 14.54 304.97 13.9 A 4
002465.0 002465 0 SYMPGL 14.57 304.41 10 A 4
002468.0 002468 0 MYRSSE 14.7 301.66 10.1 A 4
002470.0 002470 0 CASTCU 14.13 301.16 21.2 A 4
002474.0 002474 0 MYRSSE 11.15 305.29 15.3 A 4
002475.0 002475 0 CASTCU 10.96 305.95 10.8 A 4
002476.0 002476 0 MELISQ 11.39 306.33 18.9 A 4
002481.0 002481 0 PYRESH 13.55 309.34 17.9 A 4
002490.0 002490 0 PYRESH 14.71 306.06 10.7 A 4
002491.0 002491 0 LITSAC 14.01 305.83 10.7 A 4
002495.0 002495 0 ENGERO 15.42 307.03 11.6 A 4
002500.0 002500 0 PYRESH 18.6 308.89 12.4 A 4
002502.0 002502 0 CINNAU 19.27 307.07 10.6 A 4
002506.0 002506 0 DIOSMO 19.5 305.41 55.9 A 4
002513.0 002513 0 MYRSSE 19.78 303.97 12.6 A 4
002515.0 002515 0 CRYPCH 4.48 320.22 12.7 A 4
002525.0 002525 0 MELISQ 3.67 324.67 9.8 A 4
002537.0 002537 0 ENGERO 5.16 326.19 34.6 A 4
002543.0 002543 0 MACHTH 8.98 329.82 27.3 A 4
002545.0 002545 0 CASTCU 7.61 324.56 11.4 A 4
002546.0 002546 0 PYRESH 9.84 322.1 18.3 A 4
002548.0 002548 0 MACHTH 6.85 320.31 15.6 A 4
002556.0 002556 0 CLEYJA 0.58 330.57 12.8 A 4
002557.0 002557 0 MELISQ 0.25 331.32 33.3 A 4
002559.0 002559 0 DIOSMO 0.17 332.82 54.9 A 4
002570.0 002570 0 LIMLUR 4.55 330.51 26.3 A 4
002573.0 002573 0 CLEYJA 1.42 336.71 20.7 A 4
002574.0 002574 0 CLEYJA 1.26 336.53 13.2 A 4
002580.0 002580 0 LITSAC 0.71 337.11 12.5 A 4
002587.0 002587 0 SYMPTH 9.47 338.73 19.3 A 4
002589.0 002589 0 CLEYJA 8.54 338.5 14.6 A 4
002591.0 002591 0 MELISQ 9.14 336.33 23 A 4
002592.0 002592 0 MACHMU 5.7 337.06 13.3 A 4
002603.0 002603 0 RANDCO 11.88 334.87 16.6 A 4
002605.0 002605 0 ENGERO 12.55 332.4 15.9 A 4
002606.0 002606 0 MACHMU 12.54 331.64 17.2 A 4
002612.0 002612 0 CLEYJA 12.65 335.15 14.7 A 4
002613.0 002613 0 CASTCU 12.93 335.61 26.1 A 4
002617.0 002617 0 MELISQ 12.66 337.68 13.5 A 4
002623.0 002623 0 MELISQ 13.53 338.89 11.3 A 4
002624.0 002624 0 CLEYJA 14.08 339.41 16 A 4
002627.0 002627 0 ENGERO 13.27 338 12.7 A 4
002633.0 002633 0 MACHMU 19.21 339.02 43 A 4
002636.0 002636 0 PYRESH 17.86 335.82 14.1 A 4
002639.0 002639 0 PYRESH 15.9 333.68 28 A 4
002642.0 002642 0 CASTCU 16.74 331.5 23.9 A 4
002645.0 002645 0 CASTCU 11.44 321.29 17.7 A 4
002646.0 002646 0 MACHTH 11.02 321.72 12.7 A 4
002647.0 002647 0 LITSAC 10.49 322.04 35.7 A 4
002652.0 002652 0 CASTCU 13.06 323.12 30.5 A 4
002658.0 002658 0 PYRESH 10.41 328.8 19.7 A 4
002659.0 002659 0 PYRESH 11.78 329.81 12.8 A 4
002661.0 002661 0 ENGERO 13.37 329.55 10.5 A 4
002664.0 002664 0 SCHEOC 12.74 328.6 12.9 A 4
002669.0 002669 0 PYRESH 15.42 326.3 11.2 A 4
002671.0 002671 0 MACHTH 16.47 326.93 21.2 A 4
002673.0 002673 0 MACHTH 19.42 324.97 12.2 A 4
002675.0 002675 0 CASTCU 16.06 324.66 30.9 A 4
002676.0 002676 0 CASTCU 0.63 344.5 36.2 A 4
002689.0 002689 0 HELIFO 3.66 346.6 11.4 A 4
002702.0 002702 0 CINNMI 6.85 348.57 9.8 A 4
002706.0 002706 0 DIOSMO 9.23 347.74 10.1 A 4
002717.0 002717 0 GLOCAC 9.69 345.31 9.6 A 4
002720.0 002720 0 MELISQ 1.73 350.89 27.4 A 4
002736.0 002736 0 ENGERO 0.18 356.79 10.4 A 4
002743.0 002743 0 CINNMI 6.47 357.34 25.4 A 4
002749.0 002749 0 CINNSU 9.42 357.55 10.8 A 4
002753.0 002753 0 GLOCAC 5.05 350.86 13.6 A 4
002759.0 002759 0 ENGERO 9.72 353.36 39 A 4
002761.0 002761 0 LIMLUR 9.86 352.11 20.6 A 4
002763.0 002763 0 LIMLUR 9.61 350.82 41.2 A 4
002770.0 002770 0 DIOSMO 10.01 354.43 26.5 A 4
002776.0 002776 0 ENGERO 12.42 356.35 24.2 A 4
002777.0 002777 0 WENDFO 10.39 357.91 10 A 4
002790.0 002790 0 CINNSU 15.45 359 17 A 4
002800.0 002800 0 RANDCO 19.77 357.2 13.4 A 4
002811.0 002811 0 CASTCU 16.27 354.78 10.1 A 4
002812.0 002812 0 MELISQ 18.43 354.9 18.8 A 4
002816.0 002816 0 LIMLUR 18.44 352.84 22 A 4
002829.0 002829 0 PYRESH 13.59 344.37 19.1 A 4
002833.0 002833 0 CASTCU 10.95 347.64 29.8 A 4
002838.0 002838 0 OSMAMA 14.28 348.39 13 A 4
002842.0 002842 0 DIOSMO 15.7 347.06 13.9 A 4
002843.0 002843 0 MELISQ 16 347.42 22 A 4
002844.0 002844 0 DIOSMO 15.49 348.35 15.1 A 4
002849.0 002849 0 PYRESH 19.77 345.85 18.9 A 4
002853.0 002853 0 RANDCO 17.18 345.11 10 A 4
002874.0 002874 0 PYRESH 4.89 364.87 13.2 A 4
002887.0 002887 0 MACHMU 3.13 366.05 30.3 A 4
002896.0 002896 0 MACHTH 9.57 367.04 29.3 A 4
002899.0 002899 0 SCHEOC 9.47 362.3 12.6 A 4
002908.0 002908 0 WENDFO 3.96 374.4 18.9 A 4
002913.0 002913 0 ENGERO 3.93 372.94 52.8 A 4
002914.0 002914 0 CASTCU 3.7 372.74 21.5 A 4
002918.0 002918 0 LITSAC 4.51 371.06 15.5 A 4
002927.0 002927 0 WENDFO 8.4 377.78 13.6 A 4
002928.0 002928 0 PYRESH 8.19 377.58 22.3 A 4
002933.0 002933 0 ENGERO 7.96 371.15 50.1 A 4
002934.0 002934 0 CASTCU 8.81 371.56 10.6 A 4
002946.0 002946 0 WENDFO 14.07 373.83 23.5 A 4
002953.0 002953 0 ADINFO 10.69 378.09 13.5 A 4
002957.0 002957 0 ENGERO 14.4 377.79 49.2 A 4
002958.0 002958 0 SYMPTH 14.03 376.52 9.6 A 4
002968.0 002968 0 CASTCU 15.66 374.37 31.9 A 4
002969.0 002969 0 MACHTH 15.35 374.61 15.9 A 4
002975.0 002975 0 MELISQ 18.46 371.33 10.4 A 4
002976.0 002976 0 MACHZU 19.11 371.42 85.5 A 4
002978.0 002978 0 MALLPA 13.35 361.72 26.3 A 4
002987.0 002987 0 ENGERO 11.12 366.43 11.1 A 4
002996.0 002996 0 CRYPCH 15.41 366.87 31 A 4
003000.0 003000 0 ENGERO 15.22 367.88 43.5 A 4
003002.0 003002 0 ENGERO 16.1 366.8 40.5 A 4
003009.0 003009 0 ENGERO 18.81 366.7 21.7 A 4
003015.0 003015 0 PRUNPH 17.93 364.61 15.8 A 4
003022.0 003022 0 ENGERO 3.25 389.09 35.9 A 4
003031.0 003031 0 LAGESU 7.78 388.72 18.4 A 4
003036.0 003036 0 MACHZU 6.16 383.16 41.7 A 4
003040.0 003040 0 RANDCO 6.46 381.86 12.3 A 4
003047.0 003047 0 LITSAC 4.6 390.91 42.1 A 4
003048.0 003048 0 SCHEOC 4.98 390.95 56 A 4
003050.0 003050 0 CYCLGI 4.98 390.27 51.1 A 4
003070.0 003070 0 CASTCU 13.74 399.94 37.5 A 4
003073.0 003073 0 MACHZU 16.57 395.15 67.4 A 4
003084.0 003084 0 EURYLO 16.37 391.2 12.3 A 4
003086.0 003086 0 GLOCAC 13.97 380.3 20.4 A 4
003100.0 003100 0 CASTCU 19.52 380.32 26.8 A 4
007595.0 007595 0 ENGERO 0.16 310.86 14.3 A 4
011992.0 011992 0 ELAESY 23.87 300.32 11.7 A 4
011993.0 011993 0 MELISQ 23.22 300.38 25.6 A 4
012008.0 012008 0 ENGERO 23.37 308.43 10.3 A 4
012009.0 012009 0 CYCLGI 23.99 306.36 16.7 A 4
012012.0 012012 0 CASTCU 25.11 307.04 13.6 A 4
012015.0 012015 0 CINNMI 25.38 309.65 15.8 A 4
012023.0 012023 0 MACHTH 28.64 305.31 13.3 A 4
012039.0 012039 0 ELAESY 27.58 302.24 12 A 4
012042.0 012042 0 GLOCAC 27.65 300.84 26.8 A 4
012044.0 012044 0 SCHEOC 20.34 311.13 11.6 A 4
012048.0 012048 0 CLEYJA 24.38 311.39 17 A 4
012049.0 012049 0 CASTCU 24 311.53 20.7 A 4
012051.0 012051 0 MACHTH 23.6 311.7 13.6 A 4
012052.0 012052 0 PYRESH 21.93 316.06 26.7 A 4
012060.0 012060 0 MACHZU 28 317.55 13.1 A 4
012064.0 012064 0 CLEYJA 28.87 313.56 14.3 A 4
012068.0 012068 0 GLOCAC 29.86 314.47 12.5 A 4
012072.0 012072 0 PYRESH 27.79 310.32 11.6 A 4
012073.0 012073 0 MACHTH 26.31 310.86 17.3 A 4
012077.0 012077 0 ELAEJA 30.22 311.22 11.4 A 4
012078.0 012078 0 DIOSMO 30.51 311.32 18.7 A 4
012081.0 012081 0 SYMPGL 30.92 310.13 14.1 A 4
012088.0 012088 0 PRUNPH 33.18 312.92 9.8 A 4
012089.0 012089 0 MACHZU 31.97 313.49 24.5 A 4
012092.0 012092 0 PRUNPH 30.58 314.48 15.6 A 4
012093.0 012093 0 DIOSMO 32.31 315.91 14.5 A 4
012095.0 012095 0 ELAEJA 30.52 316.37 15.8 A 4
012106.0 012106 0 MELISQ 34.16 315.91 18.6 A 4
012113.0 012113 0 CLEYJA 37.24 318.66 16.1 A 4
012114.0 012114 0 MACHTH 37 319.1 21.3 A 4
012116.0 012116 0 RANDCO 39.46 316.03 13 A 4
012117.0 012117 0 MELISQ 39.11 316.74 18.1 A 4
012119.0 012119 0 CLEYJA 35.46 310.58 14.1 A 4
012123.0 012123 0 MYRSSE 38.16 314.54 15.2 A 4
012127.0 012127 0 MELISQ 39.69 310.75 13.1 A 4
012140.0 012140 0 LITSAC 35.96 308.89 30.7 A 4
012146.0 012146 0 DIOSMO 30.82 306.12 16.6 A 4
012149.0 012149 0 MACHTH 32.24 307.75 20.8 A 4
012151.0 012151 0 MACHMU 33.16 308.12 11 A 4
012167.0 012167 0 CASTCU 35.35 308.43 16.9 A 4
012181.0 012181 0 RANDCO 38.96 302.2 12.4 A 4
012185.0 012185 0 MACHTH 37.64 302.08 10.1 A 4
012191.0 012191 0 LITSAC 23.56 322.61 24 A 4
012194.0 012194 0 DIOSMO 22.96 327.51 21.7 A 4
012199.0 012199 0 GLOCAC 24.77 325.62 18.5 A 4
012200.0 012200 0 LITSAC 29.21 327.58 27 A 4
012204.0 012204 0 ADINFO 29.33 328.11 12.7 A 4
012206.0 012206 0 MACHTH 29.65 326.03 14.4 A 4
012208.0 012208 0 SYMPTH 29.72 322.95 11.7 A 4
012212.0 012212 0 LIMLUR 27.37 321.53 38.4 A 4
012214.0 012214 0 MACHMU 20.04 330.55 14 A 4
012216.0 012216 0 ADINFO 22.51 330.66 16.1 A 4
012223.0 012223 0 LIMLUR 23.2 335.86 29.7 A 4
012228.0 012228 0 DIOSMO 20.89 338.35 31.9 A 4
012237.0 012237 0 CASTCU 27.2 337.38 26.3 A 4
012240.0 012240 0 CASTCU 25.19 339.74 25.5 A 4
012241.0 012241 0 CASTCU 26.22 339.4 43.5 A 4
012245.0 012245 0 ELAEJA 29.89 339.58 11.5 A 4
012247.0 012247 0 CLEYJA 26.68 330.28 16.9 A 4
012250.0 012250 0 MACHTH 26.24 332.25 9.6 A 4
012253.0 012253 0 SYMPTH 25.3 334.29 12.1 A 4
012254.0 012254 0 ADINFO 26.12 333.13 9.6 A 4
012257.0 012257 0 LIMLUR 30.78 332.03 31 A 4
012262.0 012262 0 LIMLUR 33.77 333.41 50.3 A 4
012268.0 012268 0 ENGERO 31.3 338.53 17.5 A 4
012270.0 012270 0 ENGERO 37 335.36 20.2 A 4
012273.0 012273 0 SCHEOC 37.34 339.3 11.7 A 4
012277.0 012277 0 PYRESH 39.57 334.07 14.4 A 4
012280.0 012280 0 ENGERO 39.31 330.65 30.8 A 4
012281.0 012281 0 CASTCU 32.51 320.64 40.5 A 4
012282.0 012282 0 GLOCAC 31.37 320.82 11.1 A 4
012285.0 012285 0 ENGERO 34.01 322.16 22 A 4
012288.0 012288 0 PYRESH 34.6 321.25 14.6 A 4
012289.0 012289 0 CYCLGI 34.74 321.35 10.2 A 4
012290.0 012290 0 ENGERO 30.36 326.19 19.7 A 4
012295.0 012295 0 DIOSMO 35.69 327.65 15.3 A 4
012296.0 012296 0 MACHMU 37.69 328.93 16.9 A 4
012298.0 012298 0 MELISQ 36.57 322.24 23 A 4
012299.0 012299 0 ENGERO 37.28 322.34 26.7 A 4
012301.0 012301 0 ENGERO 36.77 320.58 18 A 4
012302.0 012302 0 MELISQ 20.45 341.84 35.8 A 4
012307.0 012307 0 LIMLUR 20.65 343.51 60.1 A 4
012309.0 012309 0 SYMPTH 21.94 344.97 15.3 A 4
012319.0 012319 0 CASTCU 20.01 346.79 9.6 A 4
012320.0 012320 0 MELISQ 20.48 348.4 11.1 A 4
012331.0 012331 0 PYRESH 25.41 346.12 11 A 4
012332.0 012332 0 CLEYJA 25.39 346.93 19.6 A 4
012335.0 012335 0 RANDCO 29.11 348.16 12.1 A 4
012336.0 012336 0 MELISQ 29.35 347.1 16.9 A 4
012342.0 012342 0 PYRESH 26.97 345.64 9.9 A 4
012343.0 012343 0 DIOSMO 26.68 345.27 18.5 A 4
012353.0 012353 0 LITSAC 31.33 340.42 20.8 A 4
012366.0 012366 0 MELISQ 23.74 352.03 31 A 4
012368.0 012368 0 SCHEOC 24.57 351.05 26.1 A 4
012370.0 012370 0 LIMLUR 24.82 350.99 49.1 A 4
012379.0 012379 0 MACHZU 21.43 356.43 35.6 A 4
012380.0 012380 0 PASAHR 20.92 358.01 29.9 A 4
012387.0 012387 0 PYRESH 25.92 356.33 14.9 A 4
012391.0 012391 0 CLEYJA 28.69 357.55 19 A 4
012392.0 012392 0 CYCLLO 28.5 357.95 17 A 4
012394.0 012394 0 MACHTH 26.93 350.96 9.9 A 4
012397.0 012397 0 MACHTH 26.12 353.28 13.4 A 4
012400.0 012400 0 LIMLUR 30.79 350.84 15.2 A 4
012405.0 012405 0 GLOCAC 32.88 353.02 11 A 4
012412.0 012412 0 WENDFO 34.23 356.74 13.7 A 4
012419.0 012419 0 ELAEJA 35.68 350.58 13.1 A 4
012420.0 012420 0 ENGERO 36.68 350.66 22 A 4
012424.0 012424 0 CYCLGI 38.39 354.26 22.3 A 4
012425.0 012425 0 TRICDU 38.57 354.02 10.5 A 4
012431.0 012431 0 MELISQ 32.07 340.25 15.8 A 4
012437.0 012437 0 CASTCU 32.76 343.86 19.3 A 4
012456.0 012456 0 ELAEJA 33.39 347.4 13.9 A 4
012458.0 012458 0 PYRESH 34.13 347.35 19 A 4
012461.0 012461 0 CINNSU 33.97 345.86 41.2 A 4
012465.0 012465 0 MACHTH 34.58 345.08 10.9 A 4
012473.0 012473 0 PRUNPH 37.49 346.47 19.1 A 4
012484.0 012484 0 ELAESY 39.25 342.34 21.8 A 4
012486.0 012486 0 LITSAC 39.33 341.06 25.3 A 4
012487.0 012487 0 CASTCU 20.78 360.34 27.3 A 4
012490.0 012490 0 MELISQ 20.18 361.74 11.1 A 4
012493.0 012493 0 MACHTH 21.57 364.23 16.5 A 4
012494.0 012494 0 WENDFO 21.71 364.41 13.7 A 4
012497.0 012497 0 CASTCU 24.18 364.43 27.3 A 4
012502.0 012502 0 MACHTH 22.1 367.74 46.1 A 4
012505.0 012505 0 ENGERO 21.81 368.69 16.4 A 4
012506.0 012506 0 ENGERO 22.3 369.14 10.8 A 4
012509.0 012509 0 MELISQ 20.89 369.43 33.4 A 4
012515.0 012515 0 CINNMI 24.28 366.91 10.9 A 4
012525.0 012525 0 PYRESH 28.97 369.33 28.3 A 4
012526.0 012526 0 SCHEOC 29.44 365.86 39 A 4
012528.0 012528 0 PYRESH 29.57 365.27 28.6 A 4
012531.0 012531 0 ENGERO 29.1 364.23 15.3 A 4
012534.0 012534 0 PYRESH 21 370.68 13.5 A 4
012538.0 012538 0 ENGERO 21.5 371.55 32.4 A 4
012543.0 012543 0 ENGERO 20.09 373.68 20.9 A 4
012565.0 012565 0 GLOCAC 36.37 376.16 13.2 A 4
012568.0 012568 0 MACHJA 38.9 370.88 10.2 A 4
012573.0 012573 0 ENGERO 31.2 362.51 20.5 A 4
012575.0 012575 0 HELIFO 33.02 362.89 13 A 4
012582.0 012582 0 PYRESH 34.28 364.34 19.9 A 4
012601.0 012601 0 MACHMU 38.4 360.38 23.3 A 4
012613.0 012613 0 WENDFO 23.79 387.92 19.6 A 4
012615.0 012615 0 MACHTH 23.93 386.91 36.9 A 4
012616.0 012616 0 CINNMI 24.34 389.87 14.7 A 4
012629.0 012629 0 TURPFO 24.77 393.86 10 A 4
012631.0 012631 0 MACHJA 21.9 392.28 41.8 A 4
012640.0 012640 0 LAGESU 29.07 399.24 16.3 A 4
012643.0 012643 0 CASTCU 34.33 393.35 49.2 A 4
012658.0 012658 0 ENGERO 38.73 391.27 29.2 A 4
012661.0 012661 0 LITSAC 39.91 393.9 10.9 A 4
012665.0 012665 0 DIOSMO 32.35 383.14 53 A 4
012666.0 012666 0 CASTCU 32.08 382.81 16.7 A 4
012672.0 012672 0 CASTCU 38.54 386.29 17.5 A 4
022114.0 022114 0 MELISQ 42.45 302.04 11.4 A 4
022119.0 022119 0 MELISQ 40.97 304.83 17.1 A 4
022120.0 022120 0 ENGERO 41.98 304.46 13.8 A 4
022125.0 022125 0 RANDCO 43.59 303.66 11.1 A 4
022128.0 022128 0 DIOSMO 44.6 303.19 16.5 A 4
022134.0 022134 0 RANDCO 41.12 309.61 9.7 A 4
022135.0 022135 0 PYRESH 40.49 309.7 23.8 A 4
022136.0 022136 0 DIOSMO 41.8 309.78 13.6 A 4
022143.0 022143 0 MELISQ 43.59 306.25 10.3 A 4
022149.0 022149 0 LIMLUR 45.79 308.77 27.9 A 4
022150.0 022150 0 MELISQ 45.99 309.54 19 A 4
022151.0 022151 0 MYRSSE 46.17 309.64 14 A 4
022153.0 022153 0 LIMLUR 47.18 309.84 15.4 A 4
022158.0 022158 0 MYRIRU 48.09 309.13 44.9 A 4
022160.0 022160 0 CINNMI 49.04 306.16 51.8 A 4
022170.0 022170 0 MELISQ 47.76 302.83 13.9 A 4
022171.0 022171 0 PYRESH 45.46 301.26 11.1 A 4
022181.0 022181 0 SYMPTH 48.33 304.04 13.5 A 4
022186.0 022186 0 CASTCU 49.42 302.97 37.7 A 4
022192.0 022192 0 LIMLUR 49.72 301.97 17.9 A 4
022203.0 022203 0 CASTCU 42.07 311.36 11.2 A 4
022222.0 022222 0 GLOCAC 41.29 318.31 13.5 A 4
022225.0 022225 0 ELAEJA 40.78 319.6 11.8 A 4
022230.0 022230 0 MELISQ 42.96 315.79 26.1 A 4
022234.0 022234 0 SCHEOC 48.96 316.44 30.2 A 4
022238.0 022238 0 DIOSMO 48.53 311.26 23.3 A 4
022239.0 022239 0 CLEYJA 45.86 313.86 18.1 A 4
022249.0 022249 0 PYRESH 50.86 310.58 10.6 A 4
022254.0 022254 0 ENGERO 53.36 314.36 31 A 4
022257.0 022257 0 CASTCU 53.28 311.06 16.7 A 4
022258.0 022258 0 CYCLLO 51.94 316.46 14.8 A 4
022263.0 022263 0 LITSAC 53.67 316.56 22.4 A 4
022267.0 022267 0 LITSAC 58.64 318.94 27.8 A 4
022268.0 022268 0 MACHMU 59.21 317.28 13.4 A 4
022270.0 022270 0 MELISQ 55.58 310.65 18.5 A 4
022274.0 022274 0 MACHZU 59.06 311.74 31.9 A 4
022275.0 022275 0 ENGERO 58.42 311.91 17.2 A 4
022278.0 022278 0 ILEXPU 57.31 310.68 9.7 A 4
022280.0 022280 0 SCHEOC 50.93 301.09 9.8 A 4
022281.0 022281 0 SYMPTH 51.07 301.09 18.8 A 4
022290.0 022290 0 LIMLUR 54.04 303.09 63.5 A 4
022294.0 022294 0 CASTCU 53.22 300.68 18.1 A 4
022301.0 022301 0 PYRESH 51.12 308.65 10.8 A 4
022312.0 022312 0 CLEYJA 54.61 305.39 29 A 4
022326.0 022326 0 MACHTH 58 309.33 30.1 A 4
022328.0 022328 0 CASTCU 59.64 307.92 32.8 A 4
022334.0 022334 0 LIMLUR 56.41 300.57 26.4 A 4
022351.0 022351 0 RANDCO 57.72 302.6 11.8 A 4
022355.0 022355 0 ELAEJA 59.13 300.32 13.4 A 4
022356.0 022356 0 MACHZU 40.99 320.44 27.3 A 4
022357.0 022357 0 MELISQ 41.47 320.95 17.5 A 4
022358.0 022358 0 CASTCU 40.78 321.32 18.2 A 4
022363.0 022363 0 ENGERO 41.3 323.45 15 A 4
022366.0 022366 0 PYRESH 44 320.75 23.6 A 4
022367.0 022367 0 MACHMU 40.46 326.22 17.5 A 4
022371.0 022371 0 MACHMU 41.2 329.61 18.3 A 4
022374.0 022374 0 ELAEJA 43.78 328.99 14.9 A 4
022376.0 022376 0 RANDCO 46.41 326.06 12.8 A 4
022377.0 022377 0 ENGERO 48.59 328.66 15.1 A 4
022380.0 022380 0 MACHTH 49.75 326.76 11.8 A 4
022383.0 022383 0 MACHMU 46.15 320.99 12.9 A 4
022387.0 022387 0 SYMPTH 47.78 322.78 10.1 A 4
022389.0 022389 0 ENGERO 49.74 321.15 15.5 A 4
022398.0 022398 0 MACHMU 41.05 335.51 19 A 4
022411.0 022411 0 LITSAC 44.26 336.84 13.3 A 4
022417.0 022417 0 CASTCU 47.82 338.65 19.8 A 4
022418.0 022418 0 MELISQ 49.42 334.77 30 A 4
022421.0 022421 0 MACHMU 46.36 333.83 36.9 A 4
022424.0 022424 0 CASTCU 50.45 330.76 13.5 A 4
022426.0 022426 0 CYCLLO 51.84 331.83 9.9 A 4
022434.0 022434 0 MACHTH 52.95 331.63 21.6 A 4
022437.0 022437 0 CLEYJA 52.68 335.45 16.7 A 4
022447.0 022447 0 CASTCU 53.99 339.33 23.1 A 4
022452.0 022452 0 DIOSMO 53.97 337.08 29.3 A 4
022459.0 022459 0 CASTCU 53.37 336.46 29.5 A 4
022472.0 022472 0 CASTCU 56.29 339.34 31 A 4
022473.0 022473 0 ELAEJA 56.71 339.98 27.3 A 4
022480.0 022480 0 CLEYJA 58.15 336.76 13 A 4
022482.0 022482 0 CYCLLO 56.67 335.27 13.9 A 4
022486.0 022486 0 MACHTH 56.34 332.55 20 A 4
022493.0 022493 0 MACHTH 52.49 321.23 36.7 A 4
022497.0 022497 0 MACHMU 51.06 324.93 14.6 A 4
022500.0 022500 0 ENGERO 54.79 321.12 17.5 A 4
022502.0 022502 0 CINNAU 51.37 325.34 12.2 A 4
022503.0 022503 0 LITSAC 51.56 326.54 28.5 A 4
022515.0 022515 0 ENGERO 54.33 328.25 15.6 A 4
022524.0 022524 0 CASTCU 58.6 326.47 15.5 A 4
022528.0 022528 0 DIOSMO 56.2 328.86 33.3 A 4
022539.0 022539 0 CINNMI 40.88 343.86 31.5 A 4
022540.0 022540 0 PRUNPH 43.11 344.16 16.2 A 4
022542.0 022542 0 RANDCO 44.78 345.35 12.5 A 4
022546.0 022546 0 MACHTH 40.71 349 12.6 A 4
022548.0 022548 0 CINNMI 44.3 349.43 17 A 4
022549.0 022549 0 PYRESH 44.4 349.64 15.4 A 4
022553.0 022553 0 MELISQ 44.11 347.34 22 A 4
022560.0 022560 0 ADINFO 45.29 349.84 13.3 A 4
022567.0 022567 0 DIOSMO 46.78 343.97 33.3 A 4
022568.0 022568 0 LITSAC 47.83 342.89 15.9 A 4
022571.0 022571 0 ELAEJA 49.24 341.79 19.2 A 4
022572.0 022572 0 ELAEJA 47.46 341.47 21.8 A 4
022573.0 022573 0 GLOCAC 49.34 340.57 14.4 A 4
022576.0 022576 0 MACHTH 41.78 351.26 20.1 A 4
022587.0 022587 0 WENDFO 40.89 357.52 14.3 A 4
022588.0 022588 0 LITSAC 42.39 359.93 29.9 A 4
022598.0 022598 0 CASTCU 49.47 355.48 23.6 A 4
022599.0 022599 0 GORDAX 47.27 354.1 12.9 A 4
022602.0 022602 0 MACHMU 47.75 352.7 33.3 A 4
022630.0 022630 0 MACHZU 55.87 355.08 20.7 A 4
022648.0 022648 0 PYRESH 58 359.73 10.8 A 4
022649.0 022649 0 CASTCU 58.96 359.43 14.6 A 4
022659.0 022659 0 CASTCU 59.84 351.56 53.7 A 4
022664.0 022664 0 LIMLUR 52.96 342.07 29.9 A 4
022666.0 022666 0 RANDCO 50.24 343.93 9.8 A 4
022667.0 022667 0 MELISQ 50.58 344.44 28.2 A 4
022674.0 022674 0 SCHEOC 50.65 347.44 56.9 A 4
022676.0 022676 0 ENGERO 50.68 348.92 10.8 A 4
022677.0 022677 0 LIMLUR 52.36 349.5 41.9 A 4
022682.0 022682 0 MELISQ 54.71 349.31 21.3 A 4
022683.0 022683 0 LIMLUR 54.6 345.85 24.2 A 4
022684.0 022684 0 CASTCU 50.46 345.24 19.3 A 4
022689.0 022689 0 LIMLUR 57.11 347.92 32.9 A 4
022693.0 022693 0 PYRESH 58.37 344.56 32.6 A 4
022697.0 022697 0 ENGERO 59.86 342.77 18.4 A 4
022700.0 022700 0 MELISQ 57.96 340.57 14.8 A 4
022704.0 022704 0 MACHTH 55.97 341.46 13 A 4
022718.0 022718 0 ENGERO 44.87 362.06 47.8 A 4
022722.0 022722 0 MACHMU 42.08 363.82 72 A 4
022732.0 022732 0 ENGERO 49.61 365.56 33.2 A 4
022733.0 022733 0 ENGERO 46.16 365.17 18.8 A 4
022735.0 022735 0 CINNMI 49.27 369.17 50.5 A 4
022737.0 022737 0 SYMPTH 47.58 368.87 12.7 A 4
022741.0 022741 0 CASTCU 45.6 369.74 10.9 A 4
022756.0 022756 0 MACHTH 43.23 372.75 31.9 A 4
022765.0 022765 0 LITSAC 46.44 378.08 20.3 A 4
022775.0 022775 0 MELISQ 49.57 374.74 21.6 A 4
022794.0 022794 0 LIMLUR 51.94 373.48 14.4 A 4
022795.0 022795 0 CASTCU 54.51 373.05 21.2 A 4
022796.0 022796 0 GLOCAC 53.62 375.81 15.1 A 4
022806.0 022806 0 PRUNPH 56.53 377.03 11.6 A 4
022827.0 022827 0 ENGERO 57.05 373.85 24.1 A 4
022831.0 022831 0 PYRESH 59.45 374.2 15.9 A 4
022836.0 022836 0 LITSAC 54.61 360.39 11.5 A 4
022844.0 022844 0 MACHMU 50.86 367.13 10.7 A 4
022846.0 022846 0 ENGERO 52.45 368.45 12.8 A 4
022848.0 022848 0 WENDFO 53.36 366.84 14.2 A 4
022850.0 022850 0 LIMLUR 54.18 366.93 37.3 A 4
022856.0 022856 0 CASTCU 55.82 367.6 10.4 A 4
022860.0 022860 0 CASTCU 59.78 366.77 12.6 A 4
022871.0 022871 0 MELISQ 56.5 362.78 11.3 A 4
022878.0 022878 0 ENGERO 44.23 381.13 45 A 4
022879.0 022879 0 MACHMU 44.26 381.33 51 A 4
022887.0 022887 0 PYRESH 43.23 380.51 12.9 A 4
022895.0 022895 0 CYCLGI 41.09 385.95 32.9 A 4
022909.0 022909 0 CASTCU 48.91 388.23 18.8 A 4
022914.0 022914 0 MACHTH 47.27 381.16 12.1 A 4
022915.0 022915 0 SYMPTH 48.52 381.94 14.3 A 4
022917.0 022917 0 MELISQ 44.7 391.01 22 A 4
022922.0 022922 0 MACHTH 42.84 392.04 14.9 A 4
022923.0 022923 0 SCHEOC 41.74 393.35 35.9 A 4
022955.0 022955 0 LIMLUR 47.48 399.26 14.7 A 4
022957.0 022957 0 CASTCU 49.51 399.7 27.2 A 4
022961.0 022961 0 DIOSMO 49.48 396 24.1 A 4
022962.0 022962 0 MACHTH 49.75 395.92 11.2 A 4
022968.0 022968 0 LIMLUR 46.48 392.04 23.5 A 4
022970.0 022970 0 MACHMU 47.12 393.21 60.8 A 4
022975.0 022975 0 LIMLUR 51.54 391.41 22.3 A 4
022982.0 022982 0 CLEYJA 54.35 394.63 18.6 A 4
022984.0 022984 0 CINNMI 53.89 396.22 44.8 A 4
022985.0 022985 0 MACHTH 52.95 395.54 39.5 A 4
022997.0 022997 0 MACHTH 55.97 399.93 11 A 4
023001.0 023001 0 SYMPTH 59.04 397.27 11.5 A 4
023009.0 023009 0 CASTCU 57.49 390.78 17.7 A 4
023013.0 023013 0 SYMPTH 56.24 392.48 17.9 A 4
023015.0 023015 0 MACHMU 54.34 380.69 65.5 A 4
023016.0 023016 0 LITSAC 54.85 380.96 10.4 A 4
023022.0 023022 0 CASTCU 52.61 384.57 20.2 A 4
023027.0 023027 0 CINNMI 54.32 388.44 65.9 A 4
023035.0 023035 0 CASTCU 56.46 388.57 12.7 A 4
023038.0 023038 0 MACHMU 59.34 388.12 11.4 A 4
023040.0 023040 0 MACHZU 58.98 385.55 23.6 A 4
023043.0 023043 0 PYRESH 58.15 381.76 14.6 A 4
023047.0 023047 0 MACHTH 57.04 380.2 27.7 A 4
023052.0 023052 0 CLEYJA 45.05 320.35 15.4 A 4
023961.0 023961 0 ELAESY 52.56 319.3 17.8 A 4
031996.0 031996 0 CLEYJA 61.13 303.86 17.4 A 4
032000.0 032000 0 LIMLUR 64.65 302.95 29.3 A 4
032010.0 032010 0 CASTCU 62.62 309.65 38.2 A 4
032017.0 032017 0 ENGERO 67.64 308.56 12 A 4
032030.0 032030 0 LIMLUR 68.33 301.53 71.5 A 4
032038.0 032038 0 ILEXRO 68.1 303.18 13.5 A 4
032040.0 032040 0 MELISQ 61.23 311.02 17.3 A 4
032042.0 032042 0 SYMPTH 62.61 313.9 17.5 A 4
032045.0 032045 0 MELISQ 64.43 313.99 18.8 A 4
032064.0 032064 0 MELISQ 65.97 319.7 18.6 A 4
032067.0 032067 0 SYMPTH 68.53 318.66 13.2 A 4
032083.0 032083 0 MELISQ 71.23 311.64 9.6 A 4
032094.0 032094 0 GLOCAC 73.47 314.34 19.3 A 4
032098.0 032098 0 LIMLUR 70.58 319.06 25.7 A 4
032106.0 032106 0 DAPHGL 74.44 317.99 25.2 A 4
032108.0 032108 0 MACHTH 74.24 316.33 10 A 4
032111.0 032111 0 ELAEJA 75.14 315.76 12.3 A 4
032115.0 032115 0 LITSAC 76.12 315.89 11.3 A 4
032120.0 032120 0 ENGERO 75.69 317.57 11.2 A 4
032132.0 032132 0 CASTCU 78.3 313.32 18.1 A 4
032138.0 032138 0 ILEXFI 72.69 304.46 11.1 A 4
032147.0 032147 0 MACHMU 74.87 306.22 19.9 A 4
032151.0 032151 0 MELISQ 76.54 308.23 14 A 4
032153.0 032153 0 LITSAC 78.91 308.73 21.5 A 4
032154.0 032154 0 RANDCO 79 308.57 9.7 A 4
032155.0 032155 0 CASTCU 78.91 306.19 12.1 A 4
032160.0 032160 0 MELISQ 78.23 304.98 22 A 4
032174.0 032174 0 CASTCU 60.92 326.74 15.2 A 4
032185.0 032185 0 CASTCU 64.45 329.65 19.1 A 4
032192.0 032192 0 CASTCU 62.37 325.25 31.8 A 4
032194.0 032194 0 CASTCU 66.24 325.79 44.1 A 4
032196.0 032196 0 CINNMI 66.3 328.87 10.4 A 4
032200.0 032200 0 LIMLUR 68.79 329.8 49.2 A 4
032204.0 032204 0 CASTCU 69.75 327.13 17.2 A 4
032215.0 032215 0 MELISQ 68.44 324.79 26.7 A 4
032219.0 032219 0 CINNSU 61.36 331.01 9.8 A 4
032226.0 032226 0 MACHTH 61.24 334.7 14.8 A 4
032239.0 032239 0 DIOSMO 60.85 337.5 17.8 A 4
032240.0 032240 0 DIOSMO 61.78 337.65 10.5 A 4
032245.0 032245 0 MACHTH 61.03 339.2 22.7 A 4
032252.0 032252 0 PYRESH 62.99 335.35 15.4 A 4
032254.0 032254 0 PYRESH 65.14 335.27 10 A 4
032256.0 032256 0 CASTCU 65.85 337.78 34.7 A 4
032266.0 032266 0 MACHTH 69.41 337 26.4 A 4
032268.0 032268 0 LIMLUR 65.36 330.38 17.7 A 4
032273.0 032273 0 LITSAC 67.49 330.62 23.3 A 4
032279.0 032279 0 SCHEOC 68.63 334.66 10.8 A 4
032296.0 032296 0 DIOSMO 70.51 334.36 40.3 A 4
032298.0 032298 0 RANDCO 71.29 333.93 9.6 A 4
032300.0 032300 0 MACHTH 73.18 334.73 27.5 A 4
032302.0 032302 0 DIOSMO 72.93 333.89 9.8 A 4
032306.0 032306 0 PRUNPH 74.57 332.08 15.3 A 4
032308.0 032308 0 SCHEOC 73.13 331.11 12.2 A 4
032309.0 032309 0 SCHEOC 73.18 335.54 9.7 A 4
032313.0 032313 0 ADINFO 70.9 339.21 12 A 4
032321.0 032321 0 CASTCU 76.66 335.21 15.3 A 4
032333.0 032333 0 ENGERO 78.44 332.23 19.7 A 4
032337.0 032337 0 CASTCU 79.1 332.45 23.8 A 4
032339.0 032339 0 RANDCO 72.49 320.22 13.5 A 4
032342.0 032342 0 GLOCAC 70.65 321.5 15.7 A 4
032354.0 032354 0 CASTCU 74.58 329.19 28.7 A 4
032355.0 032355 0 MACHTH 74.84 329.8 13.4 A 4
032359.0 032359 0 CASTCU 78.57 328.33 43.5 A 4
032364.0 032364 0 MELISQ 77.01 325.52 22.5 A 4
032366.0 032366 0 CASTCU 76.43 322.7 18.1 A 4
032368.0 032368 0 ELAEJA 79.01 324.51 28.5 A 4
032369.0 032369 0 ADINFO 79.17 320.84 11.2 A 4
032382.0 032382 0 MYRSSE 64.35 344.63 14.4 A 4
032388.0 032388 0 LITSAC 63.33 349.73 11.2 A 4
032396.0 032396 0 MELISQ 65.69 346.47 23.8 A 4
032405.0 032405 0 LIMLUR 65.38 343.96 30 A 4
032412.0 032412 0 SCHEOC 62.48 350.11 24 A 4
032427.0 032427 0 MELISQ 61.73 357.25 26.8 A 4
032431.0 032431 0 LITSAC 63.16 357.88 17 A 4
032438.0 032438 0 MACHTH 63.8 359.23 19.9 A 4
032439.0 032439 0 ENGERO 63.87 359.43 14.1 A 4
032448.0 032448 0 PRUNPH 67.46 356.15 12.7 A 4
032456.0 032456 0 LIMLUR 68.08 357.99 37.5 A 4
032462.0 032462 0 CLEYJA 67.34 350.76 11.1 A 4
032467.0 032467 0 MELISQ 65.24 352.47 21.4 A 4
032469.0 032469 0 CASTCU 66.1 354.27 63.9 A 4
032476.0 032476 0 LIMLUR 67.72 354.78 30.2 A 4
032483.0 032483 0 CLEYJA 69.31 352.98 23.4 A 4
032492.0 032492 0 GLOCAC 70.46 351.47 23.7 A 4
032511.0 032511 0 PYRESH 72.61 353.7 11.2 A 4
032513.0 032513 0 CYCLLO 74.54 351.97 12.8 A 4
032515.0 032515 0 CASTCU 71.3 355.34 17.8 A 4
032516.0 032516 0 ENGERO 71 355.99 10.4 A 4
032546.0 032546 0 MACHTH 76.47 359.07 13.2 A 4
032551.0 032551 0 MELISQ 77.38 351.13 24.3 A 4
032554.0 032554 0 DIOSMO 76.8 352.97 31.7 A 4
032559.0 032559 0 LITSAC 70.93 340.71 11 A 4
032561.0 032561 0 SCHEOC 72.18 341.45 11.2 A 4
032564.0 032564 0 CASTCU 71.07 342.23 32.9 A 4
032570.0 032570 0 DIOSMO 71.39 347.21 20.9 A 4
032576.0 032576 0 CASTCU 72.38 347.5 25.7 A 4
032589.0 032589 0 CASTCU 78.79 345.82 30.4 A 4
032590.0 032590 0 MACHTH 79.55 343.8 28.3 A 4
032593.0 032593 0 CLEYJA 60.99 360.93 15.2 A 4
032611.0 032611 0 CASTCU 64.75 364.17 35.4 A 4
032613.0 032613 0 CLEYJA 63.91 363.29 10.5 A 4
032617.0 032617 0 CASTCU 61.27 365.72 39.9 A 4
032627.0 032627 0 ELAEJA 64.24 369.54 23.8 A 4
032629.0 032629 0 CINNSU 64.06 365.65 15.8 A 4
032638.0 032638 0 LITSAC 66.19 369.58 14.7 A 4
032639.0 032639 0 CASTCU 65.75 369.77 10.4 A 4
032659.0 032659 0 PYRESH 68.8 363.28 24.9 A 4
032669.0 032669 0 LITSAC 63.49 371.67 20.4 A 4
032673.0 032673 0 SCHEOC 64.41 373.96 49.2 A 4
032674.0 032674 0 MACHTH 64.68 372.78 13.8 A 4
032686.0 032686 0 PRUNPH 64.65 377.78 17.7 A 4
032687.0 032687 0 WENDFO 63.63 377.94 18.6 A 4
032715.0 032715 0 ENGERO 69.27 377.31 11.4 A 4
032720.0 032720 0 GLOCAC 68.86 375.86 10.6 A 4
032721.0 032721 0 MACHTH 67.73 370.65 11.2 A 4
032722.0 032722 0 CASTCU 68.1 371.45 26.5 A 4
032733.0 032733 0 MELISQ 70.07 370.1 22 A 4
032740.0 032740 0 ENGERO 70.61 372.8 11.8 A 4
032742.0 032742 0 MELISQ 71.64 374.85 20.8 A 4
032747.0 032747 0 MYRSSE 74.21 373.46 11.1 A 4
032748.0 032748 0 CASTCU 73.72 373.14 24.7 A 4
032758.0 032758 0 CASTCU 73.91 372.28 23.3 A 4
032766.0 032766 0 PRUNPH 71.23 375.48 11.3 A 4
032775.0 032775 0 MYRSSE 72.18 378.8 11.7 A 4
032787.0 032787 0 LIMLUR 74.6 379.78 55.3 A 4
032821.0 032821 0 PYRESH 79.06 378.76 19.5 A 4
032825.0 032825 0 PYRESH 79.59 377.78 13.8 A 4
032830.0 032830 0 CASTCU 78.32 376.1 42.5 A 4
032849.0 032849 0 CASTCU 78.73 373.48 19.6 A 4
032850.0 032850 0 ELAEJA 78.73 372.88 9.7 A 4
032857.0 032857 0 RANDCO 79.68 374.64 11.3 A 4
032863.0 032863 0 MYRSSE 79.04 371.59 10.7 A 4
032865.0 032865 0 DIOSMO 78.36 371.09 34.9 A 4
032867.0 032867 0 MYRSSE 77.65 371.59 9.7 A 4
032874.0 032874 0 MACHTH 71.86 362.74 18.1 A 4
032879.0 032879 0 MELISQ 71.74 364.8 15.1 A 4
032896.0 032896 0 LITSAC 72.64 368.4 22.5 A 4
032901.0 032901 0 CASTCU 74.58 369.13 25.2 A 4
032915.0 032915 0 PYRESH 76.2 369.07 14.3 A 4
032929.0 032929 0 TRICDU 79.44 368.09 16.7 A 4
032963.0 032963 0 MELISQ 61.18 384.93 14.6 A 4
032982.0 032982 0 ADINFO 62.49 387.28 18.3 A 4
032993.0 032993 0 CASTCU 60.56 389.55 15.3 A 4
032995.0 032995 0 MELISQ 61.77 388.83 14.6 A 4
033001.0 033001 0 MYRSSE 64.58 389.61 10.6 A 4
033020.0 033020 0 PRUNPH 65.56 386.73 21 A 4
033049.0 033049 0 CASTCU 69.51 386.43 31.6 A 4
033055.0 033055 0 CASTCU 68.37 385.49 14.7 A 4
033058.0 033058 0 MACHTH 65.77 380.17 14.4 A 4
033062.0 033062 0 CLEYJA 65.31 381.86 19.7 A 4
033077.0 033077 0 CASTCU 68.42 384.93 12.3 A 4
033080.0 033080 0 MYRSSE 69.72 383.99 15.3 A 4
033088.0 033088 0 LITSAC 68.77 381.08 16.6 A 4
033098.0 033098 0 RANDCO 61 390.99 9.6 A 4
033107.0 033107 0 MYRSSE 63.74 392.17 10.2 A 4
033111.0 033111 0 CASTCU 64.89 394.97 19.8 A 4
033122.0 033122 0 LITSAC 62.98 390.74 12.5 A 4
033131.0 033131 0 MELISQ 60.44 396.19 16.7 A 4
033140.0 033140 0 LIMLUR 61.33 399.91 47 A 4
033150.0 033150 0 CASTCU 64.77 398.05 18.1 A 4
033153.0 033153 0 DIOSMO 64.43 397.13 36.9 A 4
033154.0 033154 0 SCHEOC 64.31 396.76 14.4 A 4
033160.0 033160 0 LIMLUR 65.79 399.64 27.5 A 4
033165.0 033165 0 LIMLUR 68.3 398.06 28.3 A 4
033168.0 033168 0 MELISQ 68.93 397.1 24 A 4
033179.0 033179 0 LIMLUR 65.46 392.03 30 A 4
033186.0 033186 0 ELAEJA 66.63 392.23 14.5 A 4
033188.0 033188 0 MYRSSE 66.68 392.91 10.1 A 4
033199.0 033199 0 MELISQ 68.36 393.48 18.6 A 4
033225.0 033225 0 ELAEJA 71.16 393.97 22.8 A 4
033248.0 033248 0 MELISQ 72.32 396.3 20.3 A 4
033255.0 033255 0 MELISQ 70.19 399.03 27.6 A 4
033264.0 033264 0 ENGERO 74.75 398.76 36.2 A 4
033268.0 033268 0 CASTCU 73.76 397.75 47.7 A 4
033269.0 033269 0 MACHTH 73.5 397.4 35.1 A 4
033279.0 033279 0 LIMLUR 76.91 391.11 39.7 A 4
033285.0 033285 0 ENGERO 75.93 392.47 39.5 A 4
033288.0 033288 0 MACHTH 76.56 394.58 18.1 A 4
033290.0 033290 0 CINNSU 79.04 392.35 16 A 4
033306.0 033306 0 SYMPTH 72.08 382.47 10.7 A 4
033324.0 033324 0 MACHTH 72.59 385.37 15.8 A 4
033336.0 033336 0 MACHTH 72.31 389.26 32.4 A 4
033337.0 033337 0 MELISQ 72.41 388.86 17.9 A 4
033338.0 033338 0 LIMLUR 72.2 388.35 38.5 A 4
033341.0 033341 0 LIMLUR 73.63 388.75 22.3 A 4
033354.0 033354 0 DIOSMO 72.59 386.46 49.8 A 4
033369.0 033369 0 MELISQ 78.51 388.8 10.9 A 4
033383.0 033383 0 MELISQ 77.46 382.18 23.6 A 4
042239.0 042239 0 GLOCAC 82.3 302.14 13.7 A 4
042243.0 042243 0 CASTCU 83.89 302.94 16.4 A 4
042246.0 042246 0 CASTCU 83.44 302.79 19.5 A 4
042251.0 042251 0 CASTCU 80.08 306.67 24 A 4
042257.0 042257 0 CLEYJA 82.82 307.82 11.9 A 4
042258.0 042258 0 PRUNPH 85.38 305.56 10.7 A 4
042264.0 042264 0 TRICDU 86.41 307.75 10.7 A 4
042270.0 042270 0 MACHTH 89.31 309.03 14.6 A 4
042274.0 042274 0 PYRESH 89 307.65 18.4 A 4
042275.0 042275 0 ELAEJA 88.81 307.34 14.5 A 4
042281.0 042281 0 CASTCU 85.11 302.67 28.7 A 4
042284.0 042284 0 MACHTH 86.13 304.22 24.7 A 4
042292.0 042292 0 MACHTH 88.27 302.77 12.1 A 4
042297.0 042297 0 LIMLUR 89.57 304.6 53.4 A 4
042299.0 042299 0 RANDCO 82.42 310.61 13.9 A 4
042303.0 042303 0 CASTCU 80.07 314.94 31.4 A 4
042308.0 042308 0 LITSAC 84.3 310.66 12.7 A 4
042309.0 042309 0 MELISQ 80.2 316.82 20.7 A 4
042317.0 042317 0 MELISQ 83.49 319.27 26 A 4
042321.0 042321 0 MACHTH 84.53 319.57 12.7 A 4
042325.0 042325 0 MACHMU 84.06 315.72 17.7 A 4
042329.0 042329 0 LITSAC 86.83 315.22 19.2 A 4
042335.0 042335 0 PYRESH 86.77 319.85 13.5 A 4
042336.0 042336 0 CLEYJA 87.66 319.73 20.2 A 4
042338.0 042338 0 MACHTH 88.03 318.52 18.2 A 4
042346.0 042346 0 LITSAC 87.64 313.22 12 A 4
042349.0 042349 0 LIMLUR 90.18 311.77 53.6 A 4
042354.0 042354 0 CINNMI 90.36 314.7 31.1 A 4
042357.0 042357 0 PRUNPH 93.43 312.81 16.5 A 4
042358.0 042358 0 ELAEJA 93.4 311.8 11.8 A 4
042366.0 042366 0 MACHTH 93.32 318.72 9.7 A 4
042368.0 042368 0 CINNSU 93.19 319.56 35.2 A 4
042381.0 042381 0 LIMLUR 90.97 318.77 45 A 4
042383.0 042383 0 CLEYJA 90.63 318.75 12.6 A 4
042385.0 042385 0 MELISQ 95.18 315.27 16.1 A 4
042388.0 042388 0 ELAEJA 95.7 316.47 10.5 A 4
042393.0 042393 0 CASTCU 95.56 319.3 14.5 A 4
042395.0 042395 0 SCHEOC 95.19 319.47 11.7 A 4
042399.0 042399 0 MACHMU 97.78 319.85 17.5 A 4
042405.0 042405 0 CYCLGI 99.81 316.67 12.1 A 4
042411.0 042411 0 CLEYJA 98.86 314.48 14.2 A 4
042418.0 042418 0 CASTCU 90.36 301.67 37 A 4
042423.0 042423 0 TRICDU 91.7 303.14 10.2 A 4
042425.0 042425 0 MACHTH 93.4 304 13.2 A 4
042429.0 042429 0 MYRSSE 92.99 304.95 11.2 A 4
042431.0 042431 0 DIOSMO 94.51 304.44 28.7 A 4
042438.0 042438 0 MELISQ 90.75 306.93 25.3 A 4
042444.0 042444 0 CASTCU 94.62 308.72 27.1 A 4
042450.0 042450 0 MACHMU 96.74 306.4 11.1 A 4
042451.0 042451 0 MYRSSE 97.88 306.43 13.4 A 4
042458.0 042458 0 RANDCO 99.35 306.29 9.7 A 4
042459.0 042459 0 CASTCU 95.28 301.63 18.5 A 4
042463.0 042463 0 CASTCU 95.04 302.95 49.9 A 4
042467.0 042467 0 ITEAPA 98.69 301.86 9.5 A 4
042487.0 042487 0 SYMPGL 83.39 328.84 15.8 A 4
042490.0 042490 0 HELIFO 84.68 329.46 9.8 A 4
042491.0 042491 0 ELAEJA 87.24 326.35 27.5 A 4
042497.0 042497 0 MACHTH 87.74 329.95 33.1 A 4
042501.0 042501 0 ELAEJA 88.44 325.35 11.8 A 4
042502.0 042502 0 DIOSMO 86.34 320.49 31 A 4
042505.0 042505 0 PYRESH 88.37 323.7 24.3 A 4
042513.0 042513 0 CINNMI 83.23 333.82 21.7 A 4
042529.0 042529 0 MELISQ 87.72 339.19 26.4 A 4
042530.0 042530 0 GLOCAC 88.23 339.48 13.3 A 4
042540.0 042540 0 CASTCU 87.78 334.66 32.6 A 4
042541.0 042541 0 PYRESH 87.79 332.89 9.6 A 4
042546.0 042546 0 MELISQ 91.17 331.94 19.7 A 4
042555.0 042555 0 HELIFO 92.13 334.97 10.6 A 4
042565.0 042565 0 MELISQ 92.1 339.47 24.6 A 4
042571.0 042571 0 ENGERO 95.76 339.54 50.2 A 4
042572.0 042572 0 MACHTH 96.54 339.95 12.2 A 4
042574.0 042574 0 MELISQ 97.51 339.67 31.4 A 4
042586.0 042586 0 DIOSMO 98.16 336.26 29.8 A 4
042587.0 042587 0 MACHTH 98.09 335.96 12.3 A 4
042591.0 042591 0 MELISQ 98.42 335.18 17.4 A 4
042594.0 042594 0 LIMLUR 96.31 330.58 38.5 A 4
042597.0 042597 0 MELISQ 95.99 332.7 9.6 A 4
042598.0 042598 0 CASTCU 96.83 333.53 19.5 A 4
042611.0 042611 0 MELISQ 92.11 321.91 19.1 A 4
042624.0 042624 0 LIMLUR 91.12 328.4 24.4 A 4
042634.0 042634 0 ELAEJA 94.61 326.96 29.9 A 4
042651.0 042651 0 MELISQ 97.39 320.74 10.1 A 4
042683.0 042683 0 DIOSMO 87.85 346.9 26.3 A 4
042688.0 042688 0 GLOCAC 89.62 345.38 12.4 A 4
042696.0 042696 0 LIMLUR 81.86 350.18 43.2 A 4
042698.0 042698 0 SYMPTH 82.25 351.36 22.7 A 4
042716.0 042716 0 CINNAU 86.56 357.45 9.8 A 4
042722.0 042722 0 CASTCU 87.42 359.94 24 A 4
042727.0 042727 0 RANDCO 88.29 358.22 13.3 A 4
042743.0 042743 0 MELISQ 89.85 355.17 9.8 A 4
042744.0 042744 0 ELAEJA 87.73 355.15 12.7 A 4
042750.0 042750 0 ELAEJA 88 352.78 16 A 4
042753.0 042753 0 CASTCU 92.05 351.57 17.8 A 4
042754.0 042754 0 MELISQ 92.08 351.29 11.6 A 4
042767.0 042767 0 CASTCU 93.39 354.87 12.3 A 4
042769.0 042769 0 LITSAC 93.83 354.98 12.8 A 4
042774.0 042774 0 ITEAPA 94.47 353.26 21.4 A 4
042777.0 042777 0 DIOSMO 90.97 355.31 50.7 A 4
042785.0 042785 0 CINNSU 90.52 358.28 10.6 A 4
042788.0 042788 0 SYMPTH 93.16 357 9.6 A 4
042792.0 042792 0 MELISQ 93.73 359.92 10.6 A 4
042811.0 042811 0 MACHTH 95.9 358.32 18.5 A 4
042814.0 042814 0 ADINFO 98.66 358.99 10.7 A 4
042816.0 042816 0 MACHMU 99.5 359.48 12 A 4
042821.0 042821 0 MELISQ 99.81 352.55 42.7 A 4
042827.0 042827 0 PYRESH 97.76 354.22 11 A 4
042828.0 042828 0 CINNSU 98.43 354.24 23.1 A 4
042831.0 042831 0 ENGERO 98.81 352.88 21.4 A 4
042832.0 042832 0 DIOSMO 98.29 350.62 32.4 A 4
042849.0 042849 0 MELISQ 94.38 344.98 22.3 A 4
042863.0 042863 0 CYCLGI 91.1 348.89 19.4 A 4
042868.0 042868 0 MELISQ 94.13 349.63 12.1 A 4
042869.0 042869 0 LITSAC 94.58 348.48 36.2 A 4
042887.0 042887 0 MELISQ 98.59 347.28 12.5 A 4
042891.0 042891 0 ENGERO 99.33 346.91 37.9 A 4
042915.0 042915 0 CINNSU 80.76 362.97 21.7 A 4
042923.0 042923 0 ELAEJA 80.9 364.98 20.1 A 4
042932.0 042932 0 DIOSMO 82.85 363.28 15.9 A 4
042934.0 042934 0 MELISQ 83.55 362.53 19.9 A 4
042935.0 042935 0 ENGERO 82.68 361.87 17.1 A 4
042936.0 042936 0 SYMPTH 83.55 361.7 14.1 A 4
042939.0 042939 0 MELISQ 84.11 362.14 23.7 A 4
042944.0 042944 0 MELISQ 81.59 365.69 13 A 4
042947.0 042947 0 MACHTH 81.8 367.67 14.7 A 4
042965.0 042965 0 DIOSMO 84.85 365.71 20.2 A 4
042969.0 042969 0 MELISQ 86.61 365.89 12 A 4
042974.0 042974 0 MACHTH 85.83 367.75 22.8 A 4
042981.0 042981 0 ENGERO 88.84 368.83 14.4 A 4
042989.0 042989 0 CASTCU 87.02 360.52 38.3 A 4
043014.0 043014 0 MACHTH 82.69 374.73 44.3 A 4
043018.0 043018 0 LIMLUR 83.73 374.58 63.1 A 4
043020.0 043020 0 ELAEJA 84.23 370.4 19.6 A 4
043033.0 043033 0 DIOSMO 80.05 379.7 33.1 A 4
043034.0 043034 0 ITEAPA 82.95 379.65 19.8 A 4
043039.0 043039 0 PYRESH 84.95 376.81 11.5 A 4
043044.0 043044 0 MELISQ 86.75 377.52 12.4 A 4
043046.0 043046 0 CLEYJA 85.26 378.53 19.7 A 4
043056.0 043056 0 MELISQ 86.28 370.28 16 A 4
043060.0 043060 0 GLOCAC 87.01 371.75 25.3 A 4
043067.0 043067 0 ADINFO 90.9 371.29 10 A 4
043083.0 043083 0 LITSAC 94.35 376.8 39.5 A 4
043097.0 043097 0 MACHMU 98.23 372.35 41.2 A 4
043100.0 043100 0 LITSAC 99.79 373.49 19.2 A 4
043104.0 043104 0 LITSAC 95.36 371.66 21.8 A 4
043108.0 043108 0 LITSAC 91.81 361.83 31 A 4
043118.0 043118 0 DIOSMO 92.61 366.12 31.3 A 4
043133.0 043133 0 CASTCU 93.43 366.32 20.8 A 4
043136.0 043136 0 CINNSU 95.43 365.78 14.3 A 4
043139.0 043139 0 CINNMI 97.79 368.32 34.9 A 4
043142.0 043142 0 LITSAC 97.79 365.48 16.7 A 4
043143.0 043143 0 LITSAC 97.27 365.83 16.6 A 4
043146.0 043146 0 MACHTH 97.51 365.17 55.6 A 4
043155.0 043155 0 CASTCU 97.47 360.81 18.3 A 4
043159.0 043159 0 MACHTH 82.55 380.82 17.5 A 4
043167.0 043167 0 LITSAC 82.96 383.92 35.4 A 4
043171.0 043171 0 MELISQ 84.06 382.37 18.3 A 4
043185.0 043185 0 MELISQ 83.19 387.41 21.2 A 4
043188.0 043188 0 CYCLGI 85.12 386.54 11.9 A 4
043206.0 043206 0 LITSAC 89.08 384.48 49.6 A 4
043221.0 043221 0 MELISQ 80.95 399.17 12.5 A 4
043232.0 043232 0 MACHMU 87.96 396.47 72.8 A 4
043233.0 043233 0 ENGERO 88.49 394.23 62.4 A 4
043236.0 043236 0 SYMPGL 88.39 394.47 18.2 A 4
043237.0 043237 0 HELIFO 89.03 394.09 9.8 A 4
043248.0 043248 0 SCHEOC 91.5 398.18 17 A 4
043261.0 043261 0 MACHTH 90.1 382.63 41.1 A 4
043264.0 043264 0 HELIFO 93.09 383.99 12.8 A 4
043269.0 043269 0 MACHMU 93.9 383.31 18.2 A 4
043272.0 043272 0 MACHTH 90.31 387.94 28.1 A 4
043284.0 043284 0 CINNMI 96.16 389.6 63.6 A 4
043285.0 043285 0 SCHEOC 95.89 389.97 16.4 A 4
043287.0 043287 0 ADINFO 99.03 388.25 10.2 A 4
046185.0 046185 0 RANDCO 89.37 304.49 11.5 A 4
050598.0 050598 0 HELIFO 100.36 101.06 10 A 7
050614.0 050614 0 MACHTH 101.97 106.96 32.3 A 7
050619.0 050619 0 LITSAC 103.97 108.82 20.4 A 7
050627.0 050627 0 MACHMU 106.81 108.21 14.3 A 7
050631.0 050631 0 PRUNPH 107.05 109.6 11.1 A 7
050640.0 050640 0 LITSAC 109.42 105.37 14.7 A 7
050648.0 050648 0 PRUNPH 107.05 103.26 12.7 A 7
050649.0 050649 0 MACHMU 107.31 102.97 32.9 A 7
050651.0 050651 0 LITSAC 108.33 102.4 15.1 A 7
050658.0 050658 0 PRUNPH 109.15 100.93 14.3 A 7
050674.0 050674 0 HELIFO 103.93 117.41 9.8 A 7
050683.0 050683 0 MACHMU 107.04 113.49 27.2 A 7
050688.0 050688 0 LITSAC 108.93 113.89 41.5 A 7
050689.0 050689 0 PRUNPH 109.77 113.63 14.7 A 7
050705.0 050705 0 SCHEOC 110.72 119.68 12 A 7
050706.0 050706 0 MACHMU 111.05 119.41 33.4 A 7
050711.0 050711 0 LITSAC 117.44 118.5 17.5 A 7
050721.0 050721 0 CASTCU 117.76 113.8 42.9 A 7
050724.0 050724 0 LITSAC 119.33 113.28 23.9 A 7
050726.0 050726 0 PRUNPH 119.14 110.84 17.7 A 7
050732.0 050732 0 HELIFO 113.97 101.69 14.6 A 7
050747.0 050747 0 MACHTH 114.04 107.34 23.8 A 7
050751.0 050751 0 MACHTH 114.89 105.71 38.9 A 7
050752.0 050752 0 PRUNPH 115.14 105.58 11.4 A 7
050754.0 050754 0 LITSAC 115.12 106.33 15.3 A 7
050766.0 050766 0 RHUSSU 119.55 108.45 23.7 A 7
050767.0 050767 0 HELIFO 119.61 108.04 10.3 A 7
050768.0 050768 0 LITSAC 119.52 105.65 15.9 A 7
050770.0 050770 0 CLEYJA 115.32 104.71 9.8 A 7
050774.0 050774 0 HELIFO 119.77 101.49 12.1 A 7
050779.0 050779 0 ENGERO 101.3 123.73 12.9 A 7
050782.0 050782 0 MACHMU 103.02 124.27 56.5 A 7
050788.0 050788 0 LITSAC 103.16 128.53 20 A 7
050793.0 050793 0 SCHEOC 106.12 126.23 17.8 A 7
050794.0 050794 0 ENGERO 107.42 127.03 10.9 A 7
050795.0 050795 0 MELISQ 105.12 129.81 20.3 A 7
050804.0 050804 0 LITSAC 108.79 123.48 12.2 A 7
050808.0 050808 0 SCHEOC 102.49 132.45 17.5 A 7
050810.0 050810 0 ENGERO 102.07 133.53 23.6 A 7
050820.0 050820 0 MELISQ 108.35 136.87 26.3 A 7
050823.0 050823 0 LITSAC 106.06 132.43 35.4 A 7
050833.0 050833 0 MELISQ 107.38 130.45 14.9 A 7
050843.0 050843 0 CYCLGI 114.77 132.13 25.8 A 7
050846.0 050846 0 MACHMU 110.48 138.75 47.5 A 7
050849.0 050849 0 HELIFO 115.58 137.54 13.3 A 7
050850.0 050850 0 ENGERO 116.56 137.72 16.4 A 7
050855.0 050855 0 MELISQ 118.17 139.95 23.4 A 7
050857.0 050857 0 MACHTH 119.55 138.5 49.8 A 7
050865.0 050865 0 LIMLUR 119.37 134.12 53.5 A 7
050881.0 050881 0 PRUNPH 110.68 127.45 20.3 A 7
050882.0 050882 0 MACHMU 110.9 128.05 59.6 A 7
050883.0 050883 0 GLOCAC 111.19 128.28 16.5 A 7
050886.0 050886 0 LITSAC 113.06 129.13 14.8 A 7
050890.0 050890 0 SYMPTH 114.67 127.52 11.9 A 7
050898.0 050898 0 CYCLGI 119.37 128.36 33.9 A 7
050900.0 050900 0 MELISQ 118.62 121.6 26.2 A 7
050901.0 050901 0 LIMLUR 101.56 140.88 31.4 A 7
050902.0 050902 0 PRUNPH 101.19 140.85 9.9 A 7
050904.0 050904 0 SCHEOC 100.29 141.9 30.7 A 7
050914.0 050914 0 MACHTH 100.39 146.32 35.7 A 7
050918.0 050918 0 LIMLUR 102.71 147.55 16.7 A 7
050921.0 050921 0 MELISQ 100.89 149.74 18.2 A 7
050943.0 050943 0 MELISQ 109.54 149.51 22.1 A 7
050944.0 050944 0 SYMPTH 109.48 149.33 16.6 A 7
050958.0 050958 0 ENGERO 105.22 140.69 10.2 A 7
050963.0 050963 0 LITSAC 105.96 144.83 40 A 7
050965.0 050965 0 CINNMI 108.66 144.87 35.5 A 7
050968.0 050968 0 CASTCU 109.74 141.97 36.8 A 7
050974.0 050974 0 LITSAC 100.75 153.46 27.9 A 7
050978.0 050978 0 CASTCU 101.56 154.14 51.3 A 7
050982.0 050982 0 LITSAC 101.99 153.64 14 A 7
050988.0 050988 0 PYRESH 103.97 152.4 9.6 A 7
050989.0 050989 0 MELISQ 103.75 152 16.3 A 7
050990.0 050990 0 LIMLUR 105.52 151.78 26.2 A 7
050993.0 050993 0 GORDAX 102.66 156.8 10.2 A 7
050997.0 050997 0 MELISQ 103.43 159.02 11.7 A 7
051004.0 051004 0 MELISQ 105.83 157.5 11.6 A 7
051005.0 051005 0 MACHTH 105.38 157.17 19.5 A 7
051008.0 051008 0 CASTCU 106.31 158.21 21.5 A 7
051010.0 051010 0 PYRESH 106.64 158.21 10 A 7
051011.0 051011 0 MACHMU 108.52 158.31 33.4 A 7
051012.0 051012 0 CASTCU 108.62 159.74 23.1 A 7
051015.0 051015 0 MELISQ 109.51 157.42 12.7 A 7
051016.0 051016 0 GORDAX 108.7 157.47 22.9 A 7
051018.0 051018 0 GLOCAC 109.47 156.39 12.4 A 7
051022.0 051022 0 PYRESH 107.19 150.78 10.4 A 7
051024.0 051024 0 LITSAC 107.61 153.48 20.7 A 7
051025.0 051025 0 MACHTH 107.45 153.05 10.4 A 7
051045.0 051045 0 CYCLGI 110.28 154.47 14.3 A 7
051046.0 051046 0 MELISQ 110.31 154.94 17.6 A 7
051048.0 051048 0 MACHTH 112.3 153.96 14.9 A 7
051053.0 051053 0 SCHEOC 111.12 158.2 20.6 A 7
051056.0 051056 0 DIOSMO 118.98 157.08 34.2 A 7
051058.0 051058 0 MELISQ 119.33 155.91 25.6 A 7
051059.0 051059 0 MELISQ 115.26 153.06 20.4 A 7
051062.0 051062 0 CLEYJA 117.96 152.18 19.1 A 7
051064.0 051064 0 MELISQ 116.79 151.04 21.6 A 7
051075.0 051075 0 PYRESH 113.18 143.89 20.2 A 7
051076.0 051076 0 SCHEOC 113.93 144.29 10.4 A 7
051078.0 051078 0 MELISQ 114.37 144.88 24 A 7
051089.0 051089 0 LITSAC 114.91 146.92 39.3 A 7
051090.0 051090 0 MELISQ 116.15 147.25 10.1 A 7
051092.0 051092 0 GLOCAC 115.94 148.02 11 A 7
051100.0 051100 0 MACHMU 119.94 149.9 17.7 A 7
051104.0 051104 0 CASTCU 118.96 147.13 12.7 A 7
051109.0 051109 0 MACHMU 115.62 144.24 12.9 A 7
051119.0 051119 0 PYRESH 100.59 160.47 14.2 A 7
051121.0 051121 0 CLEYJA 102.18 161.3 17 A 7
051136.0 051136 0 CYCLLO 102.14 165.69 23.7 A 7
051138.0 051138 0 LITSAC 103.28 165.66 22.8 A 7
051141.0 051141 0 ELAEJA 100.39 166.46 25.4 A 7
051142.0 051142 0 DIOSMO 100.48 166.73 23.6 A 7
051148.0 051148 0 MYRSSE 102.03 168.9 11.4 A 7
051151.0 051151 0 CINNMI 102.68 169.16 16.2 A 7
051153.0 051153 0 LIMLUR 104.43 169.38 16.1 A 7
051160.0 051160 0 PYRESH 105.9 166.9 12 A 7
051167.0 051167 0 MYRSSE 107.42 168.49 10.8 A 7
051176.0 051176 0 LIMLUR 109.44 167.77 22.4 A 7
051186.0 051186 0 CASTCU 106.91 164.67 40.1 A 7
051191.0 051191 0 CASTCU 108.9 163.51 14.8 A 7
051195.0 051195 0 MELISQ 109.4 161.03 22 A 7
051207.0 051207 0 MELISQ 102.27 174.9 14.8 A 7
051208.0 051208 0 ELAEJA 102.52 174.97 21.3 A 7
051211.0 051211 0 MYRSSE 104.08 174.85 10.5 A 7
051212.0 051212 0 MACHTH 104.88 171.68 15.3 A 7
051216.0 051216 0 RANDCO 101.77 175.82 13.8 A 7
051217.0 051217 0 PASAHR 101.37 176.5 11 A 7
051222.0 051222 0 CASTCU 100.52 179.64 10 A 7
051223.0 051223 0 MELISQ 100.38 179.73 21.8 A 7
051232.0 051232 0 MYRSSE 105.96 176.03 10.4 A 7
051233.0 051233 0 MELISQ 106.24 176.62 17.6 A 7
051234.0 051234 0 PYRESH 105.12 178.05 12.5 A 7
051239.0 051239 0 MACHMU 106.1 179.55 19.2 A 7
051240.0 051240 0 ELAEJA 106.24 179.82 35.1 A 7
051241.0 051241 0 MELISQ 106.71 179.94 15.8 A 7
051242.0 051242 0 RANDCO 107.24 179.63 9.7 A 7
051250.0 051250 0 LITSAC 109.25 177.47 16.5 A 7
051253.0 051253 0 DIOSMO 108.71 175.45 11.4 A 7
051254.0 051254 0 SCHEOC 105.43 170.74 14.9 A 7
051257.0 051257 0 DIOSMO 106.4 173.08 20.5 A 7
051258.0 051258 0 DIOSMO 106.24 174.84 12.5 A 7
051260.0 051260 0 ELAEJA 108.49 173.8 12.7 A 7
051262.0 051262 0 HELIFO 108.53 172.17 11.2 A 7
051269.0 051269 0 MELISQ 114.54 173.51 18.6 A 7
051272.0 051272 0 MACHTH 114.92 171.06 24 A 7
051274.0 051274 0 MACHTH 109.95 175.33 18.2 A 7
051281.0 051281 0 SCHEOC 110.11 178.94 16.3 A 7
051282.0 051282 0 MYRSSE 110.88 178.52 9.6 A 7
051283.0 051283 0 MELISQ 110.44 179.4 25.7 A 7
051285.0 051285 0 MYRIRU 111.22 179.74 12.9 A 7
051289.0 051289 0 MACHTH 114.35 176.47 16.4 A 7
051293.0 051293 0 DIOSMO 115.14 176.03 17.3 A 7
051294.0 051294 0 MELISQ 115.96 176.17 10.9 A 7
051295.0 051295 0 MACHTH 116.98 177.98 12.9 A 7
051296.0 051296 0 CASTCU 117 177.58 26.6 A 7
051300.0 051300 0 ELAEJA 115.99 172.11 12 A 7
051301.0 051301 0 MELISQ 116.5 172.31 10.7 A 7
051304.0 051304 0 RANDCO 115.01 174.2 12.3 A 7
051311.0 051311 0 DIOSMO 117.62 173.79 12 A 7
051319.0 051319 0 CASTCU 110.95 160.11 29.2 A 7
051322.0 051322 0 MELISQ 110.93 165.89 10 A 7
051329.0 051329 0 LIMLUR 114.53 165.98 29 A 7
051331.0 051331 0 EHRELO 115.82 165.82 14.9 A 7
051333.0 051333 0 MELISQ 118.03 166.02 12.6 A 7
051345.0 051345 0 SCHEOC 115.7 162.89 16 A 7
051348.0 051348 0 MACHTH 100.65 181.29 34.9 A 7
051352.0 051352 0 CYCLLO 100.19 184.94 12.8 A 7
051354.0 051354 0 ELAEJA 103.19 184.44 16.8 A 7
051356.0 051356 0 DIOSMO 104.41 183.99 16.7 A 7
051357.0 051357 0 CASTCU 103.56 181.05 17.5 A 7
051368.0 051368 0 CASTCU 101.9 188.32 68 A 7
051369.0 051369 0 GLOCAC 104.18 189.11 11.2 A 7
051377.0 051377 0 MELISQ 105.83 185.35 21 A 7
051385.0 051385 0 MYRSSE 109.69 189.75 16.2 A 7
051389.0 051389 0 MACHTH 105.55 180.61 11.2 A 7
051391.0 051391 0 CLEYJA 105.58 181.19 11.6 A 7
051396.0 051396 0 MACHTH 109.35 184.3 25.6 A 7
051397.0 051397 0 LITSAC 109.54 184.67 10.9 A 7
051404.0 051404 0 LIMLUR 100.45 190.82 35.5 A 7
051415.0 051415 0 LIMLUR 104.87 197.35 10.1 A 7
051422.0 051422 0 ITEAPA 106.46 197.24 31.5 A 7
051429.0 051429 0 LITSAC 108.44 198.67 18.2 A 7
051438.0 051438 0 MACHMU 105.24 194.1 9.9 A 7
051440.0 051440 0 MELISQ 106.56 193.75 25.2 A 7
051454.0 051454 0 TRICDU 111.22 192.06 10.9 A 7
051455.0 051455 0 CASTCU 111.98 193.63 24.6 A 7
051465.0 051465 0 MACHTH 111.06 195.15 14.2 A 7
051482.0 051482 0 MELISQ 114.17 199.24 13 A 7
051496.0 051496 0 MELISQ 116.56 197.13 26.7 A 7
051509.0 051509 0 CASTCU 116 190.75 37.7 A 7
051510.0 051510 0 GLOCAC 116.16 190.76 24.7 A 7
051512.0 051512 0 RANDCO 117.99 194.56 12.3 A 7
051524.0 051524 0 CYCLLO 111.17 181.15 10.8 A 7
051527.0 051527 0 ELAEJA 111.68 181.97 20.6 A 7
051528.0 051528 0 CLEYJA 110.88 181.46 21.7 A 7
051534.0 051534 0 HELIFO 114.35 184.67 10.3 A 7
051538.0 051538 0 MELISQ 110.04 186.19 20.1 A 7
051545.0 051545 0 LIMLUR 112.57 188.01 11 A 7
051555.0 051555 0 DIOSMO 114.72 185.52 41.4 A 7
051557.0 051557 0 MACHTH 115.56 186.67 17.2 A 7
051560.0 051560 0 CYCLLO 116.57 186.8 13.4 A 7
051565.0 051565 0 HELIFO 119.86 187.91 10 A 7
051586.0 051586 0 PYRESH 117.85 181.52 15.5 A 7
051588.0 051588 0 PASAHR 101.15 204.07 24.1 A 8
051589.0 051589 0 SCHEOC 102.64 202.24 12 A 8
051593.0 051593 0 LIMLUR 102.51 209.97 31 A 8
051594.0 051594 0 SYMPGL 107.31 209.23 12 A 8
051596.0 051596 0 ITEAPA 108.57 208.59 12.3 A 8
051601.0 051601 0 MACHTH 105.95 200.3 23 A 8
051603.0 051603 0 DIOSMO 105.99 204.17 11.5 A 8
051604.0 051604 0 SCHEOC 109.05 204.93 12.9 A 8
051607.0 051607 0 MELISQ 109.91 204.41 12.6 A 8
051611.0 051611 0 MELISQ 109.31 202.4 9.9 A 8
051615.0 051615 0 MELISQ 109.15 200.39 10.7 A 8
051620.0 051620 0 MELISQ 100.76 210.71 15.7 A 8
051624.0 051624 0 ELAEJA 102.18 212.94 26 A 8
051630.0 051630 0 LITSAC 101.97 214.85 25.3 A 8
051631.0 051631 0 PYRESH 104 214.71 19 A 8
051638.0 051638 0 ELAEJA 104.84 213.41 15.2 A 8
051641.0 051641 0 MACHTH 104.28 211.84 21.8 A 8
051647.0 051647 0 SCHEOC 100.71 218.55 11.5 A 8
051655.0 051655 0 MACHZU 102.69 219.03 26.7 A 8
051663.0 051663 0 CASTCU 103.5 216.25 15.2 A 8
051665.0 051665 0 PYRESH 105.66 217.4 10 A 8
051672.0 051672 0 MELISQ 109.04 217.67 10.8 A 8
051679.0 051679 0 MACHTH 107.92 217.4 11.4 A 8
051688.0 051688 0 ITEAPA 108.53 215.21 20.3 A 8
051692.0 051692 0 MACHTH 105.06 211.91 27.3 A 8
051696.0 051696 0 LIMLUR 105.43 214.77 24.8 A 8
051705.0 051705 0 MELISQ 109.3 212 13.6 A 8
051706.0 051706 0 MELISQ 108.96 211.09 11.4 A 8
051707.0 051707 0 MACHTH 108.39 210.99 15.1 A 8
051708.0 051708 0 CASTCU 108.32 211.26 23.3 A 8
051710.0 051710 0 MACHMU 107.31 210.98 9.7 A 8
051714.0 051714 0 LIMLUR 111.4 212.89 39.3 A 8
051718.0 051718 0 ELAEJA 110.48 215.49 22.8 A 8
051720.0 051720 0 PYRESH 110.49 216.94 10.7 A 8
051721.0 051721 0 PRUNPH 111.59 218.35 11.1 A 8
051728.0 051728 0 SYMPTH 114.97 217.48 10.3 A 8
051729.0 051729 0 MACHTH 114.58 217.06 19.8 A 8
051730.0 051730 0 MACHTH 114.06 215.71 36.3 A 8
051731.0 051731 0 LIMLUR 115.86 217.41 16.3 A 8
051744.0 051744 0 LIMLUR 117.99 216.43 27.9 A 8
051745.0 051745 0 CASTCU 115.97 213.77 16.9 A 8
051747.0 051747 0 MELISQ 118.09 214.31 21.6 A 8
051757.0 051757 0 MACHTH 117.54 210.76 18.3 A 8
051764.0 051764 0 CLEYJA 111.39 200.62 10.3 A 8
051767.0 051767 0 MACHTH 111.76 203.73 11.5 A 8
051771.0 051771 0 LITSAC 114.95 203.21 14.2 A 8
051775.0 051775 0 MELISQ 114.97 201.49 11.1 A 8
051777.0 051777 0 MACHTH 114 200.45 9.9 A 8
051779.0 051779 0 RANDCO 111.5 205.11 13.1 A 8
051781.0 051781 0 CYCLLO 112.06 205.49 9.7 A 8
051783.0 051783 0 ELAEJA 112.03 206.54 20.5 A 8
051784.0 051784 0 LIMLUR 111.59 207.66 11 A 8
051786.0 051786 0 GLOCAC 112.41 208 17 A 8
051804.0 051804 0 MELISQ 119.26 209.36 28.5 A 8
051808.0 051808 0 LIMLUR 116.56 202.43 12 A 8
051810.0 051810 0 MACHTH 117.2 204.87 25.9 A 8
051813.0 051813 0 MELISQ 119.71 204.93 12.8 A 8
051816.0 051816 0 MACHTH 118.21 202.56 23 A 8
051823.0 051823 0 ELAEJA 101.36 222.07 29.1 A 8
051824.0 051824 0 RANDCO 101.86 222.4 9.9 A 8
051826.0 051826 0 SYMPSO 100.97 224.56 15.4 A 8
051828.0 051828 0 PYRESH 104.51 222.04 9.6 A 8
051830.0 051830 0 LITSAC 103.43 220.63 10.6 A 8
051831.0 051831 0 CASTCU 102.97 220.26 27.3 A 8
051835.0 051835 0 SYMPTH 106.4 228.33 11.9 A 8
051839.0 051839 0 CASTCU 108.29 229.16 9.9 A 8
051840.0 051840 0 MACHTH 108.17 228.79 17.4 A 8
051841.0 051841 0 CYCLLO 107.35 228.49 21 A 8
051850.0 051850 0 MACHZU 105.97 224.1 21 A 8
051856.0 051856 0 GLOCAC 108.94 224.68 14 A 8
051857.0 051857 0 PRUNPH 109.65 224.71 13.6 A 8
051858.0 051858 0 CASTCU 108.08 224.19 12.6 A 8
051859.0 051859 0 MACHZU 108.29 223.05 28.4 A 8
051865.0 051865 0 ENGERO 100.44 231.15 19 A 8
051869.0 051869 0 SYMPTH 104.57 230.17 11.8 A 8
051872.0 051872 0 MACHTH 103.54 230.16 33.5 A 8
051875.0 051875 0 CLEYJA 102.42 238.15 14.5 A 8
051877.0 051877 0 GLOCAC 104.69 237.43 14.6 A 8
051880.0 051880 0 MELISQ 107.54 239.21 16 A 8
051881.0 051881 0 CASTCU 105.78 238.23 35 A 8
051884.0 051884 0 SCHEOC 109.34 234.27 16.9 A 8
051896.0 051896 0 MACHTH 116.71 237.77 34.8 A 8
051897.0 051897 0 LIMLUR 118.4 239 29.5 A 8
051899.0 051899 0 CASTCU 118.91 235.51 38.6 A 8
051909.0 051909 0 CASTCU 117.93 230.81 21.1 A 8
051910.0 051910 0 PYRESH 117.31 232.18 9.7 A 8
051915.0 051915 0 LITSAC 112.69 225.59 15.2 A 8
051924.0 051924 0 SCHEOC 113.73 227.88 16.5 A 8
051926.0 051926 0 CLEYJA 116.27 226.15 16 A 8
051928.0 051928 0 RANDCO 117.88 227.25 15.3 A 8
051929.0 051929 0 LIMLUR 118.47 229.2 17.5 A 8
051931.0 051931 0 ELAEJA 119.27 228.73 30.5 A 8
051933.0 051933 0 MACHZU 118.98 227.57 36.9 A 8
051947.0 051947 0 CASTCU 118.05 224.37 18.9 A 8
051949.0 051949 0 MACHTH 119.37 223.06 10.6 A 8
051960.0 051960 0 DIOSMO 102.69 240.2 38.2 A 8
051962.0 051962 0 MACHTH 101.77 247.21 21.7 A 8
051966.0 051966 0 CASTCU 101.1 247.81 43.7 A 8
051970.0 051970 0 MACHZU 104.03 247.88 28.8 A 8
051971.0 051971 0 OSMAMA 105.11 248.4 20.2 A 8
051979.0 051979 0 CASTCU 107.21 247.79 23 A 8
051985.0 051985 0 LIMLUR 106.57 242.11 13.9 A 8
051988.0 051988 0 RANDCO 107.51 242.03 14.4 A 8
051991.0 051991 0 PYRESH 109.35 244.33 19.5 A 8
051994.0 051994 0 RANDCO 108.6 242.23 12.5 A 8
051998.0 051998 0 LITSAC 100.72 254.03 19.8 A 8
052007.0 052007 0 CASTCU 102.08 255.11 11.6 A 8
052009.0 052009 0 SYMPTH 101 256.63 13.8 A 8
052011.0 052011 0 CASTCU 101.73 259.71 25 A 8
052013.0 052013 0 CINNSU 102.24 259.64 20 A 8
052014.0 052014 0 CASTCU 102.82 259.61 11.5 A 8
052020.0 052020 0 RANDCO 104.06 256.93 9.9 A 8
052022.0 052022 0 DIOSMO 105.33 256 12.8 A 8
052032.0 052032 0 LIMLUR 106.09 250.69 42.5 A 8
052035.0 052035 0 LIMLUR 106.36 251.87 39.7 A 8
052044.0 052044 0 PYRESH 107.64 251.97 12.5 A 8
052045.0 052045 0 CASTCU 108.6 251.86 21.4 A 8
052046.0 052046 0 MACHTH 108.39 251.57 22.4 A 8
052053.0 052053 0 CASTCU 114.85 252.87 27.4 A 8
052054.0 052054 0 DIOSMO 110.48 255.17 15.6 A 8
052056.0 052056 0 CRYPCH 110.12 256.8 14.1 A 8
052064.0 052064 0 MACHMU 116.67 256.63 17.6 A 8
052074.0 052074 0 GLOCAC 115.72 254.36 19 A 8
052083.0 052083 0 CYCLLO 110.08 244.57 15.5 A 8
052086.0 052086 0 ENGERO 114.26 241.23 15.4 A 8
052087.0 052087 0 CINNSU 111.78 245.48 32.9 A 8
052089.0 052089 0 LIMLUR 110.34 248.7 17.6 A 8
052090.0 052090 0 CYCLLO 110.44 249.33 9.6 A 8
052091.0 052091 0 PYRESH 110.35 249.73 13 A 8
052096.0 052096 0 RANDCO 114.51 246.13 10.3 A 8
052100.0 052100 0 PYRESH 117.68 246.6 16.6 A 8
052103.0 052103 0 SCHEOC 118.66 243.33 31 A 8
052104.0 052104 0 LITSAC 117.74 244.96 10.3 A 8
052105.0 052105 0 CINNAU 119.24 242.47 11.2 A 8
052108.0 052108 0 MACHTH 100.48 263.77 17.7 A 8
052110.0 052110 0 CASTCU 101.03 264.58 9.6 A 8
052115.0 052115 0 MELISQ 103.2 263.06 22.8 A 8
052119.0 052119 0 PRUNPH 104.54 260.75 20.2 A 8
052125.0 052125 0 PRUNPH 101.23 269.6 28.8 A 8
052128.0 052128 0 MACHMU 103.99 267.65 28.5 A 8
052129.0 052129 0 ENGERO 104.33 267.67 12.7 A 8
052133.0 052133 0 RANDCO 105.89 266.96 13.2 A 8
052137.0 052137 0 LIMLUR 106.77 269.58 39.8 A 8
052160.0 052160 0 DIOSMO 108.12 261.23 30.6 A 8
052161.0 052161 0 ENGERO 100.85 270.86 11.7 A 8
052167.0 052167 0 CLEYJA 103.26 277.77 15.7 A 8
052168.0 052168 0 ADINFO 103.96 278.93 10.2 A 8
052171.0 052171 0 SCHEOC 104.33 276.15 19.4 A 8
052178.0 052178 0 CASTCU 108.87 277.51 45.2 A 8
052182.0 052182 0 CLEYJA 105.41 270.85 12 A 8
052184.0 052184 0 MACHMU 106.84 271.26 12.3 A 8
052196.0 052196 0 PYRESH 111.87 270.65 16.8 A 8
052201.0 052201 0 PYRESH 110.48 273.86 11.6 A 8
052213.0 052213 0 PYRESH 111.47 278.75 15.5 A 8
052221.0 052221 0 PYRESH 114.4 278.46 11.6 A 8
052223.0 052223 0 PYRESH 114.54 276.52 9.8 A 8
052231.0 052231 0 PYRESH 116.29 276.56 10.6 A 8
052240.0 052240 0 MACHTH 117.12 279.57 11.6 A 8
052243.0 052243 0 DIOSMO 118.79 278.15 11.6 A 8
052244.0 052244 0 ELAEJA 119.35 278.32 21.5 A 8
052254.0 052254 0 MACHTH 116.33 273.7 12.4 A 8
052255.0 052255 0 CLEYJA 115.58 274.54 22.5 A 8
052257.0 052257 0 LIMLUR 118.27 274.47 22.4 A 8
052258.0 052258 0 MYRSSE 118.77 273.77 19.1 A 8
052259.0 052259 0 ELAEJA 118.67 273.96 11.4 A 8
052260.0 052260 0 MELISQ 118.97 273.51 12.8 A 8
052263.0 052263 0 PYRESH 117.49 272.45 14 A 8
052267.0 052267 0 CASTCU 118.46 270.39 22.1 A 8
052268.0 052268 0 ELAEJA 111.17 260.75 19.9 A 8
052276.0 052276 0 CLEYJA 112.19 269.72 19.7 A 8
052280.0 052280 0 CLEYJA 114.79 266.17 22.7 A 8
052282.0 052282 0 LITSAC 116.88 265.39 19.1 A 8
052291.0 052291 0 MACHMU 117.55 262.45 15.6 A 8
052296.0 052296 0 TRICDU 118.49 264.84 10.1 A 8
052298.0 052298 0 CASTCU 119.25 263.66 40.7 A 8
052301.0 052301 0 LITSAC 119.47 261.26 13.6 A 8
052305.0 052305 0 CASTCU 101.87 280.28 26.8 A 8
052320.0 052320 0 ITEAPA 103.3 282.07 9.7 A 8
052322.0 052322 0 MELISQ 104.48 281.28 14.7 A 8
052325.0 052325 0 MACHTH 101.68 285.46 18.8 A 8
052332.0 052332 0 MYRSSE 103.36 288.93 10.5 A 8
052345.0 052345 0 MYRSSE 106.67 289.91 10.4 A 8
052354.0 052354 0 LITSAC 108.59 285.27 13.5 A 8
052360.0 052360 0 MELISQ 106.93 282.48 25.4 A 8
052364.0 052364 0 CASTCU 105.68 282.77 21.8 A 8
052377.0 052377 0 ELAEJA 109.5 280.47 34 A 8
052378.0 052378 0 MACHMU 108.47 280.57 32.4 A 8
052379.0 052379 0 MYRSSE 102.38 290.47 10.2 A 8
052381.0 052381 0 LIMLUR 101.68 292.68 14.7 A 8
052392.0 052392 0 MELISQ 104.4 294.1 9.9 A 8
052396.0 052396 0 MACHTH 104.1 290.54 27.3 A 8
052397.0 052397 0 MYRSSE 103.83 290.47 9.7 A 8
052409.0 052409 0 PYRESH 104.54 298.78 12.8 A 8
052418.0 052418 0 DIOSMO 107.51 296.33 24.4 A 8
052420.0 052420 0 LITSAC 108.22 296.03 25.2 A 8
052426.0 052426 0 CLEYJA 106.67 290.66 13.4 A 8
052427.0 052427 0 MELISQ 106.06 291.25 12.2 A 8
052433.0 052433 0 TRICDU 108.66 294.26 9.6 A 8
052443.0 052443 0 MYRSSE 108.17 290.35 12.2 A 8
052445.0 052445 0 MACHTH 110.85 291.15 11.6 A 8
052447.0 052447 0 LIMLUR 110.46 293.85 19.2 A 8
052449.0 052449 0 RANDCO 111.76 293.79 10 A 8
052450.0 052450 0 ELAEJA 111.44 293.86 23.8 A 8
052452.0 052452 0 LIMLUR 111.94 293.52 49.1 A 8
052457.0 052457 0 MACHTH 113.59 292.58 11.4 A 8
052460.0 052460 0 CLEYJA 114.17 293.82 18.2 A 8
052461.0 052461 0 SYMPTH 113.87 294.07 9.6 A 8
052462.0 052462 0 CASTCU 114.34 294.26 16.8 A 8
052477.0 052477 0 MELISQ 116.77 296.46 15.9 A 8
052480.0 052480 0 ENGERO 119 298.63 19.3 A 8
052483.0 052483 0 ELAEJA 119 296.47 20.4 A 8
052486.0 052486 0 CLEYJA 117.68 293.88 13.7 A 8
052487.0 052487 0 LITSAC 118.2 293.75 10.2 A 8
052501.0 052501 0 MYRSSE 110.6 284.52 10.5 A 8
052502.0 052502 0 PYRESH 110.53 284.34 12.5 A 8
052504.0 052504 0 MYRSSE 113.37 283.41 11.9 A 8
052511.0 052511 0 LIMLUR 114.91 282.92 29.3 A 8
052512.0 052512 0 PYRESH 114.58 282.51 19.3 A 8
052520.0 052520 0 ELAEJA 110.99 287.42 27.2 A 8
052522.0 052522 0 LITSAC 111.37 288.94 11.9 A 8
052542.0 052542 0 MELISQ 116.91 287.06 25.7 A 8
052547.0 052547 0 CASTCU 115.79 289.68 37.4 A 8
052548.0 052548 0 MYRSSE 116.67 289.57 10.7 A 8
052550.0 052550 0 ELAEJA 118.4 289.37 21.1 A 8
052553.0 052553 0 MYRSSE 119.94 289.53 11.2 A 8
052570.0 052570 0 DIOSMO 117.15 280.47 23.8 A 8
052579.0 052579 0 MACHTH 117.45 283.35 16.4 A 8
052581.0 052581 0 LITSAC 119.33 282.54 11.9 A 8
052583.0 052583 0 LITSAC 118.86 282.43 10.7 A 8
052584.0 052584 0 MYRSSE 118.67 281.84 10.5 A 8
054284.0 054284 0 HELIFO 119.69 108.35 12.2 A 7
054382.0 054382 0 MACHTH 113.53 198.07 33.6 A 7
060536.0 060536 0 LITSAC 120.95 102.72 29.1 A 7
060547.0 060547 0 MACHTH 121.05 108.09 14.2 A 7
060550.0 060550 0 HELIFO 124.27 107.34 10.8 A 7
060553.0 060553 0 CASTCU 125.36 105.81 76.3 A 7
060565.0 060565 0 SYMPTH 126.97 102.99 14.6 A 7
060573.0 060573 0 HELIFO 120.05 113.75 17.3 A 7
060576.0 060576 0 HELIFO 120.59 115.24 11 A 7
060582.0 060582 0 PRUNPH 124.11 117.54 19.2 A 7
060586.0 060586 0 LITSAC 125.31 115.12 23.7 A 7
060592.0 060592 0 CYCLGI 127.95 117.41 50.5 A 7
060602.0 060602 0 GLOCAC 127.62 110.32 14 A 7
060612.0 060612 0 MACHTH 130.32 116.37 12.2 A 7
060621.0 060621 0 PYRESH 136.61 116.42 36.4 A 7
060647.0 060647 0 SCHEOC 137.58 108.56 37 A 7
060654.0 060654 0 HELIFO 121.9 120.66 9.8 A 7
060668.0 060668 0 PRUNPH 124.35 122.74 11.3 A 7
060672.0 060672 0 PRUNPH 121.44 127.81 13.1 A 7
060673.0 060673 0 MACHMU 122.18 128.73 52.4 A 7
060685.0 060685 0 SYMPTH 124.03 126.87 13.7 A 7
060699.0 060699 0 CYCLGI 129.5 128.09 17 A 7
060713.0 060713 0 GLOCAC 126.23 122.91 11 A 7
060721.0 060721 0 LITSAC 129.85 122.97 23.5 A 7
060725.0 060725 0 GLOCAC 120.58 132.6 14.4 A 7
060744.0 060744 0 PRUNPH 122.28 138.99 12.6 A 7
060757.0 060757 0 MACHTH 125.95 136.64 47.9 A 7
060761.0 060761 0 MELISQ 125.68 139.41 23.9 A 7
060767.0 060767 0 MACHTH 128.16 139.71 49.4 A 7
060781.0 060781 0 SYMPTH 129.38 134.24 9.8 A 7
060785.0 060785 0 MELISQ 128.8 131.12 11.7 A 7
060790.0 060790 0 HELIFO 131.05 130.84 9.8 A 7
060793.0 060793 0 MACHMU 130.12 132.7 20.8 A 7
060796.0 060796 0 CYCLGI 134.06 132.98 12.8 A 7
060799.0 060799 0 MACHTH 134 132.65 60.9 A 7
060800.0 060800 0 GLOCAC 134.37 132.47 14.3 A 7
060810.0 060810 0 RANDCO 132.68 138.99 14 A 7
060811.0 060811 0 LITSAC 132.95 139.9 22.9 A 7
060820.0 060820 0 MELISQ 135.26 139.03 20 A 7
060822.0 060822 0 MACHMU 137.18 139.78 13.2 A 7
060824.0 060824 0 ELAEJA 137.68 139.46 9.7 A 7
060826.0 060826 0 CASTCU 138.53 139.8 22.9 A 7
060828.0 060828 0 LITSAC 138.98 135.21 10.5 A 7
060830.0 060830 0 ENGERO 135.08 134.1 20.9 A 7
060849.0 060849 0 PRUNPH 138.71 123.83 23.5 A 7
060864.0 060864 0 MACHMU 121.02 141.53 17.5 A 7
060869.0 060869 0 HELIFO 121.42 142.91 9.9 A 7
060870.0 060870 0 MACHTH 121.27 144.44 12.7 A 7
060876.0 060876 0 DIOSMO 124.94 142.24 21.2 A 7
060882.0 060882 0 MELISQ 122.47 145.08 10.6 A 7
060887.0 060887 0 CYCLGI 124.41 146.05 25.6 A 7
060889.0 060889 0 MACHTH 126.78 148.15 21 A 7
060890.0 060890 0 PYRESH 127.95 147.45 24.1 A 7
060891.0 060891 0 SYMPTH 127.96 147.78 13.1 A 7
060894.0 060894 0 LIMLUR 128.94 149.2 50.1 A 7
060897.0 060897 0 MACHTH 129.86 146.81 11.5 A 7
060900.0 060900 0 MELISQ 125.87 140.38 14 A 7
060901.0 060901 0 MELISQ 127.96 140.64 17.5 A 7
060911.0 060911 0 GLOCAC 120.09 156.3 13.1 A 7
060918.0 060918 0 SYMPTH 123.13 159.98 11.7 A 7
060921.0 060921 0 LIMLUR 126.95 155.52 21.9 A 7
060924.0 060924 0 CASTCU 127.82 155.29 12.8 A 7
060927.0 060927 0 LITSAC 127.44 156.47 13.6 A 7
060929.0 060929 0 CASTCU 128.76 156.52 10.9 A 7
060930.0 060930 0 MACHTH 129.72 156.27 16.9 A 7
060932.0 060932 0 CINNSU 125.56 150.95 18.7 A 7
060933.0 060933 0 SCHEOC 128.12 150.57 15.2 A 7
060934.0 060934 0 PYRESH 127.52 151.64 21 A 7
060935.0 060935 0 MELISQ 128.29 154.33 14.9 A 7
060951.0 060951 0 MELISQ 132.42 153.43 19.9 A 7
060954.0 060954 0 CASTCU 132.59 154.06 11.7 A 7
060956.0 060956 0 DIOSMO 134.84 153.12 16 A 7
060961.0 060961 0 SYMPTH 131.03 156.66 9.6 A 7
060963.0 060963 0 CINNMI 133.33 156.03 16.8 A 7
060967.0 060967 0 LIMLUR 132.47 158.12 26.5 A 7
060969.0 060969 0 MYRSSE 134.21 157.42 15.1 A 7
060972.0 060972 0 PYRESH 134.67 159.3 16.6 A 7
060975.0 060975 0 CASTCU 135.04 157.67 18.5 A 7
060981.0 060981 0 CINNSU 135.16 158.25 29.4 A 7
060984.0 060984 0 PYRESH 136.56 158.94 11 A 7
060985.0 060985 0 CASTCU 136.88 158.83 32.1 A 7
060988.0 060988 0 PYRESH 138.44 156.57 13 A 7
060990.0 060990 0 SYMPGL 137.04 155.37 13.4 A 7
060992.0 060992 0 LITSAC 135.12 153.45 23.2 A 7
060993.0 060993 0 MACHTH 135.18 153.25 11 A 7
061001.0 061001 0 LITSAC 134.79 144.77 26.9 A 7
061003.0 061003 0 MACHMU 134.91 140.66 12.6 A 7
061006.0 061006 0 LITSAC 131.81 148.38 15.5 A 7
061014.0 061014 0 MACHTH 132.24 149.9 25.4 A 7
061018.0 061018 0 SYMPTH 133.5 149.11 9.7 A 7
061022.0 061022 0 LIMLUR 136 145.25 40 A 7
061029.0 061029 0 MACHTH 135.73 143.63 11.4 A 7
061031.0 061031 0 MELISQ 139.62 142.04 11.3 A 7
061034.0 061034 0 ELAEJA 120.49 164.26 9.9 A 7
061038.0 061038 0 CASTCU 122.93 163.72 11.7 A 7
061041.0 061041 0 MELISQ 122.95 162.62 12.6 A 7
061043.0 061043 0 CASTCU 123.35 162.27 14.6 A 7
061045.0 061045 0 MACHTH 123.35 161.5 23.9 A 7
061046.0 061046 0 SCHEOC 123.69 161.52 11.4 A 7
061047.0 061047 0 LIMLUR 124.37 161.46 20.9 A 7
061051.0 061051 0 CASTCU 124.45 163.86 14.2 A 7
061053.0 061053 0 CASTCU 120.93 166.53 29.4 A 7
061055.0 061055 0 MELISQ 120.66 166.26 14.6 A 7
061059.0 061059 0 CASTCU 121.09 169.74 32.8 A 7
061061.0 061061 0 MYRSSE 122.88 169.6 15 A 7
061065.0 061065 0 MYRSSE 124.79 167.84 12.7 A 7
061066.0 061066 0 CASTCU 123.59 166.98 13.1 A 7
061068.0 061068 0 MACHTH 125.03 165.1 26.8 A 7
061078.0 061078 0 MYRSSE 125.66 168.63 13.6 A 7
061093.0 061093 0 LITSAC 128.42 167.99 14.4 A 7
061094.0 061094 0 MELISQ 128.9 168.23 11.4 A 7
061103.0 061103 0 LITSAC 129.47 162.71 18.5 A 7
061107.0 061107 0 MACHTH 129.89 164.48 17.9 A 7
061108.0 061108 0 MACHTH 129.82 161.99 21.4 A 7
061115.0 061115 0 MACHTH 120.68 170.72 15.3 A 7
061117.0 061117 0 LITSAC 120.38 171.93 16.4 A 7
061126.0 061126 0 MELISQ 124.06 173.02 17.4 A 7
061129.0 061129 0 MACHTH 124.21 170.32 32.1 A 7
061132.0 061132 0 LIMLUR 122.96 171.22 41.3 A 7
061133.0 061133 0 LIMLUR 121.53 174.63 32.2 A 7
061139.0 061139 0 MACHTH 121.78 177.84 16.2 A 7
061145.0 061145 0 CINNSU 124.37 178.69 20.2 A 7
061154.0 061154 0 DIOSMO 126.14 176.23 10.1 A 7
061156.0 061156 0 DIOSMO 125.22 176.53 11.4 A 7
061158.0 061158 0 TRICDU 125.77 177.51 12.4 A 7
061170.0 061170 0 SCHEOC 128.54 179.74 17.4 A 7
061178.0 061178 0 LIMLUR 129.79 179.92 28.1 A 7
061179.0 061179 0 LITSAC 129.88 177.1 12 A 7
061186.0 061186 0 MACHTH 129.82 175.17 19.4 A 7
061189.0 061189 0 ELAEJA 126.5 172.06 12.3 A 7
061191.0 061191 0 DIOSMO 125.6 173.49 26 A 7
061194.0 061194 0 CASTCU 126.44 174.91 20 A 7
061196.0 061196 0 CLEYJA 127.75 173.35 11.5 A 7
061214.0 061214 0 MYRSSE 132.17 171.67 10.8 A 7
061218.0 061218 0 LIMLUR 130.14 174.93 32.9 A 7
061220.0 061220 0 MELISQ 132.95 173.76 16.1 A 7
061224.0 061224 0 MYRSSE 134.16 173.77 12.2 A 7
061228.0 061228 0 MYRSSE 134.28 172.54 14.9 A 7
061229.0 061229 0 MELISQ 134.35 171.25 13.9 A 7
061244.0 061244 0 ELAEJA 133.77 179.9 16.2 A 7
061250.0 061250 0 PYRESH 134.24 176.6 11 A 7
061258.0 061258 0 PASAHR 137.65 178.84 9.6 A 7
061259.0 061259 0 MELISQ 138.59 179.38 12.4 A 7
061264.0 061264 0 CLEYJA 139.14 177.68 23.1 A 7
061273.0 061273 0 MELISQ 136.56 170.76 23.1 A 7
061294.0 061294 0 MELISQ 131.23 160.89 9.8 A 7
061304.0 061304 0 SCHEOC 134.68 161.59 11.4 A 7
061306.0 061306 0 SCHEOC 133.55 161.29 9.6 A 7
061311.0 061311 0 CLEYJA 132.07 165.58 10.2 A 7
061314.0 061314 0 MYRSSE 132.88 168.82 13.5 A 7
061315.0 061315 0 MACHTH 134.48 167.67 39.9 A 7
061316.0 061316 0 DIOSMO 133.19 169.54 10.8 A 7
061318.0 061318 0 ELAEJA 133.64 168.05 22.8 A 7
061320.0 061320 0 CYCLLO 134.41 167.47 10.2 A 7
061327.0 061327 0 LIMLUR 136.3 168.79 19.1 A 7
061330.0 061330 0 PYRESH 139.31 166.29 11.5 A 7
061348.0 061348 0 RANDCO 124.24 181.22 13.2 A 7
061351.0 061351 0 SCHEOC 123.06 181.35 11.3 A 7
061353.0 061353 0 LITSAC 120.48 186.74 30.5 A 7
061372.0 061372 0 MACHTH 127.78 188.06 14.7 A 7
061377.0 061377 0 LIMLUR 129.85 187.23 37.7 A 7
061383.0 061383 0 CASTCU 126.06 181.29 34.1 A 7
061398.0 061398 0 MELISQ 128.93 181.15 26.6 A 7
061403.0 061403 0 MACHTH 126.07 180.41 13.8 A 7
061424.0 061424 0 CASTCU 120.19 197.92 48.6 A 7
061427.0 061427 0 SCHEOC 120.71 199.53 13.4 A 7
061430.0 061430 0 MELISQ 122.88 199.92 15.9 A 7
061441.0 061441 0 PYRESH 125.66 199.04 22.2 A 7
061468.0 061468 0 MELISQ 133.77 194.3 20.3 A 7
061470.0 061470 0 CASTCU 133.76 191.29 12 A 7
061474.0 061474 0 RANDCO 132.65 195.34 11.1 A 7
061478.0 061478 0 LIMLUR 131.66 197.96 14.1 A 7
061479.0 061479 0 CYCLLO 131.53 197.86 30.1 A 7
061482.0 061482 0 CRYPCH 133.45 198.48 18.7 A 7
061487.0 061487 0 SCHEOC 136.7 196.91 12.8 A 7
061490.0 061490 0 LIMLUR 139.81 197.67 16.6 A 7
061492.0 061492 0 MELISQ 138.49 199.5 22 A 7
061493.0 061493 0 CRYPCH 137.18 199.78 17.1 A 7
061497.0 061497 0 LIMLUR 139.84 196.52 18.5 A 7
061504.0 061504 0 DIOSMO 135.75 192.33 18.7 A 7
061505.0 061505 0 CINNSU 136.5 191.49 15.2 A 7
061518.0 061518 0 DIOSMO 137.71 192.01 15.8 A 7
061526.0 061526 0 MYRSSE 137.78 190.3 12.7 A 7
061528.0 061528 0 DIOSMO 137.14 190.45 18.5 A 7
061530.0 061530 0 MACHTH 135.93 190.99 17.6 A 7
061537.0 061537 0 CASTCU 131.95 184.36 17.4 A 7
061552.0 061552 0 MELISQ 133.79 181.16 13.1 A 7
061557.0 061557 0 LITSAC 134.47 180.93 12.7 A 7
061564.0 061564 0 CLEYJA 132.61 186.15 12.3 A 7
061575.0 061575 0 CLEYJA 130.69 189.97 15.6 A 7
061580.0 061580 0 PRUNPH 133.97 189.73 17.6 A 7
061584.0 061584 0 LITSAC 134.97 188.52 21.1 A 7
061601.0 061601 0 LIMLUR 137.52 187.75 23.7 A 7
061603.0 061603 0 MYRSSE 137.66 187.75 11 A 7
061604.0 061604 0 MYRSSE 135.41 189.41 9.6 A 7
061606.0 061606 0 DAPHGL 136.2 189.82 9.5 A 7
061617.0 061617 0 MELISQ 139.45 185.68 16.1 A 7
061628.0 061628 0 CASTCU 136.41 184.83 20.1 A 7
061638.0 061638 0 LIMLUR 139.52 182.47 36.2 A 7
061647.0 061647 0 CINNSU 138.32 180.64 13 A 7
061653.0 061653 0 MELISQ 136.36 181 13.4 A 7
061663.0 061663 0 LIMLUR 123.36 204.54 36.5 A 8
061670.0 061670 0 CASTCU 121.63 206.69 38.1 A 8
061672.0 061672 0 LITSAC 122.59 209.6 9.7 A 8
061673.0 061673 0 LIMLUR 123.29 209.87 22.9 A 8
061681.0 061681 0 PRUNPH 127.93 207.68 16.7 A 8
061682.0 061682 0 MACHTH 126.54 209.81 12.2 A 8
061684.0 061684 0 CINNMI 128.84 206.36 25.2 A 8
061691.0 061691 0 MACHTH 126.17 204.47 22.4 A 8
061692.0 061692 0 CASTCU 129.61 204.36 16.5 A 8
061694.0 061694 0 PRUNPH 129.3 203.11 15.2 A 8
061699.0 061699 0 MACHTH 121.66 214.23 17.9 A 8
061701.0 061701 0 LITSAC 122.52 213.66 18 A 8
061704.0 061704 0 CRYPCH 122.13 216.25 21.2 A 8
061705.0 061705 0 MACHTH 121 218.31 11.3 A 8
061713.0 061713 0 MELISQ 125.08 215.15 21.3 A 8
061722.0 061722 0 DIOSMO 126.33 211.99 14.5 A 8
061727.0 061727 0 MACHTH 127.68 212.16 11.3 A 8
061729.0 061729 0 CASTCU 129.59 214.48 18.9 A 8
061730.0 061730 0 MYRSSE 129.55 211.94 12.2 A 8
061731.0 061731 0 RANDCO 128.44 211.72 10.8 A 8
061737.0 061737 0 ELAEJA 131.56 210.84 17.5 A 8
061738.0 061738 0 ELAEJA 130.82 212.03 24.2 A 8
061739.0 061739 0 LITSAC 131.95 212.16 11.1 A 8
061740.0 061740 0 SYMPSO 131.24 213.66 9.5 A 8
061744.0 061744 0 DIOSMO 133.01 213.53 20.2 A 8
061748.0 061748 0 CASTCU 133.69 214.1 77.6 A 8
061755.0 061755 0 CASTCU 132.22 211.26 19.7 A 8
061767.0 061767 0 MACHTH 130.41 219.57 25.3 A 8
061771.0 061771 0 CASTCU 133.4 219.37 27.6 A 8
061775.0 061775 0 CASTCU 132.99 218.45 46 A 8
061778.0 061778 0 CYCLLO 134.68 215.49 9.9 A 8
061781.0 061781 0 CASTCU 136.09 215.68 14.8 A 8
061788.0 061788 0 ELAEJA 137.49 218.43 13.1 A 8
061791.0 061791 0 CASTCU 139.07 217.78 17.7 A 8
061809.0 061809 0 MELISQ 139.64 212.99 28.9 A 8
061813.0 061813 0 RANDCO 136.95 210.75 11 A 8
061816.0 061816 0 MELISQ 132.58 204.37 10.7 A 8
061820.0 061820 0 CINNMI 133.96 202.27 14.7 A 8
061825.0 061825 0 CASTCU 130.88 206.47 30.6 A 8
061826.0 061826 0 MELISQ 131.29 206.17 9.9 A 8
061827.0 061827 0 MACHZU 130.55 209.38 15.8 A 8
061829.0 061829 0 MELISQ 132.21 209.24 9.9 A 8
061832.0 061832 0 MELISQ 134.77 208.65 14.9 A 8
061835.0 061835 0 MACHZU 135.45 205.69 12.7 A 8
061837.0 061837 0 SCHEOC 135.39 207.11 9.8 A 8
061845.0 061845 0 LITSAC 139.79 208.59 12.2 A 8
061848.0 061848 0 MELISQ 139.74 207.28 13.4 A 8
061853.0 061853 0 CASTCU 136.43 201.87 18.9 A 8
061863.0 061863 0 MACHTH 137.91 202.67 15 A 8
061866.0 061866 0 MELISQ 138.17 200.39 27.1 A 8
061871.0 061871 0 GLOCAC 121.73 222.14 14.3 A 8
061872.0 061872 0 PYRESH 122.05 222.31 14.9 A 8
061896.0 061896 0 CYCLLO 124.4 226.8 10.4 A 8
061898.0 061898 0 CASTCU 122.68 227 10.9 A 8
061901.0 061901 0 CINNSU 125.89 225.52 16.1 A 8
061902.0 061902 0 LITSAC 127.05 225.42 11.7 A 8
061906.0 061906 0 CASTCU 126.6 227.82 21.6 A 8
061909.0 061909 0 RANDCO 125.42 229.16 13.1 A 8
061912.0 061912 0 MACHTH 128.37 229.02 11.7 A 8
061925.0 061925 0 CASTCU 127.12 222.62 27.2 A 8
061927.0 061927 0 MACHZU 128.9 223.39 26.2 A 8
061930.0 061930 0 CASTCU 122.17 230.25 15.9 A 8
061931.0 061931 0 LITSAC 123.28 231.09 10.8 A 8
061941.0 061941 0 DIOSMO 122.99 237.2 26.4 A 8
061947.0 061947 0 RANDCO 126.07 235.78 11.3 A 8
061949.0 061949 0 CINNSU 127.21 237.23 26 A 8
061952.0 061952 0 MACHMU 125.09 239.91 11.8 A 8
061959.0 061959 0 CLEYJA 128.47 236.62 13.5 A 8
061964.0 061964 0 LIMLUR 127.54 233.02 20 A 8
061972.0 061972 0 CASTCU 130.34 230.54 15.9 A 8
061973.0 061973 0 MELISQ 130.35 233.8 21.2 A 8
061979.0 061979 0 ADINFO 131.54 235.82 15.8 A 8
061982.0 061982 0 PYRESH 131.19 239.95 15.5 A 8
061985.0 061985 0 CLEYJA 132.51 239.95 11.1 A 8
061986.0 061986 0 DIOSMO 133.73 237.81 15.5 A 8
061992.0 061992 0 LITSAC 134.71 238.62 22 A 8
061997.0 061997 0 DIOSMO 135.63 238.73 9.7 A 8
061998.0 061998 0 CASTCU 137.52 239.27 40.8 A 8
061999.0 061999 0 CASTCU 138.49 239.95 14.7 A 8
062003.0 062003 0 MELISQ 138.4 238.77 12.4 A 8
062009.0 062009 0 PYRESH 136.26 231.47 14.3 A 8
062010.0 062010 0 DIOSMO 136.54 231.69 11.5 A 8
062017.0 062017 0 CASTCU 137.72 233.7 24.8 A 8
062019.0 062019 0 CASTCU 138.83 232.2 15.5 A 8
062023.0 062023 0 MELISQ 139.34 231.32 11.4 A 8
062040.0 062040 0 PYRESH 130.42 228.83 11.3 A 8
062042.0 062042 0 MACHTH 131.54 229.34 15.6 A 8
062052.0 062052 0 PYRESH 134.94 228.25 13.7 A 8
062054.0 062054 0 LIMLUR 134.88 226.37 10.3 A 8
062056.0 062056 0 LIMLUR 136.54 226.39 35.5 A 8
062061.0 062061 0 CASTCU 137.05 226.25 14.1 A 8
062063.0 062063 0 ELAEJA 137.34 227.84 33.2 A 8
062074.0 062074 0 PYRESH 135.12 224.48 17.7 A 8
062082.0 062082 0 CASTCU 121.39 240.75 30.4 A 8
062089.0 062089 0 DIOSMO 122.96 242.71 33.8 A 8
062096.0 062096 0 CASTCU 124.27 244.29 28 A 8
062097.0 062097 0 CASTCU 120.61 245.34 14.7 A 8
062100.0 062100 0 LIMLUR 122.81 248.48 46.1 A 8
062103.0 062103 0 MELISQ 124.13 249.26 17.8 A 8
062104.0 062104 0 ELAEJA 124.35 247.86 25.4 A 8
062109.0 062109 0 PYRESH 126.84 246.35 11.5 A 8
062114.0 062114 0 LIMLUR 127.62 246.19 32.6 A 8
062118.0 062118 0 SYMPTH 125.31 241.45 14.3 A 8
062123.0 062123 0 MELISQ 128.79 241.19 11.2 A 8
062127.0 062127 0 PYRESH 122.15 252.54 19.2 A 8
062131.0 062131 0 CINNSU 124.94 254.47 22.3 A 8
062136.0 062136 0 MACHTH 123.18 252.99 12.7 A 8
062138.0 062138 0 MACHTH 120.55 255.11 17.3 A 8
062142.0 062142 0 PYRESH 121.26 257.21 9.8 A 8
062146.0 062146 0 RANDCO 124.45 255.71 10.5 A 8
062147.0 062147 0 CASTCU 127.83 255.48 11.8 A 8
062161.0 062161 0 CASTCU 129.78 255.48 22.9 A 8
062168.0 062168 0 LIMLUR 129.77 253.43 13.1 A 8
062178.0 062178 0 SCHEOC 131.02 252.65 19.7 A 8
062179.0 062179 0 LITSAC 132 253.29 11.5 A 8
062181.0 062181 0 CASTCU 133.22 254.66 23.8 A 8
062185.0 062185 0 MYRSSE 134.7 254.4 12.4 A 8
062187.0 062187 0 CASTCU 133.64 252.88 13.4 A 8
062208.0 062208 0 LITSAC 134.81 259.8 10.7 A 8
062210.0 062210 0 LIMLUR 134.11 259.16 39.4 A 8
062226.0 062226 0 MACHMU 136.31 256.57 22 A 8
062235.0 062235 0 ELAEJA 138.93 256.63 40.6 A 8
062239.0 062239 0 CASTCU 139.51 255.38 14.9 A 8
062244.0 062244 0 PRUNPH 135.18 252.6 20.8 A 8
062248.0 062248 0 MELISQ 136.61 253.7 15.2 A 8
062263.0 062263 0 GLOCAC 131.47 243.18 15.3 A 8
062273.0 062273 0 MACHTH 132.58 241.8 17.2 A 8
062278.0 062278 0 ELAEJA 130.38 246.42 15.4 A 8
062295.0 062295 0 GLOCAC 134.71 246.57 13.5 A 8
062296.0 062296 0 CASTCU 134.7 246.15 14.6 A 8
062299.0 062299 0 SYMPGL 133.77 246.83 10.7 A 8
062306.0 062306 0 SYMPGL 135.28 248.26 18.4 A 8
062310.0 062310 0 ELAEJA 138.23 248.32 12.6 A 8
062316.0 062316 0 CASTCU 139.72 246.88 20.5 A 8
062320.0 062320 0 LITSAC 135.35 240.14 26.3 A 8
062328.0 062328 0 CLEYJA 135.51 244.36 18.2 A 8
062335.0 062335 0 LIMLUR 120.83 262.21 19.1 A 8
062346.0 062346 0 SYMPSO 124.5 260.49 11.2 A 8
062349.0 062349 0 PYRESH 120.76 266.56 11 A 8
062352.0 062352 0 LIMLUR 122.05 269.41 19.4 A 8
062353.0 062353 0 CASTCU 123.18 269.63 15.9 A 8
062357.0 062357 0 CLEYJA 122.74 267.4 14.5 A 8
062361.0 062361 0 CASTCU 126.3 266.12 20.2 A 8
062365.0 062365 0 DIOSMO 125.35 269.82 15.5 A 8
062372.0 062372 0 MYRSSE 129.42 267.88 12.8 A 8
062374.0 062374 0 LIMLUR 128.26 265.35 25.6 A 8
062379.0 062379 0 PYRESH 125.19 263.68 18.3 A 8
062384.0 062384 0 MELISQ 128.77 263.6 29.8 A 8
062386.0 062386 0 PYRESH 128.13 262.5 16 A 8
062396.0 062396 0 DIOSMO 122.82 272.01 22 A 8
062397.0 062397 0 LIMLUR 122.25 272.02 13.4 A 8
062404.0 062404 0 LIMLUR 124.91 272.04 27.2 A 8
062405.0 062405 0 SCHEOC 124.71 272.17 10.1 A 8
062412.0 062412 0 MYRSSE 124.01 271.25 10.1 A 8
062418.0 062418 0 MELISQ 123.39 271.57 27.7 A 8
062422.0 062422 0 CASTCU 120.59 275.22 24.4 A 8
062428.0 062428 0 CINNSU 121.3 277.1 19 A 8
062435.0 062435 0 ELAEJA 123.82 277.94 13.6 A 8
062439.0 062439 0 CLEYJA 124.68 277.62 12.8 A 8
062451.0 062451 0 MELISQ 126.27 276 12.6 A 8
062454.0 062454 0 LIMLUR 125.99 277.58 19.8 A 8
062456.0 062456 0 CASTCU 129.62 277.82 15.8 A 8
062458.0 062458 0 MYRSSE 125.05 270.3 14.5 A 8
062464.0 062464 0 PYRESH 125.43 272.87 9.7 A 8
062465.0 062465 0 CASTCU 125.28 274.36 24.7 A 8
062474.0 062474 0 DAPHGL 128.26 273.11 14.3 A 8
062491.0 062491 0 MELISQ 130.63 272.06 10 A 8
062495.0 062495 0 MYRSSE 130.26 273.58 12.2 A 8
062497.0 062497 0 CLEYJA 131.59 274.71 16.3 A 8
062498.0 062498 0 MYRSSE 131.95 274.64 12.1 A 8
062499.0 062499 0 ELAEJA 133.01 274.16 10.4 A 8
062502.0 062502 0 LIMLUR 133.99 274.77 39.7 A 8
062507.0 062507 0 DIOSMO 134.92 272.04 13 A 8
062513.0 062513 0 DIOSMO 131.27 275.28 20.3 A 8
062520.0 062520 0 CINNSU 131.09 278.76 15.2 A 8
062522.0 062522 0 CASTCU 134.31 279.91 26.4 A 8
062524.0 062524 0 MELISQ 134.81 279.14 12.7 A 8
062527.0 062527 0 MYRSSE 132.99 277.42 9.7 A 8
062534.0 062534 0 LITSAC 136.77 276.74 17.6 A 8
062549.0 062549 0 MYRSSE 135.68 270.57 14.3 A 8
062558.0 062558 0 MYRSSE 139.2 274.17 11.2 A 8
062559.0 062559 0 ELAEJA 139.88 273.87 26.5 A 8
062570.0 062570 0 MACHMU 130.46 262.14 9.7 A 8
062571.0 062571 0 SCHEOC 130.17 261.67 9.5 A 8
062576.0 062576 0 LIMLUR 132.62 264.73 14 A 8
062581.0 062581 0 MYRSSE 134.57 264.46 10.9 A 8
062583.0 062583 0 MACHTH 134.74 264.06 23.9 A 8
062585.0 062585 0 SCHEOC 133.76 263.35 12.5 A 8
062591.0 062591 0 PYRESH 134.4 260.37 11.1 A 8
062596.0 062596 0 MACHTH 131 267.86 19.6 A 8
062600.0 062600 0 CLEYJA 131.23 269.71 13.9 A 8
062604.0 062604 0 MYRSSE 134.78 268.94 10.4 A 8
062609.0 062609 0 CASTCU 133.97 265.76 10.9 A 8
062610.0 062610 0 DIOSMO 135.28 265.51 20 A 8
062612.0 062612 0 MYRSSE 136.29 266.91 9.8 A 8
062614.0 062614 0 ELAEJA 136.73 267.04 27.4 A 8
062620.0 062620 0 ELAEJA 136.81 269.75 18.8 A 8
062626.0 062626 0 CINNSU 138.76 269.77 11.5 A 8
062629.0 062629 0 MELISQ 139.08 268.06 18.2 A 8
062632.0 062632 0 MYRSSE 139.55 266.44 11.6 A 8
062635.0 062635 0 MACHTH 138.08 265.56 11.9 A 8
062644.0 062644 0 MACHTH 135.7 261.59 14.2 A 8
062655.0 062655 0 MYRSSE 138.35 264.74 10.2 A 8
062658.0 062658 0 MELISQ 139.34 264.7 16.4 A 8
062664.0 062664 0 DIOSMO 138.19 262.3 23.2 A 8
062675.0 062675 0 MYRSSE 121.1 280.52 17.3 A 8
062683.0 062683 0 CASTCU 122.42 284.63 21.7 A 8
062686.0 062686 0 MACHTH 120.04 286.57 9.9 A 8
062690.0 062690 0 MACHTH 120.96 288.19 16.9 A 8
062704.0 062704 0 CASTCU 122.15 288.9 10.4 A 8
062709.0 062709 0 LIMLUR 125.77 285.1 21.7 A 8
062713.0 062713 0 ELAEJA 127.46 286.17 13.1 A 8
062714.0 062714 0 RANDCO 127.41 286.76 10.6 A 8
062721.0 062721 0 RANDCO 125.38 288.06 11.9 A 8
062722.0 062722 0 MACHTH 126.24 288.52 30 A 8
062725.0 062725 0 CINNSU 126.53 289.6 11.4 A 8
062726.0 062726 0 CASTCU 129.21 289.51 11.8 A 8
062727.0 062727 0 CASTCU 129.34 283.85 30.6 A 8
062734.0 062734 0 RANDCO 129.28 280.28 10.2 A 8
062735.0 062735 0 LIMLUR 127.82 280.14 22.5 A 8
062740.0 062740 0 RANDCO 126.68 281.28 9.8 A 8
062741.0 062741 0 MELISQ 127.11 283.36 15.5 A 8
062745.0 062745 0 CINNSU 125.47 284.1 13.4 A 8
062748.0 062748 0 MELISQ 120.59 292 16.5 A 8
062752.0 062752 0 SCHEOC 121.46 293.51 12.6 A 8
062771.0 062771 0 CINNMI 122.37 299.95 12 A 8
062772.0 062772 0 CASTCU 124.5 297.1 11.4 A 8
062776.0 062776 0 CLEYJA 125.05 295.34 12.9 A 8
062781.0 062781 0 CLEYJA 125.29 297.5 21.6 A 8
062783.0 062783 0 MELISQ 125.22 298.77 14.3 A 8
062787.0 062787 0 CASTCU 128.52 295.99 12 A 8
062788.0 062788 0 LITSAC 128.76 295.45 11.4 A 8
062790.0 062790 0 RANDCO 126.18 295.36 11.1 A 8
062791.0 062791 0 DIOSMO 128.93 294.77 11.1 A 8
062796.0 062796 0 MELISQ 126.47 291.84 9.7 A 8
062810.0 062810 0 ELAEJA 132.69 294.67 19.3 A 8
062813.0 062813 0 ELAEJA 134.65 290.85 13.8 A 8
062817.0 062817 0 MELISQ 130.63 299.3 37.8 A 8
062820.0 062820 0 CASTCU 134.92 296.43 41.6 A 8
062823.0 062823 0 ELAEJA 134.51 295.1 10.3 A 8
062828.0 062828 0 PYRESH 136.36 299.84 15.3 A 8
062835.0 062835 0 MACHTH 135.77 291.35 16.6 A 8
062837.0 062837 0 CASTCU 136.47 290.13 17.1 A 8
062843.0 062843 0 GLOCAC 136.48 294.06 13.1 A 8
062844.0 062844 0 ILEXRO 137.96 292.53 16.2 A 8
062849.0 062849 0 LITSAC 132.51 281.5 13.4 A 8
062852.0 062852 0 CASTCU 134.97 282.1 37.3 A 8
062863.0 062863 0 CASTCU 131.05 289.03 21.3 A 8
062865.0 062865 0 ELAEJA 130.56 289.5 19.8 A 8
062869.0 062869 0 DIOSMO 133.73 289.5 26.1 A 8
062870.0 062870 0 LIMLUR 134.01 288.59 29.9 A 8
062872.0 062872 0 CASTCU 134.94 286.38 25.9 A 8
062896.0 062896 0 LIMLUR 139.92 282.58 13.1 A 8
062897.0 062897 0 PYRESH 139.13 282.3 11.6 A 8
065463.0 065463 0 CASTCU 125.49 288.6 20 A 8
065615.0 065615 0 SCHEOC 126.87 148.13 14.3 A 7
070608.0 070608 0 PYRESH 148.81 102.26 25.4 A 7
070612.0 070612 0 SCHEOC 140.05 111.05 9.7 A 7
070615.0 070615 0 MACHTH 141.27 111.87 53 A 7
070616.0 070616 0 CASTCU 141.97 112.53 45.8 A 7
070623.0 070623 0 SYMPSO 144 114.09 12.4 A 7
070625.0 070625 0 LITSAC 143.97 112.55 13.2 A 7
070637.0 070637 0 CASTCU 141.39 118.43 10.6 A 7
070639.0 070639 0 MACHTH 142.51 119.38 24.1 A 7
070643.0 070643 0 LIMLUR 147.49 117.01 36.4 A 7
070652.0 070652 0 SCHEOC 147.68 116.25 12 A 7
070660.0 070660 0 MACHTH 147.96 112.06 26.7 A 7
070662.0 070662 0 MELISQ 152.45 112.07 25.9 A 7
070668.0 070668 0 MACHTH 152.27 112.88 58.4 A 7
070673.0 070673 0 ENGERO 151.46 114.81 10.5 A 7
070680.0 070680 0 MACHTH 154.65 114.04 27.5 A 7
070685.0 070685 0 MACHTH 151.06 117.62 25.2 A 7
070690.0 070690 0 CLEYJA 153.72 119.7 20.2 A 7
070692.0 070692 0 CASTCU 154.1 118.89 9.6 A 7
070700.0 070700 0 MACHTH 159.33 119.97 33.8 A 7
070711.0 070711 0 PYRESH 156.16 114.94 15.1 A 7
070712.0 070712 0 CYCLGI 156.04 114.87 13.8 A 7
070723.0 070723 0 MELISQ 154.57 104.44 44.2 A 7
070729.0 070729 0 HELIFO 151.09 109.55 17.1 A 7
070732.0 070732 0 MACHMU 154.18 107.79 39.1 A 7
070748.0 070748 0 PASAHR 140.44 122.07 44.4 A 7
070751.0 070751 0 HELIFO 141.16 122.77 13.2 A 7
070771.0 070771 0 CYCLGI 141.3 128.86 18.7 A 7
070773.0 070773 0 ENGERO 143.82 128.99 15.3 A 7
070779.0 070779 0 MACHMU 145.99 127.03 10.1 A 7
070784.0 070784 0 MACHMU 145.78 129.97 24.5 A 7
070786.0 070786 0 MACHMU 148 129.97 16 A 7
070788.0 070788 0 CASTCU 149.97 129.9 21 A 7
070798.0 070798 0 MELISQ 146.22 120.14 22.2 A 7
070802.0 070802 0 LIMLUR 145.95 121.73 38 A 7
070809.0 070809 0 MACHMU 147.27 124.95 29.6 A 7
070811.0 070811 0 CYCLGI 149.34 124.02 17.9 A 7
070813.0 070813 0 SCHEOC 140.36 132.55 14.5 A 7
070817.0 070817 0 GLOCAC 144.99 132.04 10.3 A 7
070832.0 070832 0 LIMLUR 148.76 139.03 19.6 A 7
070835.0 070835 0 MACHMU 147.46 135.55 28 A 7
070836.0 070836 0 LITSAC 146.87 135.55 17.8 A 7
070837.0 070837 0 SCHEOC 146.95 134.54 24.9 A 7
070838.0 070838 0 DIOSMO 147.96 134.54 32.8 A 7
070845.0 070845 0 MACHMU 152.81 135.85 23.4 A 7
070854.0 070854 0 MACHMU 156.22 139.81 26.9 A 7
070858.0 070858 0 CASTCU 157.46 130.1 40.1 A 7
070859.0 070859 0 SCHEOC 156.07 131.64 11.6 A 7
070864.0 070864 0 GLOCAC 156.53 134.54 11.3 A 7
070865.0 070865 0 MACHMU 157.14 133.46 20.8 A 7
070870.0 070870 0 CASTCU 150.97 122.57 35.4 A 7
070872.0 070872 0 SCHEOC 154.04 124.91 37.7 A 7
070877.0 070877 0 MACHMU 153.59 122.62 11.6 A 7
070909.0 070909 0 SCHEOC 156.46 123.85 44.7 A 7
070920.0 070920 0 RANDCO 157.98 121.64 11.4 A 7
070921.0 070921 0 LITSAC 157.75 121.64 23.9 A 7
070934.0 070934 0 CINNMI 140.02 145.91 31.1 A 7
070935.0 070935 0 DIOSMO 142.4 149.75 37.2 A 7
070938.0 070938 0 ELAEJA 143.05 149.6 11.1 A 7
070941.0 070941 0 MACHTH 146.8 145.56 44.5 A 7
070946.0 070946 0 PASAHR 147.49 149.61 18.9 A 7
070966.0 070966 0 GLOCAC 145.25 143.68 19.7 A 7
070970.0 070970 0 GLOCAC 142.03 151.25 16.6 A 7
070976.0 070976 0 GLOCAC 142.86 155.51 9.7 A 7
070980.0 070980 0 PYRESH 143.73 158.6 20.7 A 7
070982.0 070982 0 SYMPTH 147.31 155.81 22.5 A 7
070983.0 070983 0 CASTCU 147.53 157.16 33.8 A 7
070986.0 070986 0 MACHMU 149.65 158.89 17.2 A 7
070988.0 070988 0 MACHTH 149.36 158.08 11.2 A 7
070989.0 070989 0 MACHTH 148.76 157.3 20.7 A 7
070995.0 070995 0 LITSAC 149.24 154.34 21.6 A 7
071007.0 071007 0 MACHTH 152.3 154.2 37.5 A 7
071008.0 071008 0 CASTCU 152.84 153.77 39.4 A 7
071009.0 071009 0 LITSAC 153.4 154.12 20 A 7
071012.0 071012 0 RANDCO 154.81 153.22 11.7 A 7
071015.0 071015 0 MACHMU 152.61 152.31 19.6 A 7
071028.0 071028 0 CASTCU 154 159.54 29.3 A 7
071037.0 071037 0 MELISQ 152.76 156.63 41.4 A 7
071041.0 071041 0 MACHTH 156.53 156.03 32.4 A 7
071043.0 071043 0 HELIFO 156.27 158.45 11.7 A 7
071045.0 071045 0 MELISQ 159.74 159.19 22.3 A 7
071046.0 071046 0 SCHEOC 159.31 158.16 10.3 A 7
071047.0 071047 0 CASTCU 159.68 158.02 14.9 A 7
071050.0 071050 0 SCHEOC 158.27 156.71 14.2 A 7
071052.0 071052 0 DIOSMO 155.22 153.73 12.5 A 7
071063.0 071063 0 LITSAC 150.25 140.34 19 A 7
071066.0 071066 0 MACHMU 150.45 141.25 37.7 A 7
071069.0 071069 0 MELISQ 152.99 143.82 24.7 A 7
071076.0 071076 0 CYCLGI 152.66 146.33 17.6 A 7
071078.0 071078 0 MACHTH 152.92 147.58 10.8 A 7
071089.0 071089 0 CASTCU 159.45 149.91 18.6 A 7
071090.0 071090 0 MACHTH 158.93 145.64 53 A 7
071093.0 071093 0 MELISQ 156.14 143.01 11.4 A 7
071095.0 071095 0 SYMPGL 157.52 142.82 18.3 A 7
071101.0 071101 0 HELIFO 159.4 142.8 9.9 A 7
071105.0 071105 0 PASAHR 140.17 164.8 10 A 7
071109.0 071109 0 MELISQ 140.75 165.78 26 A 7
071113.0 071113 0 MELISQ 141.07 169.98 10.8 A 7
071128.0 071128 0 LITSAC 141.94 176.94 38.2 A 7
071132.0 071132 0 MELISQ 143.49 177.79 24.8 A 7
071133.0 071133 0 MACHTH 141.36 178.26 24.4 A 7
071143.0 071143 0 PASAHR 146.22 177.18 15 A 7
071146.0 071146 0 CYCLLO 146.51 179.27 13.2 A 7
071148.0 071148 0 MELISQ 154.87 170.17 20.5 A 7
071149.0 071149 0 HELIFO 154.41 170.11 10.9 A 7
071151.0 071151 0 CASTCU 153.91 174.83 15.8 A 7
071152.0 071152 0 HELIFO 150.41 176.5 15 A 7
071160.0 071160 0 CASTCU 154.89 177.33 12.4 A 7
071165.0 071165 0 ELAEJA 158.2 178.29 17.4 A 7
071170.0 071170 0 MELISQ 157.69 174.93 14.6 A 7
071171.0 071171 0 CASTCU 158.7 174.71 23.6 A 7
071177.0 071177 0 MELISQ 157.34 173.7 13.2 A 7
071184.0 071184 0 PYRESH 155.9 170.69 13.6 A 7
071186.0 071186 0 PYRESH 150.15 161.57 16.8 A 7
071188.0 071188 0 ADINFO 151.33 163.81 9.6 A 7
071189.0 071189 0 MACHTH 150.96 164.31 27.4 A 7
071192.0 071192 0 LITSAC 152.72 164.93 21.2 A 7
071194.0 071194 0 PYRESH 153.99 164.34 11.2 A 7
071197.0 071197 0 PYRESH 154.17 161.79 12.2 A 7
071203.0 071203 0 ELAEJA 154.65 168.82 22.5 A 7
071204.0 071204 0 ENGERO 154.98 167.54 13.1 A 7
071215.0 071215 0 MACHTH 155.65 166.25 10.2 A 7
071223.0 071223 0 CASTCU 157.66 167.54 39 A 7
071224.0 071224 0 SCHEOC 157.98 166.43 12.7 A 7
071225.0 071225 0 DIOSMO 159.15 166.03 13.9 A 7
071227.0 071227 0 MACHTH 156.43 160.28 13.4 A 7
071231.0 071231 0 MELISQ 157.93 161.66 15.1 A 7
071237.0 071237 0 LIMLUR 156.57 163.12 20.8 A 7
071241.0 071241 0 CASTCU 159.67 164.64 42.1 A 7
071249.0 071249 0 MELISQ 140.24 182.41 17.2 A 7
071259.0 071259 0 MACHTH 143.16 184.19 15.6 A 7
071261.0 071261 0 LIMLUR 144.55 184.27 21 A 7
071262.0 071262 0 MELISQ 144.71 181 13.3 A 7
071264.0 071264 0 SYMPTH 143.87 180.93 11.2 A 7
071284.0 071284 0 LIMLUR 143.8 189.43 21.6 A 7
071287.0 071287 0 PRUNPH 144.98 189.17 15.7 A 7
071292.0 071292 0 DIOSMO 144.95 186.37 14.1 A 7
071303.0 071303 0 MELISQ 145.52 187.18 16 A 7
071304.0 071304 0 CASTCU 145.08 187.54 10.3 A 7
071305.0 071305 0 DIOSMO 146.2 187.78 10.9 A 7
071308.0 071308 0 MELISQ 148.91 189.5 10.6 A 7
071310.0 071310 0 CASTCU 149.91 188.75 11.2 A 7
071314.0 071314 0 CASTCU 149.59 187 13.4 A 7
071319.0 071319 0 CASTCU 149.34 185.75 11.8 A 7
071326.0 071326 0 ELAEJA 146.36 185.75 18.9 A 7
071328.0 071328 0 MACHTH 147.45 184.73 10.1 A 7
071334.0 071334 0 DIOSMO 148.7 183.55 17.9 A 7
071337.0 071337 0 DIOSMO 148.76 182.67 18.2 A 7
071340.0 071340 0 MYRSSE 140.19 191.16 17.1 A 7
071344.0 071344 0 LIMLUR 142.11 192.85 9.9 A 7
071352.0 071352 0 LIMLUR 144.45 190.99 26.5 A 7
071353.0 071353 0 SCHEOC 143.57 191.42 17.6 A 7
071356.0 071356 0 ELAEJA 140.65 196.16 10.2 A 7
071361.0 071361 0 CYCLGI 142.14 197.35 16.5 A 7
071364.0 071364 0 PYRESH 140.86 198.36 16.5 A 7
071374.0 071374 0 MACHZU 144.24 197.57 25.5 A 7
071379.0 071379 0 PYRESH 147.66 199.11 10 A 7
071385.0 071385 0 DIOSMO 149.85 197.78 11 A 7
071400.0 071400 0 MACHTH 147.52 190.89 15 A 7
071403.0 071403 0 MACHTH 153.73 191.22 10.7 A 7
071404.0 071404 0 PRUNPH 154.95 194.95 15.3 A 7
071410.0 071410 0 PRUNPH 151.22 199.8 10.7 A 7
071411.0 071411 0 PYRESH 150.85 199.78 10.5 A 7
071412.0 071412 0 LITSAC 152.13 199.41 16.5 A 7
071425.0 071425 0 DIOSMO 157.1 197.89 9.6 A 7
071426.0 071426 0 PRUNPH 155.62 198.79 20 A 7
071427.0 071427 0 CLEYJA 157.05 198.7 18.7 A 7
071429.0 071429 0 ELAEJA 157.91 199.09 9.9 A 7
071430.0 071430 0 LITSAC 158.87 196.64 22 A 7
071432.0 071432 0 MACHTH 157.76 190.89 11.6 A 7
071433.0 071433 0 CASTCU 157.01 192.03 13.6 A 7
071434.0 071434 0 SCHEOC 158.91 190.31 15.8 A 7
071437.0 071437 0 PYRESH 152.52 181.2 16.5 A 7
071438.0 071438 0 MYRSSE 153.94 181.64 9.7 A 7
071441.0 071441 0 CLEYJA 153.02 182.97 13 A 7
071443.0 071443 0 SYMPGL 153.02 186.4 13.5 A 7
071445.0 071445 0 MELISQ 151.46 186.42 10.3 A 7
071449.0 071449 0 CLEYJA 154.24 187.72 17.7 A 7
071452.0 071452 0 LITSAC 155.29 186.86 15.8 A 7
071455.0 071455 0 PYRESH 158.47 186.35 14.1 A 7
071458.0 071458 0 HELIFO 157.01 189.7 13.7 A 7
071462.0 071462 0 GLOCAC 156.29 184.61 22 A 7
071464.0 071464 0 MACHTH 159.14 181.43 18.9 A 7
071466.0 071466 0 PYRESH 158.13 181.63 13 A 7
071478.0 071478 0 MACHTH 141.47 204.64 9.6 A 8
071481.0 071481 0 LITSAC 142.96 204.19 21.8 A 8
071482.0 071482 0 MELISQ 143.39 204.07 10.3 A 8
071492.0 071492 0 LITSAC 140.55 202.97 24.3 A 8
071497.0 071497 0 MYRIRU 140.82 206.91 19.2 A 8
071500.0 071500 0 DIOSMO 141.23 207.82 21.3 A 8
071502.0 071502 0 MACHTH 140.78 209.09 33.5 A 8
071504.0 071504 0 ELAEJA 140.85 209.48 26.5 A 8
071511.0 071511 0 ENGERO 144.5 207.98 13.3 A 8
071513.0 071513 0 RANDCO 146.64 205.49 12.9 A 8
071515.0 071515 0 CASTCU 147.25 206.74 27.5 A 8
071516.0 071516 0 MELISQ 146.56 209.21 21.8 A 8
071520.0 071520 0 CASTCU 147.62 209.46 14.3 A 8
071524.0 071524 0 MACHTH 148.4 208.57 9.5 A 8
071525.0 071525 0 ELAEJA 148.03 208.35 25.5 A 8
071534.0 071534 0 CASTCU 146.04 200.71 13.8 A 8
071536.0 071536 0 MACHTH 145.19 201.13 13 A 8
071549.0 071549 0 MACHTH 149.31 203.83 14.4 A 8
071551.0 071551 0 MELISQ 147.96 202.1 13.3 A 8
071554.0 071554 0 CYCLLO 148.35 201.03 16.3 A 8
071555.0 071555 0 DIOSMO 148.37 200.45 12.7 A 8
071565.0 071565 0 MACHTH 144.78 214.93 10.4 A 8
071569.0 071569 0 MELISQ 143.89 212.33 14.4 A 8
071570.0 071570 0 MACHTH 144.23 211.82 10.2 A 8
071571.0 071571 0 DIOSMO 144.64 210.38 14.5 A 8
071577.0 071577 0 PRUNPH 142.38 219.94 14.1 A 8
071578.0 071578 0 ELAEJA 143.83 218.01 35 A 8
071580.0 071580 0 MACHTH 144.78 217.28 15.1 A 8
071583.0 071583 0 MYRSSE 143.49 215.98 18.3 A 8
071587.0 071587 0 LITSAC 146.87 216 10 A 8
071597.0 071597 0 MELISQ 148.49 219.27 9.6 A 8
071600.0 071600 0 CLEYJA 147.73 217.91 17.4 A 8
071601.0 071601 0 MYRSSE 148.26 217.42 10.2 A 8
071603.0 071603 0 MYRSSE 149.25 217.79 14.2 A 8
071613.0 071613 0 MACHTH 149.75 214.83 23 A 8
071622.0 071622 0 LIMLUR 146.51 211.93 27.9 A 8
071627.0 071627 0 LITSAC 152.2 217.84 14.8 A 8
071630.0 071630 0 LIMLUR 152.3 218.7 11.3 A 8
071635.0 071635 0 MYRSSE 153.19 216.66 12.3 A 8
071652.0 071652 0 MELISQ 150.58 211.33 24.9 A 8
071661.0 071661 0 MYRSSE 150.57 214.93 13.3 A 8
071663.0 071663 0 MELISQ 153.5 213.56 18.5 A 8
071674.0 071674 0 MYRSSE 157.31 216.15 16.2 A 8
071678.0 071678 0 PYRESH 155.21 219.06 10.4 A 8
071691.0 071691 0 CASTCU 155.39 212.57 22.8 A 8
071697.0 071697 0 MACHTH 158.94 214.06 15.6 A 8
071698.0 071698 0 CYCLLO 158.96 213.43 10 A 8
071699.0 071699 0 CASTCU 158.93 211.06 29.4 A 8
071708.0 071708 0 PYRESH 150.15 202.24 16.2 A 8
071709.0 071709 0 PYRESH 150.65 202.54 12.5 A 8
071711.0 071711 0 MELISQ 151.47 202.85 12.2 A 8
071713.0 071713 0 DIOSMO 151.24 203.52 14.7 A 8
071716.0 071716 0 MACHTH 152.96 204.06 21.1 A 8
071726.0 071726 0 MYRSSE 150.46 208.77 19.4 A 8
071743.0 071743 0 DIOSMO 157.56 206.13 12.5 A 8
071745.0 071745 0 RANDCO 155.97 207.51 11.1 A 8
071747.0 071747 0 PYRESH 156.57 208.31 18.7 A 8
071749.0 071749 0 PYRESH 158.84 208.16 13.6 A 8
071753.0 071753 0 MELISQ 159.75 205.27 10.9 A 8
071757.0 071757 0 MYRSSE 158.96 203.15 14.8 A 8
071758.0 071758 0 MYRSSE 157.65 201.53 14 A 8
071760.0 071760 0 MACHTH 159.44 201.87 25.2 A 8
071763.0 071763 0 RANDCO 141.27 220.81 9.9 A 8
071765.0 071765 0 CASTCU 141.13 222.61 26 A 8
071773.0 071773 0 CASTCU 143.97 224.84 35.5 A 8
071780.0 071780 0 MYRSSE 140.99 227.98 12.9 A 8
071798.0 071798 0 PYRESH 147.28 229.4 16.9 A 8
071800.0 071800 0 CASTCU 148.49 229 26.7 A 8
071802.0 071802 0 CASTCU 148.66 227.85 37.5 A 8
071809.0 071809 0 RANDCO 145.38 223.52 12.5 A 8
071812.0 071812 0 DIOSMO 148.88 223.33 9.7 A 8
071815.0 071815 0 ELAEJA 148.84 222.41 20.8 A 8
071836.0 071836 0 CASTCU 142.48 234.03 17.9 A 8
071841.0 071841 0 LIMLUR 143.67 233.02 32.7 A 8
071846.0 071846 0 MELISQ 142.81 237.91 18.6 A 8
071855.0 071855 0 CASTCU 144.81 237.23 16.3 A 8
071874.0 071874 0 DIOSMO 147.49 237.2 26 A 8
071880.0 071880 0 MACHTH 148.97 232.85 9.9 A 8
071885.0 071885 0 MYRSSE 147.96 231.03 13 A 8
071886.0 071886 0 CINNSU 150.25 230.38 16.2 A 8
071899.0 071899 0 ELAEJA 151.94 236.62 30.5 A 8
071906.0 071906 0 MYRSSE 157.34 236.52 16.8 A 8
071912.0 071912 0 ELAEJA 158.06 239.94 42 A 8
071917.0 071917 0 MYRSSE 157.98 233.68 12 A 8
071923.0 071923 0 DIOSMO 150.29 220.84 18.6 A 8
071925.0 071925 0 CASTCU 151.15 221.19 20 A 8
071935.0 071935 0 DIOSMO 151.1 224.12 12.3 A 8
071939.0 071939 0 LITSAC 154.84 224.23 20 A 8
071943.0 071943 0 DIOSMO 154.37 221.79 22.4 A 8
071956.0 071956 0 LITSAC 153.9 229.4 9.8 A 8
071957.0 071957 0 MACHTH 154.87 229.95 22.9 A 8
071959.0 071959 0 CASTCU 154.53 227.89 42.3 A 8
071981.0 071981 0 CASTCU 156.04 220.64 28.6 A 8
071984.0 071984 0 DIOSMO 156.03 221.74 18.2 A 8
071998.0 071998 0 DIOSMO 142.62 240.76 21.9 A 8
072004.0 072004 0 PYRESH 143.99 244.47 10.5 A 8
072021.0 072021 0 CASTCU 142.11 249.94 18.1 A 8
072027.0 072027 0 MELISQ 144.37 249.41 21.6 A 8
072051.0 072051 0 LIMLUR 149.92 247.78 14.6 A 8
072066.0 072066 0 ELAEJA 147.78 244.14 29.9 A 8
072069.0 072069 0 LIMLUR 147.39 243.53 69.3 A 8
072081.0 072081 0 PYRESH 140.96 254.8 9.5 A 8
072083.0 072083 0 LIMLUR 141.3 254.23 25.7 A 8
072100.0 072100 0 MYRSSE 142.85 255.17 17.7 A 8
072103.0 072103 0 PYRESH 141.56 257.31 17.2 A 8
072105.0 072105 0 MYRSSE 140.63 259.95 11.8 A 8
072112.0 072112 0 PYRESH 143.73 258.09 11.8 A 8
072113.0 072113 0 PYRESH 144.98 259.36 10.9 A 8
072115.0 072115 0 MYRSSE 143.32 257.08 13.2 A 8
072131.0 072131 0 MYRSSE 146.97 257.48 11.9 A 8
072136.0 072136 0 CASTCU 146.07 259.3 14.8 A 8
072140.0 072140 0 MYRSSE 148.17 259.71 9.6 A 8
072141.0 072141 0 CASTCU 149.81 259.8 11.8 A 8
072142.0 072142 0 CLEYJA 149.85 259.95 13.4 A 8
072172.0 072172 0 DIOSMO 150.31 250.47 42.2 A 8
072180.0 072180 0 ELAEJA 152.61 254.97 44.9 A 8
072191.0 072191 0 MYRSSE 151.13 258.11 13 A 8
072207.0 072207 0 PRUNPH 156.68 255.52 10.2 A 8
072215.0 072215 0 PRUNPH 155.51 259.04 10.8 A 8
072227.0 072227 0 CASTCU 155.85 250.34 9.5 A 8
072233.0 072233 0 CASTCU 159.61 254.91 23.5 A 8
072242.0 072242 0 PYRESH 151.81 244.97 14 A 8
072243.0 072243 0 MYRSSE 154.84 242.71 9.6 A 8
072245.0 072245 0 LIMLUR 153.79 241.52 34.3 A 8
072247.0 072247 0 MYRSSE 152.37 240.42 12 A 8
072248.0 072248 0 RANDCO 152.38 240.57 11.9 A 8
072254.0 072254 0 MELISQ 151.78 249.26 19.7 A 8
072259.0 072259 0 CASTCU 152.71 249.11 38.5 A 8
072261.0 072261 0 PYRESH 154.07 249.8 9.8 A 8
072268.0 072268 0 DIOSMO 154.21 246.05 14.5 A 8
072289.0 072289 0 ELAEJA 158.17 247.07 10.8 A 8
072300.0 072300 0 LIMLUR 157.75 245.35 26.6 A 8
072303.0 072303 0 MELISQ 156.09 241.5 10.1 A 8
072318.0 072318 0 MYRSSE 158.12 241.89 14.6 A 8
072319.0 072319 0 MELISQ 158.05 242.06 10.6 A 8
072323.0 072323 0 MYRSSE 142.28 260.52 9.5 A 8
072331.0 072331 0 MYRSSE 141.61 262.97 11.7 A 8
072335.0 072335 0 MACHMU 142.38 263.21 17.6 A 8
072338.0 072338 0 MELISQ 144.88 262.65 11.5 A 8
072347.0 072347 0 MYRSSE 143.97 261.3 10.7 A 8
072374.0 072374 0 MACHTH 148.47 268.09 15 A 8
072377.0 072377 0 LIMLUR 147.14 261.86 19.9 A 8
072391.0 072391 0 ELAEJA 143.25 270.15 10.4 A 8
072403.0 072403 0 ELAEJA 144.47 272.6 28.3 A 8
072405.0 072405 0 LIMLUR 143.8 274.09 16.8 A 8
072408.0 072408 0 LITSAC 144.26 274.96 19.7 A 8
072412.0 072412 0 MACHTH 144.84 272.58 23.7 A 8
072416.0 072416 0 MYRSSE 142.96 272.18 12.1 A 8
072423.0 072423 0 MACHTH 143.89 279.6 10.6 A 8
072425.0 072425 0 LITSAC 144.94 279.82 13.9 A 8
072426.0 072426 0 MYRSSE 144.94 279.1 10.1 A 8
072436.0 072436 0 CLEYJA 146.46 275.05 16.2 A 8
072452.0 072452 0 DIOSMO 146.88 272.65 13.7 A 8
072457.0 072457 0 LIMLUR 149.38 270.62 25.5 A 8
072468.0 072468 0 MACHTH 154.26 270.68 16.2 A 8
072471.0 072471 0 MELISQ 152.24 275.45 15.1 A 8
072475.0 072475 0 CINNSU 150.28 277.17 30.3 A 8
072477.0 072477 0 CLEYJA 151.37 279.63 11.4 A 8
072479.0 072479 0 MACHTH 153.46 279.98 12.4 A 8
072480.0 072480 0 DIOSMO 154.72 278.7 26 A 8
072489.0 072489 0 MELISQ 156.48 278.06 14 A 8
072492.0 072492 0 ELAEJA 158.29 278.08 39.4 A 8
072501.0 072501 0 PRUNPH 158.27 278.46 13.3 A 8
072509.0 072509 0 ELAEJA 155.93 271.57 26.2 A 8
072510.0 072510 0 CLEYJA 155.24 271.84 13.5 A 8
072522.0 072522 0 MACHTH 150.48 262.65 9.6 A 8
072524.0 072524 0 LITSAC 153.97 264.61 20.1 A 8
072533.0 072533 0 MELISQ 153.83 262.89 27.9 A 8
072543.0 072543 0 ELAEJA 153.55 268.79 36.2 A 8
072546.0 072546 0 ELAEJA 154.01 268.42 32.2 A 8
072547.0 072547 0 LITSAC 155.62 265.18 17.6 A 8
072548.0 072548 0 SCHEOC 155.04 266.43 16.7 A 8
072549.0 072549 0 CLEYJA 155.15 266.9 18.2 A 8
072557.0 072557 0 PYRESH 155.77 269.8 16.6 A 8
072561.0 072561 0 CASTCU 157.51 268.43 12.4 A 8
072568.0 072568 0 CASTCU 157.65 261.01 21.7 A 8
072574.0 072574 0 LIMLUR 141.78 280.68 24.1 A 8
072575.0 072575 0 LIMLUR 142.51 280.76 37.5 A 8
072576.0 072576 0 RANDCO 142.18 280.45 11.5 A 8
072582.0 072582 0 ELAEJA 141.7 283.15 15.5 A 8
072584.0 072584 0 DIOSMO 141.15 284.63 30.4 A 8
072594.0 072594 0 MELISQ 140.29 287.51 20.7 A 8
072595.0 072595 0 CINNSU 140.95 287.03 28.7 A 8
072596.0 072596 0 CYCLLO 141.47 287.62 20.4 A 8
072601.0 072601 0 ENGERO 141.49 289.94 10 A 8
072610.0 072610 0 LIMLUR 144.16 286 14.6 A 8
072613.0 072613 0 MACHTH 142.22 285.54 13.5 A 8
072615.0 072615 0 LITSAC 147 286.02 20.1 A 8
072617.0 072617 0 HELIFO 147.54 287.04 11.1 A 8
072619.0 072619 0 DIOSMO 147.99 286.77 32.2 A 8
072622.0 072622 0 MACHMU 147.42 289.71 12.7 A 8
072623.0 072623 0 LITSAC 148.94 289.14 17.7 A 8
072632.0 072632 0 ELAEJA 145.25 282.6 25.6 A 8
072649.0 072649 0 HELIFO 141.97 294.06 11 A 8
072650.0 072650 0 MACHTH 142.15 294.51 17.3 A 8
072651.0 072651 0 CASTCU 143.55 293.06 63 A 8
072655.0 072655 0 ELAEJA 144.11 292.6 18.8 A 8
072656.0 072656 0 PYRESH 143.73 290.85 12.6 A 8
072659.0 072659 0 RANDCO 142.99 295.12 14 A 8
072662.0 072662 0 GLOCAC 143.37 296.96 25.9 A 8
072667.0 072667 0 MELISQ 145.42 296.43 29.7 A 8
072670.0 072670 0 LITSAC 146.7 295.42 11.4 A 8
072676.0 072676 0 LITSAC 145.26 298.55 52.8 A 8
072681.0 072681 0 MACHTH 148 298.08 34.5 A 8
072687.0 072687 0 MELISQ 145.33 294.46 22.1 A 8
072689.0 072689 0 PYRESH 147.86 292.24 12 A 8
072690.0 072690 0 PYRESH 149.15 292.04 12.4 A 8
072694.0 072694 0 ELAEJA 149.89 292.99 36.2 A 8
072702.0 072702 0 RANDCO 152.93 290.35 12.6 A 8
072709.0 072709 0 CLEYJA 154.45 292.08 13.4 A 8
072712.0 072712 0 MELISQ 154.57 296.63 21.3 A 8
072720.0 072720 0 LITSAC 153.97 298.87 44.3 A 8
072721.0 072721 0 MACHMU 152.98 298.9 15.4 A 8
072723.0 072723 0 ELAEJA 154.75 296.64 21.3 A 8
072729.0 072729 0 SYMPGL 158.91 295.89 12.5 A 8
072730.0 072730 0 CLEYJA 158.91 296.84 13.8 A 8
072738.0 072738 0 MELISQ 155.21 291.53 31.2 A 8
072744.0 072744 0 DAPHGL 156.02 293.19 20.5 A 8
072747.0 072747 0 MACHMU 157.41 292.26 10.2 A 8
072749.0 072749 0 CASTCU 157.05 292.27 15.5 A 8
072752.0 072752 0 SCHEOC 150.82 281.57 21.2 A 8
072757.0 072757 0 CLEYJA 151.42 284.91 17.8 A 8
072760.0 072760 0 SCHEOC 152.98 280.62 11.7 A 8
072764.0 072764 0 MACHTH 150.38 287.08 10.8 A 8
072770.0 072770 0 MACHTH 154.75 287.85 14.2 A 8
072772.0 072772 0 MELISQ 153.9 285.89 20.1 A 8
072775.0 072775 0 PYRESH 155.99 283.31 15.3 A 8
072776.0 072776 0 MACHTH 156.12 283.99 36.8 A 8
072778.0 072778 0 CASTCU 158.26 282.85 13.5 A 8
072783.0 072783 0 ENGERO 158.08 280.91 25.1 A 8
074235.0 074235 0 TRICDU 141.88 138.95 10.4 A 7
074320.0 074320 0 MELISQ 155.68 175.42 30.1 A 7
074367.0 074367 0 MELISQ 153.99 182.91 9.9 A 7
074472.0 074472 0 CASTCU 145.98 263.24 12.1 A 8
074504.0 074504 0 PRUNPH 157.57 262.78 11.1 A 8
074510.0 074510 0 MACHMU 145.07 283.79 13.5 A 8
080704.0 080704 0 LITSAC 162.99 109.95 42.3 A 7
080707.0 080707 0 SCHEOC 164.89 105.69 17.8 A 7
080720.0 080720 0 SCHEOC 166.17 102.51 15 A 7
080741.0 080741 0 PRUNPH 161.03 118.73 16.3 A 7
080743.0 080743 0 CASTCU 164.37 119.48 35.7 A 7
080753.0 080753 0 LITSAC 165.99 119.98 45 A 7
080761.0 080761 0 LITSAC 165.75 110.86 62.8 A 7
080766.0 080766 0 LITSAC 169.48 113.53 36.4 A 7
080771.0 080771 0 LITSAC 169.13 110.92 29.8 A 7
080775.0 080775 0 MACHTH 171.77 111.49 29.9 A 7
080777.0 080777 0 SYMPSO 171.98 112.47 9.9 A 7
080790.0 080790 0 MACHTH 173.28 111.62 22.8 A 7
080796.0 080796 0 LIMLUR 170.8 115.98 47.7 A 7
080800.0 080800 0 GLOCAC 172.88 119.04 24.9 A 7
080801.0 080801 0 ENGERO 174.45 118.66 15.9 A 7
080804.0 080804 0 MACHTH 173.28 116.26 10.2 A 7
080814.0 080814 0 MELISQ 175.49 118.77 18.5 A 7
080817.0 080817 0 PYRESH 176.46 119.97 11.5 A 7
080828.0 080828 0 LITSAC 175.86 110.89 39.9 A 7
080836.0 080836 0 LITSAC 178.8 113.62 21.2 A 7
080838.0 080838 0 CINNMI 170.41 101.4 72.5 A 7
080840.0 080840 0 MACHZU 171.09 101.39 18.8 A 7
080846.0 080846 0 LITSAC 170.68 104.63 23.2 A 7
080847.0 080847 0 CASTCU 170.93 103.22 11.5 A 7
080854.0 080854 0 MELISQ 174.7 102.65 9.5 A 7
080856.0 080856 0 GLOCAC 174.47 102.27 12.8 A 7
080865.0 080865 0 LIMLUR 171.12 108.94 25.2 A 7
080876.0 080876 0 LITSAC 176.43 108.67 27.3 A 7
080877.0 080877 0 CASTCU 176.22 108.67 14.5 A 7
080888.0 080888 0 PYRESH 176.95 103.66 11.3 A 7
080889.0 080889 0 MACHTH 178.05 104.46 60.4 A 7
080903.0 080903 0 HELIFO 162.32 124.2 16.3 A 7
080917.0 080917 0 LITSAC 167.93 127.62 36.2 A 7
080922.0 080922 0 MACHTH 168.59 123.18 27.7 A 7
080924.0 080924 0 SCHEOC 169.79 121.76 17.5 A 7
080929.0 080929 0 GLOCAC 162.14 131.23 19 A 7
080931.0 080931 0 GLOCAC 162.65 133.53 19.9 A 7
080935.0 080935 0 MACHMU 163.91 132.37 25.2 A 7
080936.0 080936 0 GLOCAC 161.63 137.33 11 A 7
080939.0 080939 0 LITSAC 168.66 133.83 12.9 A 7
080940.0 080940 0 MACHTH 169.67 130.57 19 A 7
080942.0 080942 0 CASTCU 171.5 130.76 34.9 A 7
080944.0 080944 0 ENGERO 171 133.51 11.1 A 7
080949.0 080949 0 MACHMU 171.57 139.71 28.9 A 7
080950.0 080950 0 LIMLUR 174.14 139.16 14.9 A 7
080951.0 080951 0 HELIFO 175.36 135.45 14.8 A 7
080952.0 080952 0 RHUSSU 176.16 138.67 46 A 7
080955.0 080955 0 LIMLUR 175.77 130.85 105.5 A 7
080959.0 080959 0 CASTCU 177.22 134 16 A 7
080978.0 080978 0 SYMPTH 172.51 122.54 22.2 A 7
080987.0 080987 0 MACHTH 174.75 122.78 31.8 A 7
080997.0 080997 0 CLEYJA 170.61 125.48 9.6 A 7
081012.0 081012 0 MACHTH 177.39 126.52 24.5 A 7
081024.0 081024 0 SCHEOC 178.56 128.43 11.8 A 7
081041.0 081041 0 LIMLUR 177.59 120.65 49.8 A 7
081048.0 081048 0 ENGERO 160.92 146.05 11.5 A 7
081051.0 081051 0 MACHTH 160.42 149.54 12.2 A 7
081058.0 081058 0 SCHEOC 163.96 148.23 23.9 A 7
081063.0 081063 0 MELISQ 167.96 149.41 19.3 A 7
081067.0 081067 0 MACHTH 168.94 147.64 11.3 A 7
081070.0 081070 0 MACHMU 167.42 144.06 12.7 A 7
081072.0 081072 0 SYMPTH 169.5 143.26 17.3 A 7
081074.0 081074 0 MACHTH 160.08 151.01 19.8 A 7
081080.0 081080 0 MELISQ 160.19 153.96 29.1 A 7
081084.0 081084 0 SCHEOC 162.32 156.4 12.2 A 7
081087.0 081087 0 SCHEOC 161.95 157.72 14.2 A 7
081089.0 081089 0 MELISQ 163.87 158.6 23.3 A 7
081092.0 081092 0 GLOCAC 163.97 159.26 12 A 7
081094.0 081094 0 MACHTH 165.09 155.34 26.4 A 7
081104.0 081104 0 MELISQ 166.13 151.55 24.7 A 7
081105.0 081105 0 MACHTH 166.8 152.73 14 A 7
081114.0 081114 0 CLEYJA 170.63 154.6 14.6 A 7
081119.0 081119 0 LIMLUR 172.89 156.13 28.8 A 7
081130.0 081130 0 ELAEJA 176.6 156.76 57.7 A 7
081138.0 081138 0 LIMLUR 178.84 158.82 31.1 A 7
081140.0 081140 0 MACHTH 178.97 157.98 15.3 A 7
081145.0 081145 0 PRUNPH 177.51 154.41 14.6 A 7
081147.0 081147 0 RANDCO 177.85 153.25 10.7 A 7
081150.0 081150 0 CASTCU 179.18 151.43 10.8 A 7
081155.0 081155 0 MACHTH 173.19 144.09 11 A 7
081157.0 081157 0 DIOSMO 174.68 140.78 18 A 7
081158.0 081158 0 HELIFO 174.64 140.37 11.3 A 7
081161.0 081161 0 MACHMU 171.22 145.72 37.2 A 7
081162.0 081162 0 LIMLUR 171.15 146.93 36.4 A 7
081169.0 081169 0 HELIFO 179.57 148.21 9.5 A 7
081175.0 081175 0 SCHEOC 176.09 146.06 73.5 A 7
081178.0 081178 0 GLOCAC 177.49 143.8 23.1 A 7
081180.0 081180 0 MACHMU 179.86 144.56 18.6 A 7
081189.0 081189 0 MELISQ 160.19 161.29 19.5 A 7
081190.0 081190 0 CASTCU 161.17 162.04 14.7 A 7
081193.0 081193 0 SYMPTH 161.23 162.33 12.8 A 7
081196.0 081196 0 MELISQ 161.56 162.81 16 A 7
081197.0 081197 0 CASTCU 161.63 163.24 14.6 A 7
081198.0 081198 0 SYMPTH 162.52 164.91 16.5 A 7
081201.0 081201 0 PYRESH 162.79 161.33 17.3 A 7
081204.0 081204 0 PASAHR 163.19 160.32 15 A 7
081205.0 081205 0 MACHTH 160.61 165.64 31.3 A 7
081206.0 081206 0 LIMLUR 161.05 169.4 18.2 A 7
081211.0 081211 0 PYRESH 162.92 169.36 18.9 A 7
081212.0 081212 0 CASTCU 162.42 169.06 11 A 7
081214.0 081214 0 CYCLGI 164.35 167.72 19.6 A 7
081216.0 081216 0 PYRESH 164.47 167.07 10.1 A 7
081227.0 081227 0 ELAEJA 166.57 169.38 17.3 A 7
081234.0 081234 0 PYRESH 169.78 165.42 30.5 A 7
081236.0 081236 0 PRUNPH 166.88 161.93 14.3 A 7
081237.0 081237 0 CASTCU 167.91 162.61 19.9 A 7
081241.0 081241 0 PRUNPH 168.8 164.09 13.4 A 7
081243.0 081243 0 MACHTH 168.33 163.26 15.9 A 7
081253.0 081253 0 CASTCU 161.44 173.69 25.9 A 7
081256.0 081256 0 MELISQ 160.41 174.78 18.8 A 7
081259.0 081259 0 CASTCU 162.27 174.02 13.9 A 7
081262.0 081262 0 CLEYJA 163.2 173.16 9.6 A 7
081264.0 081264 0 MELISQ 165.69 171.35 11.4 A 7
081271.0 081271 0 MYRSSE 162.07 179.11 10 A 7
081275.0 081275 0 CASTCU 163.91 176.09 23.2 A 7
081287.0 081287 0 CASTCU 169.01 177.4 19.2 A 7
081291.0 081291 0 PASAHR 165.15 172.89 13.1 A 7
081297.0 081297 0 MACHTH 167.04 174.91 22.1 A 7
081308.0 081308 0 ELAEJA 169.89 170.34 29.3 A 7
081316.0 081316 0 CASTCU 170.44 171.97 9.7 A 7
081320.0 081320 0 RANDCO 170.05 174.27 12.7 A 7
081325.0 081325 0 MYRSSE 174.06 174.04 11.5 A 7
081330.0 081330 0 ELAEJA 174.81 173.11 13.8 A 7
081334.0 081334 0 ELAEJA 172.54 170.72 36.3 A 7
081335.0 081335 0 MELISQ 174 170.45 17.9 A 7
081336.0 081336 0 MYRSSE 174.77 171.11 12.2 A 7
081339.0 081339 0 CASTCU 170.38 175.99 23.8 A 7
081341.0 081341 0 MELISQ 170.78 175.96 10.6 A 7
081342.0 081342 0 MYRSSE 170.86 176.16 13.7 A 7
081347.0 081347 0 MYRSSE 172.04 179.98 15.6 A 7
081350.0 081350 0 MACHTH 173.09 177.44 11.8 A 7
081353.0 081353 0 CLEYJA 173.57 177.35 15.3 A 7
081358.0 081358 0 MELISQ 174.7 176.91 11.3 A 7
081373.0 081373 0 CASTCU 175.09 176.12 20.3 A 7
081376.0 081376 0 MYRSSE 175.09 177.71 13.9 A 7
081377.0 081377 0 ELAEJA 175.87 178.48 10 A 7
081379.0 081379 0 MYRSSE 176.54 178.4 10.1 A 7
081385.0 081385 0 LIMLUR 176.8 179.94 25.6 A 7
081388.0 081388 0 GORDAX 179.4 179.26 20.8 A 7
081390.0 081390 0 ELAEJA 179.47 179.95 27.7 A 7
081393.0 081393 0 MYRSSE 179.86 178.89 10.1 A 7
081395.0 081395 0 DIOSMO 179.54 179.11 26.4 A 7
081419.0 081419 0 MYRSSE 176.29 173.24 16.3 A 7
081420.0 081420 0 ELAEJA 177.92 173.8 22 A 7
081430.0 081430 0 MYRSSE 178.93 173.01 11.8 A 7
081432.0 081432 0 LIMLUR 179.01 172.04 17.7 A 7
081437.0 081437 0 LIMLUR 177.96 172.18 15.5 A 7
081438.0 081438 0 PYRESH 172.47 160.68 10.3 A 7
081457.0 081457 0 MELISQ 174 168.69 10.4 A 7
081468.0 081468 0 GLOCAC 177.2 167.01 13.7 A 7
081469.0 081469 0 ELAEJA 175.29 167.6 12.9 A 7
081472.0 081472 0 LITSAC 179.5 166.36 21 A 7
081475.0 081475 0 CASTCU 175.51 160.32 27.8 A 7
081479.0 081479 0 GLOCAC 175.62 164.34 12.7 A 7
081480.0 081480 0 LITSAC 177.05 164.13 33.6 A 7
081487.0 081487 0 SYMPTH 178.76 160.44 11.9 A 7
081488.0 081488 0 LITSAC 161.6 181.03 14.4 A 7
081493.0 081493 0 ADINFO 161.91 183.52 9.6 A 7
081498.0 081498 0 GLOCAC 162.42 184.17 16.3 A 7
081501.0 081501 0 MACHTH 164.62 184.19 21 A 7
081503.0 081503 0 MELISQ 164.38 182.13 19.2 A 7
081509.0 081509 0 CASTCU 163.66 181.02 43.5 A 7
081510.0 081510 0 DIOSMO 164.18 181.15 10.7 A 7
081521.0 081521 0 CLEYJA 164.37 185.32 13.8 A 7
081525.0 081525 0 CINNMI 165.41 186.98 10.3 A 7
081526.0 081526 0 ITEAPA 165.97 189.2 11.2 A 7
081530.0 081530 0 MACHTH 167.15 189.81 20.9 A 7
081532.0 081532 0 LITSAC 167.52 189.4 13.6 A 7
081534.0 081534 0 LIMLUR 169.41 188.86 18.9 A 7
081545.0 081545 0 ELAEJA 166.44 182.38 25.9 A 7
081552.0 081552 0 PYRESH 169.13 184.6 15.4 A 7
081557.0 081557 0 MYRSSE 169.52 182.24 12.4 A 7
081561.0 081561 0 LITSAC 162.54 192.03 19.7 A 7
081570.0 081570 0 MACHZU 162.39 193.11 9.5 A 7
081571.0 081571 0 MYRSSE 162.31 194 16.1 A 7
081577.0 081577 0 MACHZU 161.6 196.44 10.7 A 7
081578.0 081578 0 ELAEJA 160.99 196.97 33.8 A 7
081585.0 081585 0 MYRSSE 161.59 199.46 11.2 A 7
081586.0 081586 0 CLEYJA 164.33 198.01 11.7 A 7
081587.0 081587 0 CASTCU 164.13 197.86 9.9 A 7
081594.0 081594 0 MACHTH 166.95 195.54 18.1 A 7
081595.0 081595 0 CASTCU 167.22 195.95 22.6 A 7
081597.0 081597 0 DIOSMO 165.29 198.04 12.4 A 7
081603.0 081603 0 LITSAC 167.64 197.71 12.9 A 7
081606.0 081606 0 MACHTH 169.86 196.67 9.9 A 7
081612.0 081612 0 DAPHGL 165.12 190.34 9.6 A 7
081613.0 081613 0 MACHZU 166.3 191.02 13.6 A 7
081615.0 081615 0 CASTCU 165.45 192.14 24.4 A 7
081622.0 081622 0 MYRSSE 169.74 193.93 10 A 7
081637.0 081637 0 CASTCU 172.57 190.3 26.4 A 7
081641.0 081641 0 CINNSU 170.17 192.74 12.9 A 7
081649.0 081649 0 MYRSSE 172.84 192.14 13.8 A 7
081653.0 081653 0 MELISQ 173.66 190.21 22.8 A 7
081659.0 081659 0 ELAEJA 171.97 196.32 23.4 A 7
081668.0 081668 0 CASTCU 174.11 199.91 31.3 A 7
081669.0 081669 0 ELAEJA 174.77 199.54 28.9 A 7
081686.0 081686 0 MYRSSE 175.48 199.04 19.9 A 7
081688.0 081688 0 MYRSSE 175.46 199.28 14.3 A 7
081691.0 081691 0 MYRSSE 178.06 199.68 10.6 A 7
081695.0 081695 0 MELISQ 178.8 198.59 11.1 A 7
081703.0 081703 0 PYRESH 178.33 195.21 10.3 A 7
081715.0 081715 0 ELAEJA 175.25 193.43 13.7 A 7
081719.0 081719 0 MELISQ 176 194.19 12.6 A 7
081725.0 081725 0 MELISQ 179.14 193.87 11.5 A 7
081731.0 081731 0 MACHTH 179.31 192.61 13.8 A 7
081734.0 081734 0 MELISQ 179.84 191.66 17.8 A 7
081735.0 081735 0 CASTCU 179.82 190.61 25.5 A 7
081747.0 081747 0 RANDCO 170.51 181.56 12.4 A 7
081757.0 081757 0 SYZYBU 172.88 183.33 11.8 A 7
081761.0 081761 0 DIOSMO 174.11 184.7 13.9 A 7
081766.0 081766 0 MYRSSE 174.7 181.97 14.2 A 7
081773.0 081773 0 LIMLUR 173.13 181.01 24.6 A 7
081774.0 081774 0 MYRSSE 172.85 180.66 10.2 A 7
081782.0 081782 0 DIOSMO 171.98 187.48 15.2 A 7
081783.0 081783 0 MYRSSE 170.99 189 9.7 A 7
081792.0 081792 0 DIOSMO 174.78 189.7 10.3 A 7
081800.0 081800 0 MELISQ 173.4 185.65 18.8 A 7
081802.0 081802 0 PYRESH 172.65 185.91 9.5 A 7
081809.0 081809 0 PYRESH 176.06 188.04 11.6 A 7
081811.0 081811 0 MYRSSE 175.79 189.68 13.6 A 7
081814.0 081814 0 DIOSMO 179.42 188.05 18.9 A 7
081820.0 081820 0 ELAEJA 178.96 185.37 39.5 A 7
081821.0 081821 0 LIMLUR 178.66 185.37 23.7 A 7
081828.0 081828 0 LIMLUR 175.05 182.65 19 A 7
081829.0 081829 0 MYRSSE 175.05 184.95 11.2 A 7
081834.0 081834 0 MYRSSE 177.37 184.34 13 A 7
081841.0 081841 0 MYRSSE 160.95 201.03 10.9 A 8
081848.0 081848 0 MELISQ 160.76 203.04 11.1 A 8
081851.0 081851 0 CINNSU 162.47 203.99 19.3 A 8
081864.0 081864 0 CASTCU 160.04 208.25 45.1 A 8
081884.0 081884 0 DIOSMO 163.4 208.12 15.6 A 8
081890.0 081890 0 LIMLUR 165.26 206.57 14.2 A 8
081892.0 081892 0 CASTCU 167.24 209.21 16 A 8
081893.0 081893 0 MYRSSE 168.96 209.48 10.9 A 8
081894.0 081894 0 RANDCO 167.15 208.26 11 A 8
081901.0 081901 0 MACHTH 167.46 205.49 19.7 A 8
081906.0 081906 0 CASTCU 165.55 200.85 20.1 A 8
081911.0 081911 0 PYRESH 165.76 203.29 10.1 A 8
081943.0 081943 0 SYMPCA 163.91 211.99 23.6 A 8
081945.0 081945 0 CLEYJA 161.47 215.11 14.7 A 8
081954.0 081954 0 CASTCU 160.38 218.09 46.6 A 8
081957.0 081957 0 MYRSSE 162.25 217.33 12.1 A 8
081962.0 081962 0 LITSAC 164.2 218.42 12.7 A 8
081982.0 081982 0 PRUNPH 170.32 210.6 12.3 A 8
081988.0 081988 0 MACHMU 170.64 213.21 17.4 A 8
081992.0 081992 0 MYRSSE 172.08 213.72 14.4 A 8
082009.0 082009 0 PYRESH 172.43 210.92 10.5 A 8
082010.0 082010 0 MACHTH 172.87 211.19 10.3 A 8
082014.0 082014 0 CINNAU 171.26 217.03 10.3 A 8
082019.0 082019 0 MYRSSE 173.74 218.89 20.2 A 8
082024.0 082024 0 CASTCU 173.3 216.56 37.7 A 8
082034.0 082034 0 MELISQ 177.37 219.46 14.4 A 8
082035.0 082035 0 PYRESH 177.29 218.65 10.3 A 8
082037.0 082037 0 LIMLUR 178.87 217.96 17.1 A 8
082039.0 082039 0 LIMLUR 177.73 216.73 12.4 A 8
082041.0 082041 0 MACHTH 175.62 210.64 15 A 8
082043.0 082043 0 MYRSSE 175.82 211.74 16 A 8
082045.0 082045 0 CASTCU 177.25 212.45 28.2 A 8
082047.0 082047 0 ELAEJA 177.01 213.21 11.3 A 8
082048.0 082048 0 ELAEJA 176.73 213.52 9.8 A 8
082058.0 082058 0 DIOSMO 178.97 211.67 22.9 A 8
082063.0 082063 0 MELISQ 176.8 210.75 16.7 A 8
082073.0 082073 0 CASTCU 170.58 204.63 41.4 A 8
082085.0 082085 0 LITSAC 173.31 199.91 12.3 A 7
082087.0 082087 0 DIOSMO 170.7 205.03 9.7 A 8
082089.0 082089 0 LITSAC 170.39 205.01 10.8 A 8
082096.0 082096 0 DIOSMO 171.42 208.4 13.2 A 8
082099.0 082099 0 LIMLUR 174.33 209.3 14.6 A 8
082124.0 082124 0 MELISQ 178.37 209.74 10.6 A 8
082127.0 082127 0 DIOSMO 179.57 208.35 10.5 A 8
082146.0 082146 0 MYRSSE 175.77 204.04 18.2 A 8
082147.0 082147 0 PYRESH 176.1 204.37 10.4 A 8
082149.0 082149 0 MELISQ 179.14 204.53 12.9 A 8
082151.0 082151 0 MYRSSE 177.86 202.55 13.2 A 8
082153.0 082153 0 DIOSMO 179.34 201.63 16.9 A 8
082154.0 082154 0 CASTCU 179.72 201.63 12.3 A 8
082155.0 082155 0 MYRSSE 179.54 200.64 12 A 8
082157.0 082157 0 MYRSSE 161.49 220.64 10.6 A 8
082165.0 082165 0 MYRSSE 161.66 223.97 16.6 A 8
082167.0 082167 0 MELISQ 161.7 224.64 12.8 A 8
082176.0 082176 0 RANDCO 164.18 222.03 11.8 A 8
082180.0 082180 0 ILEXFO 160.39 227.03 15.3 A 8
082189.0 082189 0 DIOSMO 160.8 229.54 16.4 A 8
082195.0 082195 0 MELISQ 163.81 228.74 17.4 A 8
082197.0 082197 0 CASTCU 164.3 227.74 31.8 A 8
082204.0 082204 0 MELISQ 163.01 225.71 11.2 A 8
082207.0 082207 0 LIMLUR 165.08 225.04 24.7 A 8
082216.0 082216 0 MYRSSE 169.27 227.52 9.7 A 8
082220.0 082220 0 DIOSMO 167.37 225.07 11.9 A 8
082221.0 082221 0 MELISQ 166.74 222.03 16.2 A 8
082227.0 082227 0 CASTCU 167.66 223.04 32.6 A 8
082231.0 082231 0 MYRSSE 169.89 222.23 16.4 A 8
082236.0 082236 0 RANDCO 160.04 230.64 16.1 A 8
082246.0 082246 0 LIMLUR 163.67 231.33 25.6 A 8
082247.0 082247 0 DIOSMO 162.78 231.53 12.8 A 8
082250.0 082250 0 CASTCU 161.67 230.62 33.9 A 8
082252.0 082252 0 MELISQ 161.06 235.49 13 A 8
082262.0 082262 0 DIOSMO 161.54 238.52 16.5 A 8
082264.0 082264 0 MYRSSE 161.87 239.37 9.8 A 8
082279.0 082279 0 SYMPGL 165.68 235.56 12.1 A 8
082280.0 082280 0 LIMLUR 166.5 237.38 31 A 8
082283.0 082283 0 LITSAC 167.15 238.82 17.7 A 8
082292.0 082292 0 LITSAC 165.36 230.44 11.5 A 8
082293.0 082293 0 MYRSSE 165.48 232.17 13.5 A 8
082294.0 082294 0 MYRSSE 166.06 232.17 16.4 A 8
082309.0 082309 0 MACHTH 168.48 232.14 14.2 A 8
082320.0 082320 0 DIOSMO 170.26 233.85 15.4 A 8
082326.0 082326 0 MACHTH 173.47 234.54 32.6 A 8
082334.0 082334 0 ELAEJA 174.37 232.47 33.9 A 8
082340.0 082340 0 ELAESY 170.68 236.52 19.7 A 8
082342.0 082342 0 LIMLUR 170.66 237.51 32.5 A 8
082348.0 082348 0 ELAEJA 174.2 239.23 27.4 A 8
082360.0 082360 0 PYRESH 177.03 236.04 10.4 A 8
082363.0 082363 0 ADINFO 176.58 238.72 13.3 A 8
082367.0 082367 0 CLEYJA 178.27 239.98 10.3 A 8
082371.0 082371 0 ELAEJA 179.77 239.03 14.3 A 8
082383.0 082383 0 MYRSSE 175.15 232.34 9.6 A 8
082385.0 082385 0 MYRSSE 176.77 234.37 14.8 A 8
082387.0 082387 0 ELAEJA 177.55 233.35 25.9 A 8
082391.0 082391 0 MACHTH 178.52 231.56 22.4 A 8
082400.0 082400 0 MYRSSE 171.71 223.38 13.8 A 8
082401.0 082401 0 ELAESY 171.39 223.58 32.5 A 8
082407.0 082407 0 ELAEJA 174.67 220.47 28.7 A 8
082415.0 082415 0 MACHTH 171.37 227.01 17.9 A 8
082433.0 082433 0 CASTCU 173.01 226.35 46.3 A 8
082450.0 082450 0 MACHTH 175.32 229.64 11.1 A 8
082455.0 082455 0 RANDCO 176.98 229.13 9.9 A 8
082457.0 082457 0 MELISQ 179.91 227.04 13.3 A 8
082459.0 082459 0 MYRSSE 179.85 226.25 15 A 8
082465.0 082465 0 CASTCU 177.38 225.75 34.6 A 8
082484.0 082484 0 MYRSSE 178.25 223.45 10.2 A 8
082489.0 082489 0 CASTCU 178.54 223.05 25.3 A 8
082495.0 082495 0 MYRSSE 178.87 220.76 16 A 8
082504.0 082504 0 MYRSSE 160.34 242.53 19.3 A 8
082516.0 082516 0 MYRSSE 164 244.94 10.9 A 8
082525.0 082525 0 ELAEJA 163.46 243.14 19 A 8
082535.0 082535 0 MYRSSE 162.58 240.76 17.1 A 8
082545.0 082545 0 MELISQ 160.39 246.25 19.3 A 8
082553.0 082553 0 PRUNPH 163.39 249.31 12.5 A 8
082559.0 082559 0 ELAEJA 164.84 249.8 29.3 A 8
082569.0 082569 0 CASTCU 163.52 247.37 37.5 A 8
082574.0 082574 0 MYRSSE 163.32 245.28 10.6 A 8
082579.0 082579 0 ELAEJA 162.08 247.51 17.8 A 8
082588.0 082588 0 ELAEJA 166.07 245.37 22.3 A 8
082589.0 082589 0 MELISQ 166.98 245.73 29.3 A 8
082603.0 082603 0 MACHTH 168.47 249.46 10 A 8
082606.0 082606 0 PRUNPH 169.82 249.61 17.8 A 8
082614.0 082614 0 LIMLUR 167.34 245.91 11.8 A 8
082626.0 082626 0 ELAEJA 168.19 244.36 22.8 A 8
082630.0 082630 0 CLEYJA 169.79 243.73 21.4 A 8
082633.0 082633 0 MELISQ 168.02 242.85 10.9 A 8
082638.0 082638 0 SYMPSO 169.17 240.25 24.2 A 8
082643.0 082643 0 MYRSSE 161.7 250.47 9.8 A 8
082647.0 082647 0 MYRSSE 160.66 252.4 13.9 A 8
082652.0 082652 0 MYRSSE 161.47 254.51 12.4 A 8
082657.0 082657 0 ELAEJA 163.02 254.85 17.4 A 8
082669.0 082669 0 MELISQ 164.01 250.2 11.3 A 8
082674.0 082674 0 MYRSSE 162.65 250.92 11.3 A 8
082679.0 082679 0 CASTCU 162.37 252.72 17.3 A 8
082682.0 082682 0 LITSAC 163.6 252.78 15.7 A 8
082684.0 082684 0 CASTCU 160.38 258.39 38.5 A 8
082687.0 082687 0 LITSAC 160.55 259.8 15.7 A 8
082690.0 082690 0 MACHTH 162.38 258.15 9.7 A 8
082697.0 082697 0 CASTCU 164 257.96 9.7 A 8
082700.0 082700 0 MACHTH 164.26 258.42 13.6 A 8
082709.0 082709 0 PRUNPH 166.13 255.52 14.2 A 8
082714.0 082714 0 MYRSSE 169.85 259.74 10.6 A 8
082715.0 082715 0 PYRESH 169.27 258.96 10.4 A 8
082732.0 082732 0 CLEYJA 167.48 252.64 13 A 8
082736.0 082736 0 MELISQ 166.53 254.9 9.6 A 8
082756.0 082756 0 LIMLUR 169.2 250.55 21.1 A 8
082761.0 082761 0 SYMPSO 172.54 250.13 10 A 8
082762.0 082762 0 MELISQ 172.18 250.93 11.6 A 8
082771.0 082771 0 MYRSSE 172.61 254.77 11.3 A 8
082774.0 082774 0 MELISQ 170.41 256.09 18.9 A 8
082785.0 082785 0 LITSAC 174.35 257.4 16.2 A 8
082789.0 082789 0 LIMLUR 172.92 255.78 35.4 A 8
082792.0 082792 0 MYRSSE 173.87 255.05 9.9 A 8
082806.0 082806 0 ELAEJA 171.23 240.22 30.1 A 8
082820.0 082820 0 MELISQ 173.72 240.57 14.2 A 8
082821.0 082821 0 CLEYJA 174.01 240.61 17.1 A 8
082824.0 082824 0 ELAEJA 171 245.25 10.7 A 8
082838.0 082838 0 CASTCU 173.42 246.57 22.9 A 8
082843.0 082843 0 CLEYJA 176.06 246.17 18.6 A 8
082848.0 082848 0 PYRESH 177.24 248.57 18 A 8
082857.0 082857 0 MELISQ 179.89 248.67 17.1 A 8
082861.0 082861 0 MYRSSE 175.45 242.47 13.9 A 8
082868.0 082868 0 DAPHGL 177.04 242.64 11.8 A 8
082871.0 082871 0 PRUNPH 179.86 240.84 24.5 A 8
082875.0 082875 0 ADINFO 160.56 263.49 9.7 A 8
082879.0 082879 0 RHODLE 163.08 264.03 20 A 8
082880.0 082880 0 ELAEJA 163.01 264.29 47.7 A 8
082883.0 082883 0 CLEYJA 162.96 264.57 10.2 A 8
082884.0 082884 0 MELISQ 164.58 263.96 10.6 A 8
082886.0 082886 0 LITSAC 162.75 260.88 15.6 A 8
082887.0 082887 0 CLEYJA 162.92 260.78 13.4 A 8
082894.0 082894 0 CLEYJA 163.01 267.88 21.2 A 8
082896.0 082896 0 PYRESH 164.53 267.94 15.8 A 8
082900.0 082900 0 ELAEJA 166.94 268.73 17 A 8
082901.0 082901 0 CASTCU 167.15 269 22.1 A 8
082907.0 082907 0 PYRESH 168.9 262.77 11.7 A 8
082920.0 082920 0 CASTCU 166.22 262.74 36.7 A 8
082928.0 082928 0 PYRESH 160.62 273.52 17.6 A 8
082929.0 082929 0 HELIFO 160.32 274.98 13.2 A 8
082930.0 082930 0 CASTCU 162.44 272.87 46.2 A 8
082933.0 082933 0 CASTCU 164.79 271.7 16.4 A 8
082935.0 082935 0 PYRESH 164.54 275.44 15.9 A 8
082941.0 082941 0 MACHTH 160.07 276.44 34 A 8
082946.0 082946 0 RANDCO 162.07 279.91 15.3 A 8
082948.0 082948 0 CASTCU 164.23 279.48 12.3 A 8
082952.0 082952 0 PYRESH 165.96 277.45 13.2 A 8
082954.0 082954 0 MACHZU 167.59 279.82 40.1 A 8
082964.0 082964 0 MACHTH 171.84 270.49 30 A 8
082978.0 082978 0 CASTCU 173.64 271.96 47.5 A 8
082995.0 082995 0 GLOCAC 174.48 276.13 12.5 A 8
082997.0 082997 0 LIMLUR 175.31 275.31 31.9 A 8
082998.0 082998 0 SCHEOC 175.55 275.58 24.7 A 8
082999.0 082999 0 RANDCO 175.7 275.98 10.3 A 8
083014.0 083014 0 MELISQ 179.86 276.35 12.9 A 8
083019.0 083019 0 LIMLUR 175.25 270.66 22.2 A 8
083028.0 083028 0 CASTCU 178.33 273.95 40.2 A 8
083029.0 083029 0 MACHTH 178.9 272.68 25.3 A 8
083033.0 083033 0 MELISQ 171.15 262.16 17.2 A 8
083035.0 083035 0 CASTCU 174.3 264.84 12.5 A 8
083044.0 083044 0 CASTCU 171.46 269.19 12.7 A 8
083065.0 083065 0 MACHMU 176.4 267.06 13.5 A 8
083066.0 083066 0 PYRESH 175.85 268.04 10.9 A 8
083075.0 083075 0 MACHTH 176.86 265.09 22.3 A 8
083077.0 083077 0 MELISQ 179.11 262.7 42.6 A 8
083085.0 083085 0 PRUNPH 162.96 281.05 26.3 A 8
083086.0 083086 0 MACHTH 162.57 280.95 13.7 A 8
083094.0 083094 0 PYRESH 164.1 284.14 20.1 A 8
083100.0 083100 0 MELISQ 162.18 286.84 19.2 A 8
083106.0 083106 0 ENGERO 162.76 289.81 34.8 A 8
083113.0 083113 0 GLOCAC 169.23 284.47 11.4 A 8
083115.0 083115 0 MELISQ 169.11 282.14 16.1 A 8
083121.0 083121 0 CLEYJA 161.24 296.52 10.5 A 8
083122.0 083122 0 HELIFO 160.09 297.48 10.2 A 8
083130.0 083130 0 DIOSMO 161.9 299.51 39.6 A 8
083133.0 083133 0 MACHTH 164.04 297.41 10.6 A 8
083135.0 083135 0 ENGERO 164.64 297.44 22.8 A 8
083138.0 083138 0 HELIFO 165.72 296.9 9.5 A 8
083176.0 083176 0 LIMLUR 178.96 299.07 61.6 A 8
083187.0 083187 0 PRUNPH 179.57 294.75 18.6 A 8
083192.0 083192 0 PYRESH 172.78 283.59 13.3 A 8
083194.0 083194 0 MACHTH 174.7 282.68 28.3 A 8
083196.0 083196 0 MACHTH 170.53 285.28 39.8 A 8
083201.0 083201 0 ENGERO 175.45 286.36 21.8 A 8
083202.0 083202 0 SYMPGL 176.12 288.04 21.2 A 8
083207.0 083207 0 MACHMU 179.59 289.3 25.2 A 8
083208.0 083208 0 MELISQ 178.38 285.12 12.6 A 8
083209.0 083209 0 HELIFO 177.37 286.12 11.8 A 8
083212.0 083212 0 SYMPGL 176.66 280.25 14.2 A 8
083217.0 083217 0 CASTCU 175.22 282.14 22 A 8
083220.0 083220 0 CASTCU 175.06 283.76 18.5 A 8
083222.0 083222 0 PYRESH 179.77 284.31 16.4 A 8
090630.0 090630 0 LIMLUR 182.15 101.72 63.1 A 7
090644.0 090644 0 HELIFO 183.63 108.86 12.7 A 7
090647.0 090647 0 GLOCAC 184.41 106.16 14.2 A 7
090653.0 090653 0 HELIFO 187.98 106.47 12.7 A 7
090667.0 090667 0 PYRESH 183.99 112.24 14.3 A 7
090672.0 090672 0 CLEYJA 180.56 117.94 12.9 A 7
090679.0 090679 0 PRUNPH 184.6 116.8 30.5 A 7
090691.0 090691 0 LIMLUR 187.01 119.2 75.1 A 7
090700.0 090700 0 RANDCO 189.17 116.06 10.5 A 7
090704.0 090704 0 LITSAC 185.56 111.89 32.5 A 7
090712.0 090712 0 MACHTH 188.6 111.02 41.4 A 7
090715.0 090715 0 PYRESH 190.96 111.99 19.7 A 7
090723.0 090723 0 SYMPTH 192.98 114.85 22.9 A 7
090737.0 090737 0 LIMLUR 193.63 111.19 30.2 A 7
090751.0 090751 0 ENGERO 194.99 119.07 11 A 7
090759.0 090759 0 MACHMU 192.74 116.16 46.4 A 7
090777.0 090777 0 ADINFO 195.55 111.23 10.5 A 7
090783.0 090783 0 SYMPTH 192.82 104.13 24 A 7
090793.0 090793 0 PYRESH 190.92 109.67 18.7 A 7
090805.0 090805 0 MACHMU 199.83 104.85 41.1 A 7
090808.0 090808 0 CINNMI 180.14 122.08 20.7 A 7
090812.0 090812 0 PYRESH 183.29 123.15 16.2 A 7
090825.0 090825 0 CINNMI 181.37 126.42 17.2 A 7
090835.0 090835 0 LITSAC 186.46 126.06 14.6 A 7
090838.0 090838 0 DIOSMO 186.95 127.03 54.5 A 7
090844.0 090844 0 TRICDU 189.75 129.67 13.7 A 7
090861.0 090861 0 PYRESH 186.04 124.06 19.1 A 7
090868.0 090868 0 HELIFO 188.32 124.95 10.5 A 7
090890.0 090890 0 CASTCU 182.11 139.88 28.5 A 7
090891.0 090891 0 MACHTH 183.52 137.34 9.7 A 7
090895.0 090895 0 PYRESH 188.76 136.6 17.3 A 7
090897.0 090897 0 LITSAC 185.75 130.51 14.1 A 7
090901.0 090901 0 LIMLUR 186.35 133.48 25.9 A 7
090912.0 090912 0 CASTCU 193.96 131.86 18.5 A 7
090919.0 090919 0 SCHEOC 194.44 130.13 11.8 A 7
090925.0 090925 0 HELIFO 190.79 138.02 12.2 A 7
090928.0 090928 0 MACHTH 190.38 139.88 15.8 A 7
090931.0 090931 0 CASTCU 194.48 137.52 31.1 A 7
090932.0 090932 0 CASTCU 194.57 135.05 18.3 A 7
090933.0 090933 0 MELISQ 192.45 135.15 17.9 A 7
090935.0 090935 0 PYRESH 197.93 137.99 14.5 A 7
090938.0 090938 0 CASTCU 197.65 139.64 21.2 A 7
090939.0 090939 0 CASTCU 199.89 139.53 13.3 A 7
090941.0 090941 0 CLEYJA 198.94 137.04 10 A 7
090943.0 090943 0 MACHMU 195.45 131.66 12.8 A 7
090947.0 090947 0 SCHEOC 197.64 133.05 10.9 A 7
090952.0 090952 0 LIMLUR 198.13 132.14 61.8 A 7
090959.0 090959 0 ELAEJA 198.9 130.51 33.5 A 7
090964.0 090964 0 HELIFO 190.76 122.04 9.5 A 7
090969.0 090969 0 MELISQ 193.97 124.93 17.9 A 7
090979.0 090979 0 HELIFO 190.48 126.03 10.3 A 7
090980.0 090980 0 MYRSSE 191.97 126.03 9.8 A 7
090984.0 090984 0 MACHTH 190.28 129.02 17 A 7
090986.0 090986 0 DIOSMO 192.49 129.04 18.4 A 7
090989.0 090989 0 DIOSMO 192.76 129.06 25.8 A 7
091005.0 091005 0 MELISQ 197.65 126.37 29.3 A 7
091012.0 091012 0 MACHTH 195.02 124.15 30.4 A 7
091014.0 091014 0 LITSAC 196.46 124.77 40.2 A 7
091023.0 091023 0 CLEYJA 181.16 141.25 22.9 A 7
091032.0 091032 0 CASTCU 181.76 145.31 22.4 A 7
091034.0 091034 0 MELISQ 181.77 145.55 39.1 A 7
091036.0 091036 0 MACHMU 181.68 148.01 40 A 7
091042.0 091042 0 PRUNPH 183.53 147.82 14 A 7
091045.0 091045 0 CASTCU 183.5 149.98 34 A 7
091049.0 091049 0 MACHTH 186.98 146.15 11.3 A 7
091051.0 091051 0 PYRESH 186 149.97 15.5 A 7
091053.0 091053 0 HELIFO 189 149.97 11.9 A 7
091054.0 091054 0 PRUNPH 188.97 146.53 11 A 7
091055.0 091055 0 PASAHR 185.42 142.06 20.3 A 7
091056.0 091056 0 GLOCAC 188.67 140.27 10.1 A 7
091061.0 091061 0 MELISQ 180.75 154.95 15.3 A 7
091070.0 091070 0 MACHTH 183.91 151.15 12.7 A 7
091081.0 091081 0 MACHTH 184.28 155.85 13.7 A 7
091085.0 091085 0 CINNAU 186.56 158.82 16.4 A 7
091097.0 091097 0 LITSAC 186.23 151.53 24.3 A 7
091100.0 091100 0 CASTCU 186.14 153.08 24 A 7
091104.0 091104 0 PRUNPH 189 154.97 12.4 A 7
091110.0 091110 0 LIMLUR 190.75 157.94 38.5 A 7
091116.0 091116 0 ELAEJA 193.28 156.83 11.2 A 7
091129.0 091129 0 MACHTH 199.75 154.97 16.4 A 7
091132.0 091132 0 MACHTH 194.78 140.81 12.9 A 7
091133.0 091133 0 PASAHR 194 148.78 22.6 A 7
091141.0 091141 0 CLEYJA 197.46 143.53 13.5 A 7
091145.0 091145 0 CASTCU 199.89 140.99 36.5 A 7
091148.0 091148 0 PYRESH 197.17 141.25 12.6 A 7
091154.0 091154 0 MACHTH 181.98 164.74 27.6 A 7
091155.0 091155 0 MELISQ 182.2 164.75 18.2 A 7
091159.0 091159 0 RANDCO 183.97 160.85 13.2 A 7
091166.0 091166 0 CASTCU 181.29 166.53 15.5 A 7
091167.0 091167 0 PYRESH 181.49 168.06 13 A 7
091171.0 091171 0 PRUNPH 180.99 169.7 12.6 A 7
091174.0 091174 0 MYRSSE 182 169.03 10.9 A 7
091175.0 091175 0 CASTCU 182.32 168.82 24.7 A 7
091176.0 091176 0 MYRSSE 184.21 169.98 10.8 A 7
091178.0 091178 0 DIOSMO 184.03 168.04 11.7 A 7
091185.0 091185 0 MYRSSE 184.2 165.34 10.5 A 7
091191.0 091191 0 LIMLUR 185.69 166.25 25.1 A 7
091194.0 091194 0 MACHZU 185.48 167.82 12.5 A 7
091197.0 091197 0 DIOSMO 186.58 169.02 12 A 7
091211.0 091211 0 CASTCU 189.89 166.74 17 A 7
091217.0 091217 0 PASAHR 188.57 167.03 11.9 A 7
091224.0 091224 0 LIMLUR 186.97 162.35 15 A 7
091234.0 091234 0 DIOSMO 187.85 162.23 22.6 A 7
091243.0 091243 0 LIMLUR 182.17 171.91 42.4 A 7
091246.0 091246 0 MYRSSE 180.66 172.21 13 A 7
091257.0 091257 0 DIOSMO 183.99 174.04 17.4 A 7
091287.0 091287 0 CASTCU 184.99 177.5 23.4 A 7
091292.0 091292 0 MACHTH 183.5 177.42 10.2 A 7
091297.0 091297 0 MYRSSE 185.84 174.9 10.5 A 7
091298.0 091298 0 MYRSSE 185.04 176 10.7 A 7
091312.0 091312 0 CASTCU 188.27 179.28 36.8 A 7
091328.0 091328 0 MYRSSE 187.93 176.05 16.2 A 7
091331.0 091331 0 CASTCU 186.95 176.96 28.6 A 7
091336.0 091336 0 CASTCU 185.93 171.02 18.8 A 7
091340.0 091340 0 DIOSMO 187 171.73 10.6 A 7
091341.0 091341 0 MYRSSE 186.88 172.91 9.6 A 7
091348.0 091348 0 MYRSSE 185.72 174.19 11.1 A 7
091354.0 091354 0 CASTCU 186.78 174.27 26.4 A 7
091358.0 091358 0 DIOSMO 187.95 173.41 14.9 A 7
091364.0 091364 0 MYRSSE 189.86 174.46 11.8 A 7
091367.0 091367 0 DIOSMO 189.11 172 9.8 A 7
091368.0 091368 0 MYRSSE 189.17 171.84 11.4 A 7
091372.0 091372 0 CASTCU 189.41 170.91 9.6 A 7
091375.0 091375 0 DIOSMO 188.98 170.89 16.7 A 7
091377.0 091377 0 DIOSMO 190.46 170.48 20.2 A 7
091384.0 091384 0 MYRSSE 190.66 173.53 10.7 A 7
091391.0 091391 0 MACHTH 192.3 174.67 10.2 A 7
091394.0 091394 0 CASTCU 193.02 174.46 13.3 A 7
091397.0 091397 0 RANDCO 193.23 173.12 10.7 A 7
091401.0 091401 0 MELISQ 194.92 170.31 12.9 A 7
091403.0 091403 0 ELAEJA 190.92 175.93 25.1 A 7
091409.0 091409 0 CASTCU 192.75 177.18 27.1 A 7
091411.0 091411 0 MYRSSE 192.78 178.12 10.7 A 7
091415.0 091415 0 MYRSSE 190.93 178.45 9.5 A 7
091425.0 091425 0 MACHTH 194.3 179.73 10.3 A 7
091436.0 091436 0 HELIFO 198.33 179.06 14.5 A 7
091437.0 091437 0 MACHMU 199.55 179.03 18.2 A 7
091445.0 091445 0 PYRESH 196.03 173.06 21.5 A 7
091447.0 091447 0 PYRESH 198.56 174.93 9.6 A 7
091448.0 091448 0 CASTCU 199.59 174.7 12.7 A 7
091452.0 091452 0 LIMLUR 197.18 171.7 13.3 A 7
091462.0 091462 0 LITSAC 191.44 162.65 9.6 A 7
091469.0 091469 0 DIOSMO 190.05 164.75 9.9 A 7
091470.0 091470 0 CINNMI 190.12 164.96 9.5 A 7
091475.0 091475 0 PYRESH 193.03 163.7 12.6 A 7
091477.0 091477 0 MACHTH 192.35 161.73 18.6 A 7
091487.0 091487 0 MYRSSE 190.18 169.91 20.5 A 7
091490.0 091490 0 CASTCU 192.91 169.21 10.6 A 7
091504.0 091504 0 LIMLUR 196.6 164.56 27.4 A 7
091505.0 091505 0 MACHMU 199 163.83 17.7 A 7
091511.0 091511 0 CYCLLO 199.78 160.25 10.8 A 7
091518.0 091518 0 MYRSSE 181.46 182.98 11.9 A 7
091523.0 091523 0 MYRSSE 180.14 182.41 13.1 A 7
091536.0 091536 0 MYRSSE 183.6 182.68 15.2 A 7
091538.0 091538 0 MELISQ 183.02 182.87 15.6 A 7
091542.0 091542 0 CASTCU 184.48 183.55 11.7 A 7
091552.0 091552 0 LIMLUR 181.42 180.13 23.6 A 7
091578.0 091578 0 CASTCU 182.84 187.3 16.2 A 7
091582.0 091582 0 CINNSU 187.17 185.44 19 A 7
091593.0 091593 0 MYRSSE 189.45 186.64 9.8 A 7
091598.0 091598 0 DAPHGL 189.52 185.17 13.6 A 7
091603.0 091603 0 RANDCO 186.37 180.66 11.6 A 7
091625.0 091625 0 MELISQ 187.95 181.53 12.5 A 7
091629.0 091629 0 MYRSSE 180.49 192.55 10.6 A 7
091632.0 091632 0 LIMLUR 181.47 194.53 12.4 A 7
091643.0 091643 0 MYRSSE 184.18 194.75 26.3 A 7
091649.0 091649 0 CASTCU 184.85 192.54 9.5 A 7
091650.0 091650 0 MELISQ 184.67 192.01 17.5 A 7
091676.0 091676 0 MACHMU 184.91 199.82 11.8 A 7
091684.0 091684 0 MELISQ 183.01 196.54 10.2 A 7
091686.0 091686 0 MACHMU 185.18 195.75 11 A 7
091690.0 091690 0 MELISQ 185.31 198.72 17.2 A 7
091697.0 091697 0 CASTCU 189.74 198.43 14.9 A 7
091698.0 091698 0 LIMLUR 189.08 197.71 24.7 A 7
091706.0 091706 0 MELISQ 187.91 195.39 12 A 7
091707.0 091707 0 RANDCO 187.17 195.39 11.1 A 7
091723.0 091723 0 MELISQ 189.52 191.52 9.5 A 7
091727.0 091727 0 ELAEJA 189.27 190.25 23.9 A 7
091729.0 091729 0 MYRSSE 189.85 190.11 16.7 A 7
091730.0 091730 0 ELAEJA 187.14 190.44 21.5 A 7
091738.0 091738 0 ELAEJA 192.79 193.25 34 A 7
091739.0 091739 0 PRUNPH 192.18 193.33 14.9 A 7
091744.0 091744 0 MYRSSE 193.13 194.26 10.9 A 7
091746.0 091746 0 MYRSSE 193.7 194.41 16.6 A 7
091779.0 091779 0 SYMPSE 194.17 198.83 15.3 A 7
091797.0 091797 0 PYRESH 195.28 198.46 10.9 A 7
091813.0 091813 0 ELAEJA 198.5 196.52 21.3 A 7
091820.0 091820 0 ELAEJA 195.09 190.27 23.2 A 7
091824.0 091824 0 CLEYJA 196.97 191.49 9.7 A 7
091844.0 091844 0 MELISQ 199.58 190.34 17.1 A 7
091845.0 091845 0 DIOSMO 199.89 190.1 10.2 A 7
091850.0 091850 0 MYRSSE 197.17 190.11 12.9 A 7
091852.0 091852 0 CASTCU 190.96 181.02 12.1 A 7
091854.0 091854 0 LIMLUR 191.77 180.85 15.6 A 7
091855.0 091855 0 CASTCU 190.48 182.55 11.5 A 7
091870.0 091870 0 CASTCU 194.75 182.57 21.8 A 7
091874.0 091874 0 MACHTH 194.95 180.55 15.2 A 7
091875.0 091875 0 DIOSMO 190.29 185.42 15.9 A 7
091876.0 091876 0 MYRSSE 190.11 185.54 10.6 A 7
091894.0 091894 0 MYRSSE 194.6 186.52 15.1 A 7
091908.0 091908 0 MACHTH 196.88 189.81 13.4 A 7
091917.0 091917 0 MYRSSE 197.29 187.14 14.6 A 7
091919.0 091919 0 CLEYJA 198.73 186.26 12.3 A 7
091926.0 091926 0 MYRSSE 195.97 184.31 15.4 A 7
091943.0 091943 0 MYRSSE 199.54 181.7 10 A 7
091946.0 091946 0 MELISQ 198.69 180.78 25 A 7
091947.0 091947 0 ELAEJA 180.72 200.89 14.1 A 8
091961.0 091961 0 PYRESH 183.36 204.93 10.6 A 8
091963.0 091963 0 CASTCU 184.48 204.1 24.2 A 8
091965.0 091965 0 MYRSSE 184.79 202.57 11.4 A 8
091973.0 091973 0 MELISQ 180.01 206.06 24.2 A 8
091990.0 091990 0 SCHEOC 184.51 205.34 17.6 A 8
091995.0 091995 0 MYRSSE 186.14 207.52 14.7 A 8
091999.0 091999 0 ELAEJA 186.97 208.26 10.4 A 8
092001.0 092001 0 SYZYBU 185.18 209.84 17.3 A 8
092002.0 092002 0 MELISQ 188.35 208.55 9.7 A 8
092005.0 092005 0 MELISQ 189.21 209.55 11.7 A 8
092010.0 092010 0 CASTCU 188.67 206.94 10.2 A 8
092015.0 092015 0 CLEYJA 188.57 205.51 15.3 A 8
092016.0 092016 0 MYRSSE 188.97 205.25 12.7 A 8
092035.0 092035 0 MELISQ 186.14 202.11 10.4 A 8
092039.0 092039 0 CASTCU 186.91 204.29 27.9 A 8
092041.0 092041 0 MELISQ 187.52 204.84 11.3 A 8
092047.0 092047 0 ELAEJA 189.18 202.31 26.3 A 8
092050.0 092050 0 DIOSMO 189.75 201.57 15.2 A 8
092057.0 092057 0 CLEYJA 181.88 210.78 12.3 A 8
092067.0 092067 0 MYRSSE 181.14 214.97 11.3 A 8
092075.0 092075 0 PYRESH 183.99 214.85 12.5 A 8
092085.0 092085 0 MELISQ 184.58 211.67 15.3 A 8
092092.0 092092 0 MYRSSE 181.98 217.01 10.8 A 8
092102.0 092102 0 PYRESH 183.79 218.21 10 A 8
092110.0 092110 0 ELAEJA 186.97 217.13 28.2 A 8
092111.0 092111 0 MYRSSE 187.18 217.23 11.7 A 8
092112.0 092112 0 CASTCU 187.17 217.54 35.1 A 8
092119.0 092119 0 CLEYJA 188.47 219.61 13.3 A 8
092133.0 092133 0 SYZYBU 185.46 214.74 9.6 A 8
092145.0 092145 0 RANDCO 189.34 210.65 13.4 A 8
092147.0 092147 0 PYRESH 190.95 210.38 11.9 A 8
092148.0 092148 0 MACHTH 190.75 210.37 9.6 A 8
092152.0 092152 0 PYRESH 190.48 212.45 11.8 A 8
092153.0 092153 0 SYMPSO 190.35 212.57 10.2 A 8
092163.0 092163 0 CASTCU 192.96 213.96 26.8 A 8
092169.0 092169 0 ELAEJA 193.99 212.06 23.5 A 8
092172.0 092172 0 CASTCU 190.96 215.25 28.5 A 8
092179.0 092179 0 CASTCU 194 219.03 14 A 8
092181.0 092181 0 ELAEJA 194.37 215.85 31.2 A 8
092182.0 092182 0 CLEYJA 194.01 215.56 15 A 8
092185.0 092185 0 PYRESH 195.59 215.95 15.6 A 8
092187.0 092187 0 MELISQ 196.95 217.03 13.6 A 8
092188.0 092188 0 MELISQ 197.46 217.52 10.6 A 8
092192.0 092192 0 MACHTH 198.81 215.44 19 A 8
092195.0 092195 0 DIOSMO 197.99 216.74 29.8 A 8
092197.0 092197 0 MACHTH 195.22 210.99 19.2 A 8
092213.0 092213 0 MELISQ 199.2 211.63 12 A 8
092218.0 092218 0 MYRSSE 191.78 202.27 16.8 A 8
092224.0 092224 0 MELISQ 194.37 204.04 10.3 A 8
092225.0 092225 0 MYRSSE 194.77 202.06 10.3 A 8
092237.0 092237 0 SYZYBU 190.98 209.01 12.2 A 8
092242.0 092242 0 CLEYJA 192.39 209.5 11 A 8
092244.0 092244 0 DIOSMO 192.99 208.22 9.8 A 8
092260.0 092260 0 DIOSMO 193.29 205.62 17.8 A 8
092262.0 092262 0 ELAEJA 195.77 205.75 28.9 A 8
092270.0 092270 0 CINNSU 195.51 209.8 19.1 A 8
092286.0 092286 0 MELISQ 197.56 205.25 12.6 A 8
092297.0 092297 0 CASTCU 199.52 204.77 16.4 A 8
092302.0 092302 0 CASTCU 199.14 201.08 31.6 A 8
092305.0 092305 0 ELAEJA 197.14 200.85 17 A 8
092311.0 092311 0 ELAEJA 181.97 223.24 11.3 A 8
092312.0 092312 0 CASTCU 180.96 223.9 36.5 A 8
092315.0 092315 0 CASTCU 183.28 224.4 35.3 A 8
092318.0 092318 0 ELAEJA 183.8 224.83 24.5 A 8
092320.0 092320 0 MYRSSE 183.99 221.83 14.6 A 8
092322.0 092322 0 LITSAC 180.36 225.32 13.1 A 8
092330.0 092330 0 PYRESH 182.59 229.8 17.9 A 8
092332.0 092332 0 MELISQ 184 228.8 11.1 A 8
092333.0 092333 0 LIMLUR 183.01 227.81 10.3 A 8
092337.0 092337 0 ELAEJA 184.78 225.64 21.3 A 8
092342.0 092342 0 MELISQ 186.8 226.74 10.7 A 8
092344.0 092344 0 CASTCU 187.99 229.43 41.4 A 8
092349.0 092349 0 MYRSSE 189.38 228.11 15 A 8
092356.0 092356 0 RANDCO 185.02 222.93 10.7 A 8
092364.0 092364 0 MYRSSE 181.47 231.26 11.3 A 8
092366.0 092366 0 CASTCU 180.18 231.55 28.5 A 8
092368.0 092368 0 DIOSMO 180.97 232.07 14.2 A 8
092374.0 092374 0 MELISQ 182.2 233.59 11.8 A 8
092377.0 092377 0 LIMLUR 180.99 234.23 20.8 A 8
092378.0 092378 0 RANDCO 182.2 234.44 9.7 A 8
092385.0 092385 0 PYRESH 183.2 231.09 9.7 A 8
092386.0 092386 0 MELISQ 184.78 231.13 19.4 A 8
092395.0 092395 0 MACHTH 182.2 235.73 28.1 A 8
092398.0 092398 0 MACHTH 180.02 237.54 25.5 A 8
092401.0 092401 0 DIOSMO 187.21 237.45 11.6 A 8
092403.0 092403 0 CLEYJA 187.31 239.84 18.5 A 8
092405.0 092405 0 MELISQ 187.79 239.74 16.5 A 8
092408.0 092408 0 PYRESH 189.67 238.76 14.8 A 8
092414.0 092414 0 LIMLUR 185.97 231.83 27.1 A 8
092417.0 092417 0 CASTCU 187.46 233.75 10.8 A 8
092418.0 092418 0 MELISQ 187.99 234.85 12.7 A 8
092419.0 092419 0 PYRESH 188.74 232.75 15 A 8
092422.0 092422 0 MACHTH 187.37 231.96 27.7 A 8
092426.0 092426 0 CINNSU 191.77 231.83 18.1 A 8
092437.0 092437 0 ELAEJA 193.69 231.55 22.2 A 8
092439.0 092439 0 MELISQ 192.68 230.25 10.5 A 8
092440.0 092440 0 MACHTH 192.66 230.11 9.7 A 8
092442.0 092442 0 CLEYJA 190.65 235.52 12.5 A 8
092447.0 092447 0 CLEYJA 191.67 237.6 17.6 A 8
092453.0 092453 0 MYRSSE 190.39 239.28 11.9 A 8
092455.0 092455 0 MACHTH 194.97 238.02 17.3 A 8
092465.0 092465 0 LIMLUR 195.28 237.62 22.2 A 8
092466.0 092466 0 RANDCO 195.79 237.33 12.2 A 8
092468.0 092468 0 DIOSMO 196.98 238.02 17 A 8
092471.0 092471 0 DAPHGL 199.55 239.63 12.1 A 8
092474.0 092474 0 MYRSSE 195.18 230.54 11.5 A 8
092475.0 092475 0 CASTCU 195.48 231.73 12.6 A 8
092476.0 092476 0 CLEYJA 196.19 232.26 22.4 A 8
092488.0 092488 0 LIMLUR 195.38 234.85 12 A 8
092505.0 092505 0 MACHTH 191.97 224.23 23.9 A 8
092510.0 092510 0 MYRSSE 192.99 224.13 12.4 A 8
092515.0 092515 0 HELIFO 192.38 220.55 9.5 A 8
092520.0 092520 0 PYRESH 192 225.12 11.5 A 8
092521.0 092521 0 MELISQ 190.25 227.01 9.7 A 8
092524.0 092524 0 PYRESH 190.99 228.04 10.3 A 8
092532.0 092532 0 MELISQ 194.58 228.59 18.7 A 8
092536.0 092536 0 MELISQ 194.21 225.46 10.6 A 8
092546.0 092546 0 ELAEJA 198.08 229.65 38.6 A 8
092547.0 092547 0 SYZYBU 198.76 228.05 9.8 A 8
092553.0 092553 0 CASTCU 198.54 225.24 22.7 A 8
092558.0 092558 0 ELAEJA 195.48 224.34 18.2 A 8
092559.0 092559 0 CASTCU 195.21 224.77 25 A 8
092568.0 092568 0 ELAEJA 199.52 220.42 40.7 A 8
092569.0 092569 0 DIOSMO 197.48 220.44 13.8 A 8
092573.0 092573 0 WENDFO 183.46 242.47 14.3 A 8
092574.0 092574 0 PYRESH 183.29 243.56 15.5 A 8
092576.0 092576 0 MACHTH 182.52 247 15.7 A 8
092577.0 092577 0 MELISQ 182.62 247.64 10.2 A 8
092578.0 092578 0 CASTCU 182.01 249.68 43.5 A 8
092582.0 092582 0 PRUNPH 184.24 246.98 16.8 A 8
092585.0 092585 0 ELAEJA 185.62 249.68 34.3 A 8
092587.0 092587 0 PYRESH 189.67 249.53 18.3 A 8
092590.0 092590 0 CASTCU 187.44 241.06 9.9 A 8
092592.0 092592 0 MELISQ 189.62 241.47 14.3 A 8
092598.0 092598 0 SYMPSO 182.96 254.14 14.6 A 8
092599.0 092599 0 MACHTH 183.09 254.43 25 A 8
092601.0 092601 0 ELAEJA 183.28 254.44 44.9 A 8
092612.0 092612 0 LIMLUR 184.27 250.64 27.3 A 8
092613.0 092613 0 LIMLUR 184.55 250.61 43.5 A 8
092621.0 092621 0 PYRESH 184.32 259.44 32.6 A 8
092627.0 092627 0 MACHTH 183.4 256.8 36 A 8
092629.0 092629 0 CASTCU 184.57 255.42 15.3 A 8
092630.0 092630 0 ELAEJA 185.99 255.54 23.7 A 8
092635.0 092635 0 ELAEJA 186.02 259.27 36.6 A 8
092637.0 092637 0 MACHTH 187.48 256.32 22.8 A 8
092643.0 092643 0 MACHTH 186.19 253.43 18.8 A 8
092653.0 092653 0 DIOSMO 194.47 251.66 19.5 A 8
092654.0 092654 0 SYMPSO 194.93 254.96 14.3 A 8
092657.0 092657 0 CASTCU 195.02 250.76 13.9 A 8
092663.0 092663 0 PYRESH 197.56 252.65 12.2 A 8
092664.0 092664 0 ELAEJA 195.93 253.36 15.9 A 8
092665.0 092665 0 SCHEOC 196.95 252.75 39.8 A 8
092675.0 092675 0 RANDCO 197.73 250.17 10.6 A 8
092676.0 092676 0 LITSAC 197.93 250.11 10.9 A 8
092678.0 092678 0 LIMLUR 192.38 240.45 15.3 A 8
092683.0 092683 0 CINNAU 191.57 244.56 22.2 A 8
092684.0 092684 0 CASTCU 192.96 244.64 20.6 A 8
092686.0 092686 0 CLEYJA 194.57 240.74 13.5 A 8
092688.0 092688 0 GORDAX 192.08 247.03 25.2 A 8
092691.0 092691 0 CLEYJA 191.88 249.82 18.9 A 8
092694.0 092694 0 HELIFO 196.95 247.54 10.2 A 8
092695.0 092695 0 MACHTH 197.37 248.56 28.5 A 8
092699.0 092699 0 MACHMU 195.59 248.73 12.2 A 8
092700.0 092700 0 SCHEOC 195.09 241.79 12.4 A 8
092702.0 092702 0 MELISQ 197.25 243.05 21.6 A 8
092703.0 092703 0 CASTCU 197.75 243.05 29 A 8
092704.0 092704 0 MACHTH 199.14 244.46 16.1 A 8
092711.0 092711 0 GLOCAC 198.93 242.03 10.9 A 8
092714.0 092714 0 CINNMI 198.91 241.45 14.7 A 8
092715.0 092715 0 CINNMI 199.24 241.56 10.1 A 8
092717.0 092717 0 LITSAC 180.01 261.77 29 A 8
092726.0 092726 0 MELISQ 185.97 268.04 12.9 A 8
092730.0 092730 0 MACHTH 189.38 269.55 14.2 A 8
092732.0 092732 0 CLEYJA 189.58 268.35 10.1 A 8
092733.0 092733 0 CLEYJA 189.35 268.33 16.4 A 8
092734.0 092734 0 MELISQ 189.57 268.15 11.2 A 8
092750.0 092750 0 SCHEOC 181.17 278.19 15 A 8
092751.0 092751 0 MACHTH 181.34 278.23 38.8 A 8
092766.0 092766 0 CASTCU 186 277.34 46.6 A 8
092776.0 092776 0 HELIFO 187.86 275.76 14.7 A 8
092781.0 092781 0 SCHEOC 191.46 272.85 22.6 A 8
092788.0 092788 0 MACHMU 193.99 272.07 40.7 A 8
092793.0 092793 0 HELIFO 193.26 271.09 9.7 A 8
092801.0 092801 0 MACHMU 194.7 279.43 47.7 A 8
092806.0 092806 0 ENGERO 197.46 275.08 22.7 A 8
092807.0 092807 0 MACHTH 195.32 277.52 33.8 A 8
092810.0 092810 0 SCHEOC 197.75 279.64 17.1 A 8
092829.0 092829 0 SCHEOC 198.43 271.55 11.4 A 8
092830.0 092830 0 PRUNPH 192.2 262.35 36.2 A 8
092836.0 092836 0 CASTCU 190.46 266 35.4 A 8
092849.0 092849 0 SCHEOC 196.51 269.63 10.7 A 8
092850.0 092850 0 LIMLUR 197.02 269.61 59 A 8
092851.0 092851 0 SYMPTH 196.71 269.84 18.3 A 8
092855.0 092855 0 TRICDU 199.2 268.72 10.7 A 8
092859.0 092859 0 CASTCU 195.11 262.03 13.4 A 8
092861.0 092861 0 HELIFO 197.46 263.06 9.7 A 8
092863.0 092863 0 PYRESH 181.64 280.45 38.8 A 8
092879.0 092879 0 ENGERO 183.97 287.31 29 A 8
092880.0 092880 0 SCHEOC 182.68 288.52 11.1 A 8
092884.0 092884 0 MELISQ 184.94 286.83 28.9 A 8
092888.0 092888 0 LIMLUR 182.35 286.13 35.5 A 8
092891.0 092891 0 TRICDU 185.09 286.87 9.6 A 8
092913.0 092913 0 LIMLUR 186.54 285.05 64.5 A 8
092923.0 092923 0 ENGERO 182.39 293.87 11 A 8
092940.0 092940 0 LITSAC 185.01 296.84 9.6 A 8
092944.0 092944 0 MACHMU 187 297.85 39.1 A 8
092960.0 092960 0 MICHCO 187.73 291.66 23.8 A 8
092961.0 092961 0 SCHEOC 187.93 291.97 19 A 8
092962.0 092962 0 HELIFO 187.65 292.07 9.6 A 8
092982.0 092982 0 MACHTH 199.92 296.03 64 A 8
092986.0 092986 0 MELISQ 199.77 290.72 29.7 A 8
092994.0 092994 0 PYRESH 193.97 281.55 16.6 A 8
093000.0 093000 0 SCHEOC 193.77 287.08 17.9 A 8
093004.0 093004 0 MACHTH 195.29 287.07 52.3 A 8
095630.0 095630 0 CINNMI 186 220.02 12.6 A 8
096359.0 096359 0 ELAEJA 198.17 132.11 10.1 A 7
100729.0 100729 0 PASAHR 200.9 101.25 38.5 A 12
100735.0 100735 0 LITSAC 204.6 102.82 43.1 A 12
100736.0 100736 0 SCHEOC 203.36 101.69 70.5 A 12
100738.0 100738 0 HELIFO 200.21 107.71 10.9 A 12
100747.0 100747 0 LIMLUR 202.61 106.37 31.5 A 12
100749.0 100749 0 HELIFO 206.46 107.64 10.4 A 12
100750.0 100750 0 SYMPTH 206.13 107.78 12 A 12
100753.0 100753 0 PYRESH 207.66 109.53 18.5 A 12
100757.0 100757 0 LIMLUR 209.25 106.76 29.4 A 12
100760.0 100760 0 MACHMU 207.29 101.53 20.1 A 12
100764.0 100764 0 LIMLUR 208.67 104.95 20.6 A 12
100767.0 100767 0 RANDCO 209.11 104.95 10.6 A 12
100771.0 100771 0 CASTCU 202.82 113.65 21.9 A 12
100773.0 100773 0 CYCLGI 203.52 113.97 10.1 A 12
100774.0 100774 0 MACHMU 203.91 114.1 50.8 A 12
100776.0 100776 0 MACHTH 203.99 112.57 20.5 A 12
100780.0 100780 0 CLEYJA 201.39 119 11.5 A 12
100785.0 100785 0 TRICDU 206.97 119.19 15.9 A 12
100792.0 100792 0 ENGERO 207.64 115.81 11.4 A 12
100801.0 100801 0 MACHMU 209.08 110.82 54.4 A 12
100804.0 100804 0 HELIFO 210.19 112.47 15 A 12
100813.0 100813 0 MELISQ 213.66 118.93 32.3 A 12
100821.0 100821 0 HELIFO 216.48 118.73 10.2 A 12
100829.0 100829 0 MACHTH 218.32 112.81 22.6 A 12
100835.0 100835 0 HELIFO 214.31 102.6 14.8 A 12
100846.0 100846 0 SYMPTH 219.15 108.84 22.6 A 12
100850.0 100850 0 HELIFO 217.61 103.86 10.7 A 12
100872.0 100872 0 MACHMU 203.28 123.06 26.7 A 12
100878.0 100878 0 GLOCAC 200.09 125.85 12.4 A 12
100885.0 100885 0 CASTCU 204.91 128.79 22.9 A 12
100894.0 100894 0 CASTCU 206.33 127.69 14.7 A 12
100895.0 100895 0 CLEYJA 206.54 127.64 12.2 A 12
100899.0 100899 0 MELISQ 209.03 128.87 30.6 A 12
100901.0 100901 0 MELISQ 209.77 127.38 19.5 A 12
100916.0 100916 0 LIMLUR 208.87 124.26 39.2 A 12
100921.0 100921 0 LITSAC 209.54 121.26 37.3 A 12
100929.0 100929 0 CASTCU 200.59 133.04 23.9 A 12
100932.0 100932 0 MACHTH 200.04 137.01 17.9 A 12
100934.0 100934 0 PYRESH 201.46 138.84 15.9 A 12
100938.0 100938 0 CASTCU 203.01 138.7 21.6 A 12
100942.0 100942 0 MELISQ 203.6 139.51 23.1 A 12
100945.0 100945 0 MACHMU 204.88 137.84 9.8 A 12
100949.0 100949 0 CLEYJA 202.86 136.83 12.7 A 12
100955.0 100955 0 RANDCO 207.27 139.51 12 A 12
100963.0 100963 0 PYRESH 206.32 134.97 11.4 A 12
100967.0 100967 0 CLEYJA 209.45 134.78 13.5 A 12
100972.0 100972 0 CASTCU 209.88 130.81 10.8 A 12
100974.0 100974 0 PYRESH 208.73 130.41 11.5 A 12
100977.0 100977 0 CLEYJA 205.11 132.85 11.7 A 12
100981.0 100981 0 PYRESH 210.19 131.8 14.1 A 12
100982.0 100982 0 PYRESH 210.89 131.39 12.5 A 12
100987.0 100987 0 LITSAC 212.39 133.45 31 A 12
100989.0 100989 0 DIOSMO 210.68 134.36 21.5 A 12
100991.0 100991 0 PYRESH 214.26 134.84 9.7 A 12
100993.0 100993 0 MACHTH 214.87 133.95 15.4 A 12
100996.0 100996 0 ELAEJA 214.6 132.74 16.2 A 12
101003.0 101003 0 MELISQ 211.19 136.29 11.9 A 12
101009.0 101009 0 PYRESH 211.77 139.77 10.6 A 12
101011.0 101011 0 LIMLUR 214.08 139.02 21.1 A 12
101012.0 101012 0 SCHEOC 213.62 139.4 11.2 A 12
101022.0 101022 0 ELAEJA 214.14 137.01 15.4 A 12
101024.0 101024 0 PYRESH 217.14 135.64 12.1 A 12
101029.0 101029 0 RHODLE 216.27 138.66 10.2 A 12
101030.0 101030 0 MELISQ 217.66 139.3 17.1 A 12
101031.0 101031 0 LIMLUR 217.66 139.94 17 A 12
101036.0 101036 0 MACHTH 218.77 138.73 13.8 A 12
101041.0 101041 0 MELISQ 215.26 131.08 11.6 A 12
101043.0 101043 0 CLEYJA 215.65 131.47 21.6 A 12
101048.0 101048 0 MACHTH 218.81 133.45 14.9 A 12
101049.0 101049 0 ELAEJA 219.44 133.59 13.4 A 12
101050.0 101050 0 MELISQ 219.61 134.07 19.4 A 12
101052.0 101052 0 MACHTH 219.54 132.38 10.2 A 12
101058.0 101058 0 DIOSMO 211.91 120.88 13.3 A 12
101059.0 101059 0 MACHTH 212.49 123.8 31 A 12
101060.0 101060 0 CASTCU 213.12 124.84 20.8 A 12
101065.0 101065 0 HELIFO 213.91 122.01 10.4 A 12
101070.0 101070 0 PRUNPH 214.75 120.14 14.4 A 12
101079.0 101079 0 MELISQ 210.75 128.76 30.8 A 12
101083.0 101083 0 MELISQ 214.57 127.03 21.2 A 12
101090.0 101090 0 GLOCAC 215.96 127.51 16.3 A 12
101092.0 101092 0 PYRESH 217.95 129.57 18 A 12
101101.0 101101 0 MELISQ 215.16 122.51 14.6 A 12
101102.0 101102 0 ELAEJA 215.18 122.75 26.5 A 12
101112.0 101112 0 CINNMI 219.46 124.92 34 A 12
101115.0 101115 0 MACHMU 219.75 120.52 28.4 A 12
101118.0 101118 0 SYMPSO 200.19 140.57 12.2 A 12
101121.0 101121 0 MYRSSE 201.36 144.93 17 A 12
101124.0 101124 0 SCHEOC 204.48 143.28 26.6 A 12
101127.0 101127 0 PRUNPH 204.5 140.89 15 A 12
101132.0 101132 0 MACHMU 200.97 146.05 18.3 A 12
101133.0 101133 0 HELIFO 200.99 147.42 10 A 12
101138.0 101138 0 MYRSSE 203.3 148.55 17.1 A 12
101142.0 101142 0 SCHEOC 205.59 145.85 22.9 A 12
101152.0 101152 0 CASTCU 208.73 146.53 16.4 A 12
101153.0 101153 0 PYRESH 209.23 146.03 15.4 A 12
101160.0 101160 0 CASTCU 206.16 140.38 34.4 A 12
101165.0 101165 0 PYRESH 205.79 143.96 13 A 12
101174.0 101174 0 PYRESH 208.4 142.84 12.2 A 12
101175.0 101175 0 MELISQ 208.46 144.44 13.9 A 12
101182.0 101182 0 HELIFO 200.39 152.03 11.2 A 12
101187.0 101187 0 ENGERO 204.6 152.06 11 A 12
101194.0 101194 0 PYRESH 201.36 159.88 26 A 12
101195.0 101195 0 MACHMU 203.32 158.99 19.5 A 12
101198.0 101198 0 GLOCAC 204.03 159.73 19 A 12
101199.0 101199 0 PYRESH 204.5 159.51 12 A 12
101203.0 101203 0 MACHMU 203.53 156.56 23 A 12
101205.0 101205 0 PASAHR 205.77 158.02 17.7 A 12
101209.0 101209 0 MACHTH 208.27 158.31 9.9 A 12
101210.0 101210 0 CINNSU 207.88 157.5 36 A 12
101213.0 101213 0 PYRESH 208.91 154.74 21.5 A 12
101217.0 101217 0 LITSAC 209.24 154.22 16.7 A 12
101223.0 101223 0 CLEYJA 207.27 151.08 11.6 A 12
101224.0 101224 0 MACHTH 211 150.18 10.4 A 12
101229.0 101229 0 CASTCU 211.02 153.08 15.3 A 12
101230.0 101230 0 CLEYJA 211.3 153.62 18 A 12
101232.0 101232 0 ELAEJA 211 154.51 27.8 A 12
101238.0 101238 0 MYRSSE 213.74 153.08 9.6 A 12
101249.0 101249 0 MYRSSE 210.9 159.78 24.8 A 12
101251.0 101251 0 ELAEJA 212.72 158.52 22.5 A 12
101252.0 101252 0 CLEYJA 212.79 158.59 11.6 A 12
101253.0 101253 0 MYRSSE 212.51 158.62 11.3 A 12
101266.0 101266 0 MYRSSE 216.23 155.37 11.1 A 12
101267.0 101267 0 MYRSSE 216.23 155.75 10.3 A 12
101275.0 101275 0 MYRSSE 215.48 159.33 9.8 A 12
101276.0 101276 0 MYRSSE 216.29 159.95 12.6 A 12
101277.0 101277 0 ELAEJA 217.51 159.53 12.9 A 12
101279.0 101279 0 MYRSSE 219.44 158.45 10.4 A 12
101282.0 101282 0 CASTCU 219.41 156 22.7 A 12
101283.0 101283 0 MYRSSE 219.54 155.86 10 A 12
101287.0 101287 0 RANDCO 215.09 150.21 12.9 A 12
101294.0 101294 0 CASTCU 215.46 152.55 29.6 A 12
101298.0 101298 0 ELAEJA 217.65 151.42 16.7 A 12
101300.0 101300 0 PYRESH 217.14 152.88 10.2 A 12
101305.0 101305 0 MELISQ 217.49 154.77 10 A 12
101310.0 101310 0 MYRSSE 218.19 151.08 9.5 A 12
101314.0 101314 0 LIMLUR 210.49 140.35 19.5 A 12
101318.0 101318 0 ELAEJA 210.93 142.84 25.6 A 12
101330.0 101330 0 RANDCO 211.3 145.25 10.3 A 12
101331.0 101331 0 MELISQ 210.88 146.59 12.1 A 12
101336.0 101336 0 MACHTH 210.95 148.5 24.1 A 12
101342.0 101342 0 LIMLUR 214.2 147.01 21.1 A 12
101346.0 101346 0 PYRESH 215.97 148.05 12.3 A 12
101349.0 101349 0 MYRSSE 216.5 148.49 21.9 A 12
101367.0 101367 0 MELISQ 218.13 146.94 15.4 A 12
101369.0 101369 0 PYRESH 216.57 144.74 16.6 A 12
101372.0 101372 0 PYRESH 218.64 144.51 18.1 A 12
101374.0 101374 0 ELAEJA 219.42 142.88 12 A 12
101387.0 101387 0 PYRESH 200.51 165.42 25.9 A 12
101390.0 101390 0 TRICDU 200.58 166.77 9.6 A 12
101392.0 101392 0 HELIFO 202.45 168.22 9.6 A 12
101394.0 101394 0 DIOSMO 204.81 169.82 15.1 A 12
101401.0 101401 0 PYRESH 204.97 165.25 21.5 A 12
101411.0 101411 0 MACHMU 205.46 169.14 20.5 A 12
101424.0 101424 0 LIMLUR 207.29 161.19 17.4 A 12
101426.0 101426 0 MACHMU 208.42 164.12 10.9 A 12
101430.0 101430 0 ELAEJA 208.71 162.82 28.7 A 12
101432.0 101432 0 CASTCU 207.64 161.86 37.8 A 12
101434.0 101434 0 MACHZU 201.5 171.52 13.7 A 12
101442.0 101442 0 PYRESH 201.74 173.33 15.9 A 12
101451.0 101451 0 GLOCAC 202.21 179.94 13.2 A 12
101452.0 101452 0 ADINFO 202.91 179.92 10.8 A 12
101454.0 101454 0 CLEYJA 203.47 175.91 22.8 A 12
101477.0 101477 0 GLOCAC 207.34 171.26 9.8 A 12
101484.0 101484 0 PYRESH 211.97 171.35 12.3 A 12
101485.0 101485 0 LITSAC 211.23 171.26 22.4 A 12
101488.0 101488 0 ELAEJA 212.09 173.13 10.1 A 12
101489.0 101489 0 GORDAX 212.41 173.59 16.8 A 12
101490.0 101490 0 CASTCU 210.29 174.73 11.2 A 12
101491.0 101491 0 LIMLUR 210.89 174.81 31.2 A 12
101492.0 101492 0 PYRESH 210.07 174.93 12.2 A 12
101498.0 101498 0 ELAEJA 214.64 173.46 16.1 A 12
101505.0 101505 0 DIOSMO 210.52 176.77 15.6 A 12
101507.0 101507 0 DIOSMO 210.29 179.97 20.7 A 12
101508.0 101508 0 DIOSMO 214 179.03 13.9 A 12
101510.0 101510 0 PYRESH 214.97 176.53 12.2 A 12
101524.0 101524 0 PYRESH 217.25 177.5 13.4 A 12
101529.0 101529 0 MACHTH 217.01 179.54 16.5 A 12
101530.0 101530 0 ELAEJA 215.94 179.77 20.6 A 12
101534.0 101534 0 MELISQ 219.4 176.05 16.2 A 12
101538.0 101538 0 ELAEJA 218.69 175.08 11.1 A 12
101540.0 101540 0 RHODLE 215.18 170.49 14.1 A 12
101548.0 101548 0 LIMLUR 215.97 172.07 43.2 A 12
101557.0 101557 0 CASTCU 217.37 174.24 56.2 A 12
101564.0 101564 0 DIOSMO 219.33 174.12 11.1 A 12
101573.0 101573 0 PYRESH 217.95 170.14 10.9 A 12
101576.0 101576 0 LITSAC 217.05 170.17 14.5 A 12
101588.0 101588 0 PYRESH 211.7 161.28 9.9 A 12
101591.0 101591 0 PYRESH 210.65 161.86 14.9 A 12
101592.0 101592 0 DIOSMO 210.89 162.28 16.5 A 12
101599.0 101599 0 PYRESH 214.41 163.51 10.7 A 12
101606.0 101606 0 PYRESH 212.35 167.45 20.3 A 12
101611.0 101611 0 MACHMU 211.98 168.5 11.1 A 12
101626.0 101626 0 CASTCU 215.42 165.91 34.3 A 12
101640.0 101640 0 RANDCO 215.97 168.84 11.9 A 12
101643.0 101643 0 LIMLUR 216.83 169.21 22 A 12
101647.0 101647 0 LIMLUR 217.92 169.41 27.1 A 12
101648.0 101648 0 ELAEJA 218.25 169.38 20.3 A 12
101649.0 101649 0 RANDCO 218.37 169.43 13.9 A 12
101672.0 101672 0 MYRSSE 215.65 161.67 9.8 A 12
101673.0 101673 0 CLEYJA 215.79 162.06 9.7 A 12
101675.0 101675 0 CASTCU 216.41 162.61 23.4 A 12
101679.0 101679 0 MELISQ 218.86 164.03 16.2 A 12
101693.0 101693 0 MACHTH 201.22 181.66 21.3 A 12
101699.0 101699 0 RANDCO 201.83 182.48 10.9 A 12
101708.0 101708 0 PYRESH 204.6 181.08 16.3 A 12
101710.0 101710 0 MYRSSE 203.74 180.65 12 A 12
101716.0 101716 0 PYRESH 202.92 187.41 23 A 12
101732.0 101732 0 ELAEJA 202.01 189.92 31.7 A 12
101741.0 101741 0 MACHTH 204.98 186.26 10.9 A 12
101744.0 101744 0 MYRSSE 205.99 185.73 15.8 A 12
101749.0 101749 0 MYRSSE 206.22 187.72 15.4 A 12
101752.0 101752 0 CASTCU 206.34 188.09 30 A 12
101759.0 101759 0 CLEYJA 208.91 189.33 19.7 A 12
101769.0 101769 0 MYRSSE 208.08 186.46 11 A 12
101778.0 101778 0 MYRSSE 207.56 184.77 10.1 A 12
101779.0 101779 0 PYRESH 208.08 184.68 13.6 A 12
101790.0 101790 0 MYRSSE 200.18 193.46 21.1 A 12
101800.0 101800 0 MELISQ 203.93 193.05 28.5 A 12
101801.0 101801 0 ELAEJA 203.93 192.58 16 A 12
101803.0 101803 0 LITSAC 204.97 192.07 10.6 A 12
101811.0 101811 0 MYRSSE 200.55 197.11 15 A 12
101816.0 101816 0 DIOSMO 200.58 199.9 31.8 A 12
101827.0 101827 0 ELAEJA 202.31 196.1 14.7 A 12
101828.0 101828 0 CLEYJA 206.12 195.32 15.6 A 12
101836.0 101836 0 CASTCU 206.36 199.24 31.1 A 12
101837.0 101837 0 LIMLUR 208.91 199.23 20.6 A 12
101849.0 101849 0 MELISQ 205.63 194.81 9.8 A 12
101853.0 101853 0 RANDCO 208.83 194.48 13.3 A 12
101856.0 101856 0 MELISQ 209.41 191.26 13.5 A 12
101857.0 101857 0 MYRSSE 209.21 191.06 21.7 A 12
101867.0 101867 0 MYRSSE 211.97 191.83 13.2 A 12
101868.0 101868 0 MYRSSE 210.92 193.85 21.9 A 12
101871.0 101871 0 DIOSMO 212.95 194.74 11.5 A 12
101879.0 101879 0 MYRSSE 214.71 190.42 12.7 A 12
101880.0 101880 0 LIMLUR 213.59 190.62 14.2 A 12
101883.0 101883 0 MELISQ 210.26 196.9 14.5 A 12
101884.0 101884 0 PYRESH 210.07 196.93 15.9 A 12
101892.0 101892 0 MELISQ 214.35 195.15 11.7 A 12
101895.0 101895 0 PYRESH 215.21 195.69 9.8 A 12
101896.0 101896 0 LIMLUR 215.68 195.89 19.1 A 12
101900.0 101900 0 PYRESH 215.55 199.68 11.8 A 12
101907.0 101907 0 CLEYJA 219.23 199.65 10.1 A 12
101911.0 101911 0 MELISQ 215.32 190.52 17.6 A 12
101918.0 101918 0 CASTCU 217.35 192.45 41.2 A 12
101919.0 101919 0 MELISQ 215.66 194.54 16.1 A 12
101935.0 101935 0 DIOSMO 212.01 180.98 10.2 A 12
101943.0 101943 0 MYRSSE 211.77 182.6 9.9 A 12
101947.0 101947 0 MYRSSE 210.53 183.56 16.4 A 12
101949.0 101949 0 DIOSMO 210.28 184.67 14 A 12
101960.0 101960 0 MYRSSE 213.01 184.3 11.8 A 12
101963.0 101963 0 MACHTH 214.47 182.94 27.5 A 12
101966.0 101966 0 MYRSSE 214.34 182.3 10.8 A 12
101972.0 101972 0 MYRSSE 210.28 185.41 13.4 A 12
101974.0 101974 0 RANDCO 210.39 185.71 9.6 A 12
101984.0 101984 0 CASTCU 212.64 188.96 17.2 A 12
101985.0 101985 0 GLOCAC 212.91 189.36 10.9 A 12
101990.0 101990 0 MYRSSE 214.94 188.94 15.1 A 12
102004.0 102004 0 CASTCU 217 185.73 11.4 A 12
102007.0 102007 0 MACHTH 216.77 186.08 14.1 A 12
102015.0 102015 0 MYRSSE 219.03 189.34 12.2 A 12
102017.0 102017 0 PYRESH 219.23 188.84 17 A 12
102022.0 102022 0 MELISQ 219.67 187.69 12 A 12
102025.0 102025 0 CASTCU 219.69 185.58 14.9 A 12
102031.0 102031 0 ELAEJA 215.97 181.28 11.7 A 12
102032.0 102032 0 MELISQ 217.42 180.79 9.6 A 12
102041.0 102041 0 LIMLUR 217.07 184.06 19.2 A 12
102042.0 102042 0 DIOSMO 217.78 184.14 11 A 12
102047.0 102047 0 MYRSSE 219.85 180.31 15.7 A 12
105436.0 105436 0 LIMLUR 201.15 187.05 21 A 12
110553.0 110553 0 LIMLUR 236.44 101.07 23.4 A 12
110614.0 110614 0 MACHMU 224.74 103.09 31 A 12
110615.0 110615 0 TRICDU 223.57 105.88 9.9 A 12
110616.0 110616 0 PYRESH 224.03 107.1 10.4 A 12
110621.0 110621 0 CLEYJA 223.77 109.36 11.2 A 12
110626.0 110626 0 CASTCU 224.21 107.62 78.5 A 12
110629.0 110629 0 MACHMU 226.31 109.21 11.5 A 12
110630.0 110630 0 MACHTH 229.54 108.82 13.4 A 12
110637.0 110637 0 MELISQ 227.13 100.27 27 A 12
110638.0 110638 0 MELISQ 227.47 100.76 10.9 A 12
110644.0 110644 0 CASTCU 220.42 113.31 41 A 12
110646.0 110646 0 MACHTH 229.01 110.57 25.2 A 12
110648.0 110648 0 SYMPTH 220.75 118.6 12.1 A 12
110649.0 110649 0 CRYPCH 221.47 118.94 17.2 A 12
110650.0 110650 0 MACHTH 222.22 119.01 15.9 A 12
110651.0 110651 0 LIMLUR 223.04 119.24 45.3 A 12
110652.0 110652 0 MELISQ 222.24 119.97 13.2 A 12
110655.0 110655 0 RANDCO 224.71 118.87 11.6 A 12
110656.0 110656 0 MACHMU 226.73 118.65 23.3 A 12
110658.0 110658 0 CLEYJA 232.96 114.61 22.9 A 12
110665.0 110665 0 CLEYJA 235.52 116.37 11.5 A 12
110666.0 110666 0 LITSAC 235.38 117.85 17.5 A 12
110668.0 110668 0 MELISQ 236.04 116.4 23.7 A 12
110670.0 110670 0 LIMLUR 238.94 115.58 49.7 A 12
110674.0 110674 0 CLEYJA 237.49 110.49 11.1 A 12
110677.0 110677 0 MELISQ 239.44 110.59 17 A 12
110680.0 110680 0 MACHTH 232.04 102.57 15.2 A 12
110681.0 110681 0 ENGERO 232.98 102.03 11 A 12
110682.0 110682 0 CASTCU 233.08 102.57 9.6 A 12
110685.0 110685 0 MELISQ 232.87 104.08 32.4 A 12
110686.0 110686 0 CLEYJA 232.52 104 17.8 A 12
110691.0 110691 0 CLEYJA 231.03 108.5 19.1 A 12
110694.0 110694 0 GLOCAC 234.03 107.01 14.8 A 12
110696.0 110696 0 CASTCU 234.79 106.05 16.4 A 12
110698.0 110698 0 MACHTH 237.89 107.94 14.3 A 12
110700.0 110700 0 CASTCU 239.41 107.01 25.2 A 12
110701.0 110701 0 LIMLUR 239.1 108.84 20.9 A 12
110702.0 110702 0 CLEYJA 235.14 101.06 9.5 A 12
110703.0 110703 0 MACHTH 236.09 100.3 10.2 A 12
110705.0 110705 0 LIMLUR 236.9 100.34 15 A 12
110709.0 110709 0 CASTCU 238.33 102.06 26.8 A 12
110712.0 110712 0 PYRESH 220.58 122.43 16.9 A 12
110717.0 110717 0 CASTCU 222.99 123.09 35.4 A 12
110718.0 110718 0 CASTCU 223.93 123.97 20.6 A 12
110729.0 110729 0 MYRSSE 220.04 128.99 24.1 A 12
110730.0 110730 0 MELISQ 220.41 128.99 24.2 A 12
110731.0 110731 0 CASTCU 220.32 129.02 21.3 A 12
110732.0 110732 0 LIMLUR 220.65 129.02 28.3 A 12
110735.0 110735 0 MELISQ 223.01 128.89 13.2 A 12
110736.0 110736 0 CLEYJA 222.99 129.5 16.4 A 12
110746.0 110746 0 LITSAC 229.85 127.37 25.6 A 12
110751.0 110751 0 MELISQ 228.29 125.07 16.9 A 12
110753.0 110753 0 MELISQ 226.98 120.15 25.4 A 12
110758.0 110758 0 LITSAC 227.42 122.62 19.5 A 12
110761.0 110761 0 LIMLUR 220.46 130.47 16.7 A 12
110781.0 110781 0 CLEYJA 224.71 139.78 14.9 A 12
110790.0 110790 0 LIMLUR 228 138.02 19.3 A 12
110791.0 110791 0 ELAEJA 227.46 137.71 25.7 A 12
110794.0 110794 0 SCHEOC 228.36 138.46 9.5 A 12
110796.0 110796 0 PYRESH 229.79 138.43 11.6 A 12
110799.0 110799 0 MELISQ 227.58 134.87 16.4 A 12
110800.0 110800 0 CLEYJA 228.17 132.1 15.4 A 12
110801.0 110801 0 CASTCU 227.51 130.75 20.5 A 12
110806.0 110806 0 CASTCU 231.12 132 9.5 A 12
110812.0 110812 0 MELISQ 232.35 134.34 21.3 A 12
110825.0 110825 0 PRUNPH 230.49 135.96 14.9 A 12
110826.0 110826 0 CASTCU 231.44 137.21 21.1 A 12
110829.0 110829 0 MELISQ 230.24 139.71 13.9 A 12
110835.0 110835 0 LIMLUR 234.06 135.45 17.6 A 12
110840.0 110840 0 ELAEJA 236.44 137.64 13.4 A 12
110841.0 110841 0 MACHTH 235.8 139.6 11 A 12
110843.0 110843 0 PYRESH 237.39 137.81 9.8 A 12
110847.0 110847 0 CASTCU 239.05 139.05 17.9 A 12
110851.0 110851 0 CINNSU 238.71 136 13.2 A 12
110853.0 110853 0 MELISQ 237.51 131.55 9.6 A 12
110856.0 110856 0 LITSAC 238.93 132.04 18.4 A 12
110857.0 110857 0 CINNSU 239.57 131.12 13.5 A 12
110865.0 110865 0 PRUNPH 238.32 130.18 15.4 A 12
110866.0 110866 0 GLOCAC 238.57 130.81 14.6 A 12
110869.0 110869 0 CASTCU 231.83 124.85 14.5 A 12
110871.0 110871 0 LITSAC 232.34 123.99 14 A 12
110875.0 110875 0 ADINFO 234.04 122.16 10.8 A 12
110877.0 110877 0 MELISQ 230.89 125.98 9.9 A 12
110879.0 110879 0 MELISQ 232.86 129.78 10.7 A 12
110881.0 110881 0 CRYPCH 233.72 127.45 17.6 A 12
110891.0 110891 0 MACHTH 238.12 128.62 9.5 A 12
110898.0 110898 0 DAPHGL 235.82 122.08 13.2 A 12
110905.0 110905 0 MELISQ 238.64 124.88 16.8 A 12
110911.0 110911 0 CASTCU 239.47 120.72 24.3 A 12
110916.0 110916 0 LIMLUR 220.25 144.03 25.4 A 12
110920.0 110920 0 CASTCU 224.38 143.05 12.5 A 12
110926.0 110926 0 MACHTH 221.02 146.22 11.4 A 12
110928.0 110928 0 ELAEJA 220.55 147.07 14.9 A 12
110931.0 110931 0 MACHTH 220.51 147.82 18.4 A 12
110943.0 110943 0 MYRSSE 224.87 148.35 11.1 A 12
110945.0 110945 0 ELAEJA 224.6 147.68 23.5 A 12
110947.0 110947 0 MELISQ 223.37 147.54 10.5 A 12
110962.0 110962 0 ELAEJA 225.96 149.4 24.9 A 12
110965.0 110965 0 LIMLUR 226.26 149.82 34.5 A 12
110968.0 110968 0 SYZYBU 228.88 149.61 10.4 A 12
110969.0 110969 0 ELAEJA 228.26 148.63 15.4 A 12
110971.0 110971 0 DIOSMO 227.83 147.82 15.2 A 12
110982.0 110982 0 MYRSSE 228.43 145.29 14.8 A 12
110985.0 110985 0 PYRESH 226.7 143.36 16.6 A 12
110988.0 110988 0 MELISQ 229.23 144.75 17.4 A 12
110990.0 110990 0 PYRESH 228.9 142.81 10.8 A 12
110991.0 110991 0 CASTCU 229.08 142.54 27 A 12
111004.0 111004 0 CLEYJA 220.89 152.2 11.1 A 12
111009.0 111009 0 MACHTH 223.89 152.06 19.1 A 12
111021.0 111021 0 PYRESH 221.81 157.89 12.2 A 12
111029.0 111029 0 PYRESH 225.42 155.34 12.4 A 12
111033.0 111033 0 LIMLUR 225.36 155.72 30.4 A 12
111039.0 111039 0 MELISQ 229.69 159.4 11.5 A 12
111043.0 111043 0 MYRSSE 225.46 152.17 11.8 A 12
111045.0 111045 0 LIMLUR 225.24 153.08 14.9 A 12
111053.0 111053 0 ELAEJA 229.75 150.45 13.1 A 12
111055.0 111055 0 MYRSSE 230.19 150.35 14.1 A 12
111056.0 111056 0 MELISQ 231.39 150.2 13.3 A 12
111060.0 111060 0 SYZYBU 230.8 151.37 10.8 A 12
111067.0 111067 0 MELISQ 232.32 153.59 12.7 A 12
111069.0 111069 0 MYRSSE 232.89 153.39 12.8 A 12
111076.0 111076 0 MYRSSE 231.6 155.71 10.9 A 12
111078.0 111078 0 MYRSSE 232.03 156.03 11.2 A 12
111081.0 111081 0 GLOCAC 231.66 157.33 15.9 A 12
111086.0 111086 0 MELISQ 234.57 158.49 26.5 A 12
111087.0 111087 0 PASAHR 232.96 158.43 27 A 12
111090.0 111090 0 PYRESH 234.53 156.27 16.8 A 12
111091.0 111091 0 CINNSU 234.47 155.42 18.8 A 12
111094.0 111094 0 MYRSSE 235.77 157.01 9.6 A 12
111096.0 111096 0 SYMPSE 236.98 156.19 26 A 12
111099.0 111099 0 MYRSSE 237.25 159.7 9.6 A 12
111119.0 111119 0 ELAEJA 236.42 151.84 11.3 A 12
111122.0 111122 0 MYRSSE 236.95 153.29 14.5 A 12
111124.0 111124 0 ELAEJA 239.47 154.75 19.3 A 12
111130.0 111130 0 PYRESH 237.95 151.53 9.7 A 12
111142.0 111142 0 PYRESH 232.66 144.66 17.1 A 12
111149.0 111149 0 MACHTH 234.54 142.06 12.7 A 12
111169.0 111169 0 PYRESH 231.94 148.42 12 A 12
111173.0 111173 0 CASTCU 231.1 149.04 22.7 A 12
111181.0 111181 0 MYRSSE 234.92 149.44 12.3 A 12
111184.0 111184 0 ELAEJA 234.14 148.43 10.1 A 12
111200.0 111200 0 CASTCU 236.71 146.37 33.9 A 12
111205.0 111205 0 CYCLSE 235.52 146.71 13.4 A 12
111206.0 111206 0 MACHTH 235.72 147.58 9.7 A 12
111218.0 111218 0 ELAEJA 238.36 148.92 28.9 A 12
111224.0 111224 0 MYRSSE 238.37 147.71 10.6 A 12
111226.0 111226 0 MYRSSE 239.37 147.31 16.8 A 12
111236.0 111236 0 LIMLUR 236.78 141.57 18.1 A 12
111255.0 111255 0 MELISQ 239.44 142.6 18.5 A 12
111257.0 111257 0 DAPHGL 239.5 142.14 10.5 A 12
111263.0 111263 0 MELISQ 221.98 162.06 12.4 A 12
111266.0 111266 0 MYRSSE 220.26 164.6 17.8 A 12
111267.0 111267 0 MELISQ 223.87 164.9 13.1 A 12
111268.0 111268 0 MELISQ 224.26 161.62 21.1 A 12
111271.0 111271 0 LIMLUR 220.14 166.08 10.1 A 12
111274.0 111274 0 MYRSSE 220.99 168.12 12.7 A 12
111287.0 111287 0 DIOSMO 224.81 165.15 16.3 A 12
111291.0 111291 0 ELAEJA 226.14 165.25 15.1 A 12
111307.0 111307 0 MYRSSE 228.21 164.95 9.7 A 12
111309.0 111309 0 CASTCU 226.93 161.59 15.2 A 12
111314.0 111314 0 MYRSSE 229.1 164.47 13.1 A 12
111317.0 111317 0 RANDCO 229.64 164.17 10.7 A 12
111320.0 111320 0 MELISQ 220.05 170.2 10.1 A 12
111330.0 111330 0 MACHTH 221.43 171.86 9.6 A 12
111333.0 111333 0 CLEYJA 220.99 174.02 12.4 A 12
111336.0 111336 0 RANDCO 222.58 173.69 10 A 12
111345.0 111345 0 MYRSSE 223.9 170.37 25.3 A 12
111358.0 111358 0 DIOSMO 224.57 177.2 15.1 A 12
111361.0 111361 0 MELISQ 225.9 176.1 14.6 A 12
111362.0 111362 0 SYZYBU 227.1 176.16 11.1 A 12
111364.0 111364 0 ELAEJA 227.2 177.07 24.6 A 12
111367.0 111367 0 LIMLUR 228.2 177.17 26.5 A 12
111369.0 111369 0 MYRSSE 227.86 176.46 9.5 A 12
111372.0 111372 0 LIMLUR 229.74 175.17 16.6 A 12
111377.0 111377 0 CASTCU 225.92 172.99 35.3 A 12
111380.0 111380 0 MYRSSE 228.88 172.03 17.2 A 12
111381.0 111381 0 MELISQ 228.36 171.08 17.6 A 12
111385.0 111385 0 MYRSSE 231.46 172.06 24.1 A 12
111389.0 111389 0 MELISQ 234.57 171.03 14.8 A 12
111395.0 111395 0 PRUNPH 230.95 177.95 13.7 A 12
111404.0 111404 0 MYRSSE 237.39 175.2 17.4 A 12
111405.0 111405 0 MELISQ 237.86 176.57 24.7 A 12
111408.0 111408 0 LIMLUR 235.43 178.42 18.6 A 12
111412.0 111412 0 ELAEJA 237.93 179.51 10.3 A 12
111423.0 111423 0 MYRSSE 236.39 170.93 10.9 A 12
111436.0 111436 0 MYRSSE 238.44 172 18.1 A 12
111448.0 111448 0 GLOCAC 231.73 163.55 20.6 A 12
111452.0 111452 0 LITSAC 232.44 162 19.6 A 12
111453.0 111453 0 MELISQ 234.07 161.87 10.7 A 12
111462.0 111462 0 MYRSSE 230.32 165.45 15.8 A 12
111466.0 111466 0 MYRSSE 232.42 166.4 12.7 A 12
111469.0 111469 0 MYRSSE 233.47 167.47 11.1 A 12
111471.0 111471 0 MACHTH 234.16 167.25 19.8 A 12
111478.0 111478 0 CYCLLO 235.89 166.17 19.3 A 12
111488.0 111488 0 MYRSSE 237.07 168.31 11.8 A 12
111505.0 111505 0 SYZYBU 237.32 165.45 12.6 A 12
111508.0 111508 0 MELISQ 236.54 161.32 9.7 A 12
111512.0 111512 0 ELAEJA 235.41 163.97 17.2 A 12
111513.0 111513 0 MYRSSE 235.92 164.37 9.6 A 12
111518.0 111518 0 MYRSSE 239.37 163.83 23.4 A 12
111526.0 111526 0 CASTCU 238.47 161.06 21.1 A 12
111534.0 111534 0 MYRSSE 220.11 180.24 15.7 A 12
111551.0 111551 0 GORDAX 221.2 189.74 10.4 A 12
111553.0 111553 0 CASTCU 221.84 189.87 29.5 A 12
111557.0 111557 0 LIMLUR 224.77 189.91 22.2 A 12
111563.0 111563 0 CASTCU 225.11 185.88 12.1 A 12
111571.0 111571 0 MYRSSE 226.36 188.9 12.2 A 12
111572.0 111572 0 CLEYJA 226.19 189.02 11.9 A 12
111578.0 111578 0 CASTCU 229.4 187.45 33.2 A 12
111584.0 111584 0 GORDAX 229.38 185.44 11.9 A 12
111590.0 111590 0 MYRSSE 225.77 180.96 13.7 A 12
111591.0 111591 0 MYRSSE 225.97 181.11 15.3 A 12
111593.0 111593 0 DIOSMO 226.36 184.31 23.9 A 12
111595.0 111595 0 PYRESH 229.33 184.06 10.5 A 12
111605.0 111605 0 MELISQ 229.01 180.68 9.7 A 12
111614.0 111614 0 MYRSSE 222.42 193.21 11.9 A 12
111619.0 111619 0 MELISQ 222.54 194 22.4 A 12
111624.0 111624 0 MYRSSE 223.96 194.04 9.5 A 12
111629.0 111629 0 MYRSSE 223.46 192.81 12 A 12
111640.0 111640 0 CASTCU 220.65 198.35 22.6 A 12
111646.0 111646 0 PYRESH 223.23 199.9 10.1 A 12
111657.0 111657 0 MYRSSE 224.89 197.99 13 A 12
111665.0 111665 0 CASTCU 222.45 196.97 25.7 A 12
111667.0 111667 0 MYRSSE 222.69 197.17 9.7 A 12
111672.0 111672 0 MYRSSE 222.98 196.02 12.4 A 12
111675.0 111675 0 MYRSSE 225.93 195.61 10.8 A 12
111676.0 111676 0 MYRSSE 226.07 195.72 10.9 A 12
111677.0 111677 0 CASTCU 226.88 195.56 26.5 A 12
111680.0 111680 0 MYRSSE 225.04 197.14 12 A 12
111682.0 111682 0 MYRSSE 225.9 198.93 11.1 A 12
111686.0 111686 0 MACHTH 225.21 199.7 11.5 A 12
111688.0 111688 0 MYRSSE 227.02 199.43 9.9 A 12
111690.0 111690 0 MACHTH 227.43 198.65 12.9 A 12
111692.0 111692 0 MYRSSE 227.79 198.89 13 A 12
111694.0 111694 0 RANDCO 228.63 199.78 10.1 A 12
111698.0 111698 0 CASTCU 229.69 195.17 23.8 A 12
111702.0 111702 0 ELAEJA 226.5 190.2 27.9 A 12
111720.0 111720 0 MYRSSE 229.21 192.44 11.3 A 12
111727.0 111727 0 CASTCU 229.8 191.07 27.4 A 12
111742.0 111742 0 CASTCU 234.06 193.12 26.5 A 12
111758.0 111758 0 ELAEJA 231.47 198.55 15 A 12
111760.0 111760 0 ELAEJA 232.58 198.48 11 A 12
111766.0 111766 0 MYRSSE 233.72 199.03 10.9 A 12
111768.0 111768 0 PYRESH 234.37 199.53 9.8 A 12
111798.0 111798 0 MACHTH 238.63 198.53 15.3 A 12
111800.0 111800 0 MELISQ 239.21 199.03 12.7 A 12
111816.0 111816 0 MYRSSE 235.97 191.67 18.2 A 12
111823.0 111823 0 MELISQ 235.89 194.74 17.6 A 12
111832.0 111832 0 MYRSSE 236.66 194.58 15.4 A 12
111836.0 111836 0 MYRSSE 238.81 193.77 12.2 A 12
111841.0 111841 0 MELISQ 238.66 191.18 12.5 A 12
111846.0 111846 0 CASTCU 237.24 190.47 15.3 A 12
111849.0 111849 0 ELAEJA 232 182.99 17.3 A 12
111863.0 111863 0 LITSAC 230.38 185.29 10.5 A 12
111864.0 111864 0 MYRSSE 230.62 185.49 16.7 A 12
111879.0 111879 0 MYRSSE 232.04 189 13.9 A 12
111889.0 111889 0 MYRSSE 234.54 186.53 14.9 A 12
111901.0 111901 0 MYRSSE 239.24 188.75 13.1 A 12
111903.0 111903 0 LITSAC 239.13 187.48 13.9 A 12
111904.0 111904 0 MYRSSE 239.24 186.54 11.7 A 12
111910.0 111910 0 LIMLUR 235.73 181.08 12.4 A 12
111913.0 111913 0 CASTCU 236.31 183.4 14.4 A 12
111917.0 111917 0 MELISQ 238.4 182 10.7 A 12
111918.0 111918 0 CASTCU 239.79 181.94 16.5 A 12
111920.0 111920 0 MYRSSE 238.37 181.63 12.4 A 12
111926.0 111926 0 CASTCU 237.71 180.22 25.2 A 12
116624.0 116624 0 MELISQ 239.18 100.44 15.9 A 12
120838.0 120838 0 MACHTH 241.34 103.63 24.3 A 12
120840.0 120840 0 CASTCU 240.93 104.06 10.7 A 12
120844.0 120844 0 CASTCU 244.65 104.8 20.7 A 12
120846.0 120846 0 MYRSSE 244.7 104.1 9.7 A 12
120850.0 120850 0 CASTCU 242.79 108.99 13.8 A 12
120853.0 120853 0 DIOSMO 246.93 106 19.9 A 12
120855.0 120855 0 CASTCU 245.08 107.92 14.7 A 12
120857.0 120857 0 MELISQ 246.12 109.37 14.4 A 12
120859.0 120859 0 MYRSSE 246.95 108.36 15.7 A 12
120870.0 120870 0 RANDCO 245.05 101.91 11.1 A 12
120872.0 120872 0 LIMLUR 246.66 102.2 13.8 A 12
120874.0 120874 0 MELISQ 248.79 104.51 14.3 A 12
120879.0 120879 0 CASTCU 249.65 102.14 11.7 A 12
120883.0 120883 0 MELISQ 240.96 112.7 24.8 A 12
120884.0 120884 0 CASTCU 241.34 114.56 14.1 A 12
120887.0 120887 0 MELISQ 243.72 113.19 13 A 12
120890.0 120890 0 MACHTH 244.44 110.64 22.1 A 12
120891.0 120891 0 CASTCU 244.37 110.47 28.4 A 12
120899.0 120899 0 MELISQ 240.93 117.54 17.8 A 12
120901.0 120901 0 CASTCU 241.81 119.95 11.6 A 12
120906.0 120906 0 MACHTH 241.98 118.43 11.8 A 12
120908.0 120908 0 CASTCU 243.96 117 17.9 A 12
120911.0 120911 0 MELISQ 245.8 116.56 12.6 A 12
120915.0 120915 0 MELISQ 245.87 117.47 13.3 A 12
120917.0 120917 0 MELISQ 247.28 118.06 15.4 A 12
120918.0 120918 0 PYRESH 248.2 119.41 11.3 A 12
120926.0 120926 0 RANDCO 248.47 116.86 15.1 A 12
120927.0 120927 0 MYRSSE 249.61 116.36 10.2 A 12
120942.0 120942 0 RHUSSU 248.59 113.82 25.4 A 12
120949.0 120949 0 DIOSMO 248.57 111.67 14.7 A 12
120952.0 120952 0 PYRESH 247 110.48 12.7 A 12
120953.0 120953 0 MYRSSE 246.88 110.65 11.3 A 12
120954.0 120954 0 MYRSSE 251.88 110.37 10.7 A 12
120957.0 120957 0 MELISQ 250.55 113.09 13 A 12
120960.0 120960 0 MYRSSE 252.28 114.43 10.6 A 12
120961.0 120961 0 CASTCU 252.1 113.85 16.5 A 12
120967.0 120967 0 ELAEJA 254.51 112.08 23.6 A 12
120968.0 120968 0 MYRSSE 254.67 112.38 10.9 A 12
120980.0 120980 0 PRUNPH 250.12 118.65 14.7 A 12
120991.0 120991 0 MYRSSE 252.91 118.94 11.9 A 12
120992.0 120992 0 PYRESH 253.82 119.97 10.8 A 12
120996.0 120996 0 MYRSSE 254.75 115.61 10.1 A 12
121002.0 121002 0 MYRSSE 255.99 116.09 13 A 12
121003.0 121003 0 MYRSSE 255.77 116.19 11.2 A 12
121006.0 121006 0 MELISQ 256.61 116.56 14.8 A 12
121009.0 121009 0 ELAEJA 255.6 119.33 9.8 A 12
121012.0 121012 0 MYRSSE 259.33 119.54 13.7 A 12
121013.0 121013 0 MELISQ 259.58 119.74 13.8 A 12
121014.0 121014 0 ELAEJA 259.86 118.49 19.6 A 12
121017.0 121017 0 MELISQ 259.61 118.32 12.7 A 12
121024.0 121024 0 MYRSSE 259.07 115.2 10.4 A 12
121025.0 121025 0 MYRSSE 259.06 115.04 14.8 A 12
121031.0 121031 0 MYRSSE 255.95 113.12 16.3 A 12
121032.0 121032 0 ELAEJA 256.51 113.09 16.2 A 12
121037.0 121037 0 MYRSSE 259.34 111.57 11.7 A 12
121040.0 121040 0 MELISQ 250.99 101.59 13.4 A 12
121052.0 121052 0 PYRESH 254.16 103.15 11.9 A 12
121053.0 121053 0 CLEYJA 254.95 103.81 10.2 A 12
121061.0 121061 0 GLOCAC 254.79 101.33 16.1 A 12
121068.0 121068 0 ELAEJA 252.79 100.68 9.7 A 12
121069.0 121069 0 MYRSSE 250.68 105.29 10.8 A 12
121074.0 121074 0 RHODLE 251.61 106.56 11 A 12
121082.0 121082 0 MYRSSE 253.45 108.29 13.1 A 12
121083.0 121083 0 ELAEJA 253.13 107.5 35.5 A 12
121087.0 121087 0 MYRSSE 254.95 108.25 9.8 A 12
121090.0 121090 0 CRYPCH 254.34 106.46 18.3 A 12
121103.0 121103 0 LIMLUR 258.73 107.67 33.5 A 12
121113.0 121113 0 ELAEJA 257.49 101.05 25.2 A 12
121116.0 121116 0 LITSAC 240.18 121.56 17.3 A 12
121122.0 121122 0 LIMLUR 240.14 124.44 53.4 A 12
121145.0 121145 0 SYMPTH 244.67 129.38 12.3 A 12
121151.0 121151 0 MACHTH 244.17 126.53 11.2 A 12
121157.0 121157 0 MELISQ 245.96 128.18 13.2 A 12
121163.0 121163 0 SYZYBU 248.54 129.97 9.7 A 12
121167.0 121167 0 PYRESH 248.1 128.32 18.4 A 12
121171.0 121171 0 MYRSSE 248.5 126.63 9.9 A 12
121183.0 121183 0 CLEYJA 247.05 123.46 19 A 12
121187.0 121187 0 PYRESH 247.91 124.95 12.8 A 12
121190.0 121190 0 LIMLUR 249.72 124.63 21.1 A 12
121198.0 121198 0 CASTCU 247.39 121.57 11.3 A 12
121201.0 121201 0 CLEYJA 242.01 130.38 10.5 A 12
121215.0 121215 0 RANDCO 243.67 130.81 10.1 A 12
121233.0 121233 0 MYRSSE 243.66 138.13 15 A 12
121240.0 121240 0 CINNSU 246.75 136.02 18.3 A 12
121246.0 121246 0 LITSAC 248.98 138.43 13.3 A 12
121249.0 121249 0 MELISQ 248.32 136.77 10.2 A 12
121251.0 121251 0 MELISQ 249.57 136.79 14.2 A 12
121254.0 121254 0 MELISQ 249.4 135.66 15.1 A 12
121256.0 121256 0 LIMLUR 245.48 132.27 42.6 A 12
121264.0 121264 0 MELISQ 247.24 134.96 24.8 A 12
121279.0 121279 0 MELISQ 253.13 130.32 15.9 A 12
121287.0 121287 0 ELAEJA 250.45 139.81 9.8 A 12
121289.0 121289 0 ELAEJA 252.11 138.9 22.4 A 12
121291.0 121291 0 MYRSSE 253.72 138.92 17.8 A 12
121299.0 121299 0 MELISQ 258.02 139.63 11.8 A 12
121309.0 121309 0 SYMPSE 256.63 135.17 18.1 A 12
121330.0 121330 0 DIOSMO 258.57 133.02 17 A 12
121333.0 121333 0 MELISQ 258.69 132.48 10.8 A 12
121339.0 121339 0 MYRSSE 251.12 121.13 9.9 A 12
121341.0 121341 0 MELISQ 253.73 123.89 15.3 A 12
121342.0 121342 0 LIMLUR 252.93 121.13 59.2 A 12
121343.0 121343 0 RANDCO 252.39 121.05 9.9 A 12
121345.0 121345 0 RANDCO 251.33 125.29 12 A 12
121351.0 121351 0 CASTCU 253.08 127.68 15.3 A 12
121353.0 121353 0 MELISQ 254.71 129.87 11.5 A 12
121355.0 121355 0 ELAESY 253.91 126.17 9.9 A 12
121356.0 121356 0 SCHEOC 255.85 126.12 10 A 12
121357.0 121357 0 MYRSSE 255.86 126.35 13.5 A 12
121358.0 121358 0 MACHTH 256.16 126.32 9.8 A 12
121364.0 121364 0 MELISQ 256.37 129.91 16.3 A 12
121369.0 121369 0 MELISQ 259.57 129.28 14.2 A 12
121387.0 121387 0 SYZYBU 258.14 120.43 9.9 A 12
121392.0 121392 0 MYRSSE 240.24 141.3 13.5 A 12
121395.0 121395 0 MYRSSE 242.31 142.67 14.7 A 12
121396.0 121396 0 MACHTH 241.67 143.41 11.2 A 12
121400.0 121400 0 MACHTH 242.25 143.82 9.7 A 12
121401.0 121401 0 ELAEJA 242 143.65 13.6 A 12
121403.0 121403 0 MYRSSE 244.23 143.48 10.6 A 12
121408.0 121408 0 SYZYBU 243.97 141.76 9.5 A 12
121409.0 121409 0 MYRSSE 243.46 141.84 9.5 A 12
121426.0 121426 0 MYRSSE 243.37 149.75 14.7 A 12
121439.0 121439 0 CASTCU 242.27 146.56 12.7 A 12
121440.0 121440 0 MYRSSE 242.24 146.36 14.6 A 12
121446.0 121446 0 CASTCU 244.45 145.27 11.5 A 12
121459.0 121459 0 MYRSSE 246.74 148.25 12.8 A 12
121466.0 121466 0 MYRSSE 247.46 148.5 9.8 A 12
121467.0 121467 0 MYRSSE 247.88 148.67 9.9 A 12
121481.0 121481 0 PYRESH 249.03 146.13 16.1 A 12
121490.0 121490 0 MYRSSE 246.16 142.35 12.9 A 12
121493.0 121493 0 LIMLUR 245.38 144.87 20.6 A 12
121506.0 121506 0 MELISQ 247.34 141.28 15.7 A 12
121512.0 121512 0 ELAEJA 241.49 153.53 29.9 A 12
121515.0 121515 0 CASTCU 242.14 154.46 32.7 A 12
121516.0 121516 0 MYRSSE 242.55 154.93 17 A 12
121525.0 121525 0 MYRSSE 244.81 151.29 11 A 12
121531.0 121531 0 MYRSSE 240.97 155.69 10.9 A 12
121533.0 121533 0 MYRSSE 240.85 159.2 13.3 A 12
121541.0 121541 0 CASTCU 242.85 159.13 22.5 A 12
121550.0 121550 0 MYRSSE 242.05 155.45 11.6 A 12
121553.0 121553 0 MYRSSE 242.45 156.66 17.4 A 12
121561.0 121561 0 MYRSSE 245.16 159.82 21.4 A 12
121562.0 121562 0 CASTCU 246.56 158.69 29.7 A 12
121567.0 121567 0 MYRSSE 247.98 158.13 10 A 12
121579.0 121579 0 MYRSSE 248.09 157.17 12.5 A 12
121590.0 121590 0 MYRSSE 248.17 151.87 12.2 A 12
121594.0 121594 0 MELISQ 248.84 153.65 12.4 A 12
121598.0 121598 0 MYRSSE 248.7 152.4 11 A 12
121615.0 121615 0 MYRSSE 250.59 151.97 13.4 A 12
121618.0 121618 0 CLEYJA 251.06 154.67 10 A 12
121635.0 121635 0 CASTCU 253.64 154.41 14.3 A 12
121653.0 121653 0 MELISQ 251.17 158.02 10.6 A 12
121655.0 121655 0 MYRSSE 252.07 157.5 13.3 A 12
121669.0 121669 0 MYRSSE 253.39 158.86 10.9 A 12
121673.0 121673 0 MYRSSE 254.89 158.89 10.5 A 12
121676.0 121676 0 ELAEJA 253.91 158.19 9.8 A 12
121680.0 121680 0 MYRSSE 253.64 156.26 10.5 A 12
121684.0 121684 0 CASTCU 252.52 155.56 33.9 A 12
121685.0 121685 0 MYRSSE 255.96 155.18 18.5 A 12
121686.0 121686 0 ELAEJA 256.2 155.18 26.1 A 12
121706.0 121706 0 SYZYBU 257.56 157.96 9.5 A 12
121709.0 121709 0 MYRSSE 258.66 159.63 10.2 A 12
121713.0 121713 0 MYRSSE 259.37 157.99 11.4 A 12
121714.0 121714 0 MYRSSE 259.28 157.79 10.3 A 12
121730.0 121730 0 MELISQ 256.31 154.63 13.1 A 12
121738.0 121738 0 MYRSSE 258.9 151.08 27.4 A 12
121742.0 121742 0 CASTCU 257.51 150.64 9.8 A 12
121745.0 121745 0 MYRSSE 250.72 141.42 11 A 12
121747.0 121747 0 PRUNPH 251.13 142.75 14.3 A 12
121748.0 121748 0 MYRSSE 250.62 143.99 19.8 A 12
121751.0 121751 0 MELISQ 250.68 144.95 17.9 A 12
121755.0 121755 0 PYRESH 254.65 144.88 17 A 12
121757.0 121757 0 MYRSSE 253.77 144.02 10.4 A 12
121768.0 121768 0 ELAEJA 252.58 140.37 10.4 A 12
121784.0 121784 0 ELAEJA 251.3 149.71 25.1 A 12
121789.0 121789 0 PYRESH 254.01 148.6 10.6 A 12
121807.0 121807 0 MYRSSE 256.3 149.02 19.1 A 12
121813.0 121813 0 MELISQ 259 148.02 11.7 A 12
121815.0 121815 0 MYRSSE 258.33 148.13 13.6 A 12
121817.0 121817 0 ELAEJA 258.39 146.79 10.8 A 12
121822.0 121822 0 MELISQ 255.76 140.68 12.1 A 12
121829.0 121829 0 MYRSSE 256.09 143.11 13.8 A 12
121834.0 121834 0 DIOSMO 256.56 144.68 15.8 A 12
121848.0 121848 0 MYRSSE 259.33 143.38 10.6 A 12
121851.0 121851 0 MYRSSE 259.59 142.65 11.8 A 12
121855.0 121855 0 MELISQ 256.93 141.63 10.3 A 12
121856.0 121856 0 CASTCU 256.83 141.42 19.4 A 12
121885.0 121885 0 CASTCU 244.43 163.04 23 A 12
121892.0 121892 0 MELISQ 244.57 160.65 12.8 A 12
121921.0 121921 0 MYRSSE 244.01 168.7 11.3 A 12
121925.0 121925 0 MYRSSE 243.58 167.48 10 A 12
121931.0 121931 0 MELISQ 244.4 167.45 14.8 A 12
121943.0 121943 0 MYRSSE 248.42 169.85 17.7 A 12
121952.0 121952 0 CASTCU 246.23 160.88 31 A 12
121960.0 121960 0 MYRSSE 246.7 164.58 15.1 A 12
121963.0 121963 0 MYRSSE 248.27 164.58 10.3 A 12
121965.0 121965 0 ELAEJA 249.5 163.82 26.7 A 12
121977.0 121977 0 CASTCU 249.07 160.86 34.8 A 12
121982.0 121982 0 MYRSSE 247.22 161.13 9.5 A 12
121987.0 121987 0 MYRSSE 240.19 173.21 11.6 A 12
121989.0 121989 0 MELISQ 240.99 173.83 10.2 A 12
121993.0 121993 0 MELISQ 242.68 174.93 12.9 A 12
121996.0 121996 0 ELAEJA 244.81 172.7 10.8 A 12
121998.0 121998 0 PYRESH 244.62 171.29 9.9 A 12
121999.0 121999 0 SYZYBU 243.93 172.06 12.6 A 12
122001.0 122001 0 MELISQ 243.09 172.75 12 A 12
122005.0 122005 0 MACHZU 242.59 170.57 11.2 A 12
122012.0 122012 0 GORDAX 240.14 176.05 18.6 A 12
122013.0 122013 0 MELISQ 241.09 176.15 17.3 A 12
122014.0 122014 0 MYRSSE 241 178.04 12 A 12
122016.0 122016 0 MELISQ 242.93 179.58 12.2 A 12
122021.0 122021 0 PYRESH 244.65 177.58 18.5 A 12
122024.0 122024 0 MYRSSE 246.22 178.36 16.1 A 12
122025.0 122025 0 PYRESH 246.78 179.8 10.4 A 12
122036.0 122036 0 DIOSMO 245.8 171.33 13 A 12
122045.0 122045 0 CLEYJA 248.15 174.77 13.4 A 12
122047.0 122047 0 CASTCU 248.88 174.81 28.3 A 12
122064.0 122064 0 MYRSSE 252.89 174.09 10 A 12
122078.0 122078 0 CASTCU 251.95 178.25 16.9 A 12
122086.0 122086 0 MYRSSE 253.57 178.04 15.5 A 12
122094.0 122094 0 MYRSSE 254.88 176.76 10.2 A 12
122095.0 122095 0 PYRESH 253.9 175.62 12.6 A 12
122103.0 122103 0 MYRSSE 257.91 179.06 12.1 A 12
122130.0 122130 0 MYRSSE 257.54 173.15 15.8 A 12
122134.0 122134 0 MELISQ 259.67 173.83 21.2 A 12
122140.0 122140 0 MYRSSE 259.01 172.31 15 A 12
122144.0 122144 0 ELAEJA 257.37 170.61 14.2 A 12
122151.0 122151 0 MYRSSE 250.61 162.62 15.5 A 12
122176.0 122176 0 MYRSSE 253.5 161.11 11.9 A 12
122179.0 122179 0 MYRSSE 250.36 166.03 11.5 A 12
122184.0 122184 0 PYRESH 250.82 169.65 9.8 A 12
122185.0 122185 0 CASTCU 250.95 169.77 18.4 A 12
122188.0 122188 0 PYRESH 252.54 168.97 12.3 A 12
122199.0 122199 0 MELISQ 254.31 165.29 10.3 A 12
122208.0 122208 0 MELISQ 251.91 165.18 21.4 A 12
122215.0 122215 0 MYRSSE 255.36 167.3 14.9 A 12
122219.0 122219 0 MELISQ 255.12 169.82 10.5 A 12
122220.0 122220 0 MYRSSE 255.76 169.78 20.8 A 12
122226.0 122226 0 MYRSSE 259.35 169.85 10.9 A 12
122234.0 122234 0 MYRSSE 255.6 160.57 9.6 A 12
122239.0 122239 0 ELAEJA 255.65 163.62 15.7 A 12
122244.0 122244 0 MYRSSE 256.97 162.77 16.8 A 12
122251.0 122251 0 MYRSSE 258.9 164.94 10.3 A 12
122278.0 122278 0 CASTCU 243.5 184.1 39.7 A 12
122281.0 122281 0 MYRSSE 244.31 183.93 15.5 A 12
122297.0 122297 0 MYRSSE 241.24 186.88 12.4 A 12
122304.0 122304 0 ILEXRO 241.05 188.31 11.7 A 12
122305.0 122305 0 PYRESH 240.82 188.62 10.2 A 12
122306.0 122306 0 CASTCU 241.02 188.86 27.7 A 12
122311.0 122311 0 CLEYJA 242.11 189.64 10.2 A 12
122312.0 122312 0 MYRSSE 242.54 189.68 18.2 A 12
122316.0 122316 0 MYRSSE 243.08 187.94 11.4 A 12
122329.0 122329 0 MELISQ 241.71 185.61 23.3 A 12
122343.0 122343 0 MELISQ 247.61 189.84 14.8 A 12
122353.0 122353 0 LITSAC 249.61 187.47 15.2 A 12
122357.0 122357 0 CASTCU 248.7 185.59 42.4 A 12
122360.0 122360 0 MELISQ 247.04 185.44 14 A 12
122364.0 122364 0 LIMLUR 246.46 182.4 11.8 A 12
122370.0 122370 0 MYRSSE 249.21 183.52 10.7 A 12
122376.0 122376 0 MYRSSE 249.51 181.42 14.4 A 12
122377.0 122377 0 MELISQ 249.01 181.15 9.9 A 12
122378.0 122378 0 MYRSSE 246.6 182.4 10.7 A 12
122385.0 122385 0 MELISQ 240.73 191.84 11.3 A 12
122390.0 122390 0 PYRESH 240.25 193.97 12.6 A 12
122392.0 122392 0 CASTCU 244.17 194.26 12.2 A 12
122393.0 122393 0 MELISQ 244.74 194.07 16.9 A 12
122399.0 122399 0 CASTCU 241.78 195.37 13.4 A 12
122401.0 122401 0 ELAEJA 240.59 195.56 21.2 A 12
122404.0 122404 0 MYRSSE 241.26 196.91 10.3 A 12
122406.0 122406 0 MYRSSE 242.59 197.14 15.6 A 12
122418.0 122418 0 PYRESH 242.65 198.76 11.4 A 12
122419.0 122419 0 MELISQ 243.18 199 12.5 A 12
122426.0 122426 0 PYRESH 243.37 197.18 14.1 A 12
122430.0 122430 0 MYRSSE 242.79 195.14 14.3 A 12
122441.0 122441 0 PYRESH 245.73 198.76 10.8 A 12
122447.0 122447 0 MELISQ 247.88 195.28 10.7 A 12
122455.0 122455 0 MYRSSE 247.2 194.67 12 A 12
122473.0 122473 0 ELAEJA 252.14 192.74 17.3 A 12
122480.0 122480 0 MELISQ 251.43 195.71 21.7 A 12
122484.0 122484 0 MYRSSE 251.06 199.24 15.6 A 12
122487.0 122487 0 MELISQ 253.06 195.34 9.6 A 12
122488.0 122488 0 MELISQ 256.2 196.17 18 A 12
122491.0 122491 0 RANDCO 259.17 199.11 10.6 A 12
122493.0 122493 0 CYCLGI 259.47 199.63 10.8 A 12
122494.0 122494 0 CINNSU 259.54 198.48 15.7 A 12
122498.0 122498 0 MYRSSE 258.43 195.12 20.4 A 12
122499.0 122499 0 PYRESH 257.25 194.97 11.2 A 12
122501.0 122501 0 MELISQ 259.34 192.89 22.3 A 12
122506.0 122506 0 PYRESH 257.95 190.92 19.9 A 12
122507.0 122507 0 CASTCU 256.31 194.04 9.7 A 12
122512.0 122512 0 PYRESH 251.47 182.13 14.4 A 12
122513.0 122513 0 MYRSSE 250.56 182.55 9.9 A 12
122516.0 122516 0 CASTCU 251.34 184.17 33.1 A 12
122519.0 122519 0 CASTCU 252.99 183.18 26.9 A 12
122522.0 122522 0 DIOSMO 253.77 183.96 42.2 A 12
122527.0 122527 0 MYRSSE 254.45 184.87 15 A 12
122528.0 122528 0 MYRSSE 254.57 184.9 14.3 A 12
122531.0 122531 0 CASTCU 254.23 183.31 36.4 A 12
122538.0 122538 0 MELISQ 252.66 181.91 13.8 A 12
122543.0 122543 0 ELAEJA 250.44 186.52 22.9 A 12
122549.0 122549 0 PYRESH 250.96 189.78 15 A 12
122552.0 122552 0 ELAEJA 253.09 187.88 21.9 A 12
122556.0 122556 0 MELISQ 254.64 187.5 11 A 12
122559.0 122559 0 MYRSSE 254.74 187.39 11.5 A 12
122562.0 122562 0 ELAEJA 258.14 189.87 24.5 A 12
122568.0 122568 0 MELISQ 256.77 180.48 10.7 A 12
122573.0 122573 0 ELAEJA 255.26 184.17 15.3 A 12
122577.0 122577 0 ELAEJA 258.39 180.37 28.3 A 12
125131.0 125131 0 MACHTH 259.9 114.95 9.7 A 12
125142.0 125142 0 CASTCU 242.98 125.04 14.1 A 12
130947.0 130947 0 PRUNPH 261.42 102 11.8 A 12
130955.0 130955 0 CASTCU 263.25 104.3 12.2 A 12
130956.0 130956 0 ELAEJA 263.29 104.03 13.2 A 12
130964.0 130964 0 CLEYJA 260.72 107.13 9.8 A 12
130967.0 130967 0 MYRSSE 263.25 108.38 14.1 A 12
130971.0 130971 0 CASTCU 264.58 109.88 39.5 A 12
130977.0 130977 0 CLEYJA 265.21 107.25 13.7 A 12
130982.0 130982 0 ELAEJA 267.31 109.1 16.5 A 12
130983.0 130983 0 MELISQ 267.91 109.31 18.8 A 12
130989.0 130989 0 MACHTH 265.19 101.94 15.8 A 12
130992.0 130992 0 MYRSSE 266.13 103.85 11.8 A 12
130996.0 130996 0 MYRSSE 269.27 103.62 9.5 A 12
130998.0 130998 0 SYMPSO 268.51 102.81 15 A 12
131003.0 131003 0 MYRSSE 260.92 111.53 9.9 A 12
131005.0 131005 0 MELISQ 261.13 112.27 9.7 A 12
131006.0 131006 0 MYRSSE 260.62 112.55 10.6 A 12
131015.0 131015 0 MYRSSE 263.5 112.72 9.6 A 12
131016.0 131016 0 ELAEJA 263.45 112.18 27.4 A 12
131017.0 131017 0 MYRSSE 263.42 112.26 9.9 A 12
131019.0 131019 0 CASTCU 262.82 112.45 34.1 A 12
131022.0 131022 0 MYRSSE 264.13 111.39 9.6 A 12
131025.0 131025 0 MYRSSE 264.38 110.62 12 A 12
131027.0 131027 0 ELAEJA 260.31 115.79 13.9 A 12
131048.0 131048 0 MELISQ 260.62 117.77 13.2 A 12
131050.0 131050 0 MYRSSE 261.07 116.81 11.7 A 12
131052.0 131052 0 MYRSSE 262.17 115.91 12.2 A 12
131059.0 131059 0 MELISQ 263.16 117.55 15.7 A 12
131066.0 131066 0 ELAEJA 265.79 118.32 19.8 A 12
131069.0 131069 0 CASTCU 265.83 119.95 34.6 A 12
131076.0 131076 0 MYRSSE 269.23 118.29 19 A 12
131078.0 131078 0 MELISQ 267.69 116.36 17.7 A 12
131081.0 131081 0 RANDCO 267.18 112.08 11.4 A 12
131083.0 131083 0 ELAEJA 265.14 114.57 17.9 A 12
131085.0 131085 0 MYRSSE 266.14 114.64 23.6 A 12
131090.0 131090 0 CLEYJA 268.84 113.96 19.5 A 12
131093.0 131093 0 MYRSSE 269.89 113.38 10.2 A 12
131095.0 131095 0 MELISQ 270.45 110.45 14.9 A 12
131099.0 131099 0 MYRSSE 271.3 112.04 10.6 A 12
131103.0 131103 0 MYRSSE 272.04 113.39 12.5 A 12
131104.0 131104 0 MYRSSE 271.51 114.39 17.5 A 12
131115.0 131115 0 ELAEJA 274.06 112.75 10.3 A 12
131118.0 131118 0 MELISQ 274.44 114.04 9.6 A 12
131119.0 131119 0 MYRSSE 274.58 113.63 11.5 A 12
131129.0 131129 0 MYRSSE 270.29 115.48 12.6 A 12
131135.0 131135 0 LIMLUR 271.3 118.72 17.6 A 12
131138.0 131138 0 ELAEJA 272.04 118.36 31.8 A 12
131139.0 131139 0 MYRSSE 272.01 118.08 11.2 A 12
131142.0 131142 0 MELISQ 273.52 119.4 17.5 A 12
131147.0 131147 0 MELISQ 274.88 117.47 17.5 A 12
131154.0 131154 0 MYRSSE 274 115.18 11 A 12
131159.0 131159 0 MYRSSE 275.63 116.9 11.2 A 12
131170.0 131170 0 ELAEJA 277.55 119.92 23 A 12
131178.0 131178 0 MYRSSE 277.85 118.32 10.1 A 12
131221.0 131221 0 CASTCU 278.08 111.97 29.6 A 12
131226.0 131226 0 ELAEJA 271.09 101.96 34.9 A 12
131227.0 131227 0 CINNSU 272.3 102.24 22.8 A 12
131228.0 131228 0 MYRSSE 272.13 102.26 10.5 A 12
131231.0 131231 0 MYRSSE 270.78 104.93 13.1 A 12
131233.0 131233 0 MYRSSE 274.74 104.74 10.8 A 12
131234.0 131234 0 MYRSSE 270.96 105.49 9.5 A 12
131237.0 131237 0 CASTCU 270.46 109.19 13.6 A 12
131245.0 131245 0 ELAEJA 272.69 108.43 22.5 A 12
131253.0 131253 0 LIMLUR 275.7 105.61 18.3 A 12
131257.0 131257 0 MELISQ 275.96 106.06 11.1 A 12
131267.0 131267 0 ELAEJA 279.72 109.82 15.7 A 12
131270.0 131270 0 MYRSSE 279.72 107.86 13.3 A 12
131274.0 131274 0 ELAEJA 278.33 105.28 24.2 A 12
131276.0 131276 0 SYZYBU 276.27 102.6 14.1 A 12
131288.0 131288 0 MYRSSE 278.5 104.75 10.8 A 12
131293.0 131293 0 ELAEJA 260.69 120.91 12.6 A 12
131297.0 131297 0 LIMLUR 260.02 121.6 26.2 A 12
131307.0 131307 0 MACHTH 263.99 123.38 14.5 A 12
131310.0 131310 0 CASTCU 263.36 121.29 27.2 A 12
131316.0 131316 0 MYRSSE 260.02 125.86 13.9 A 12
131318.0 131318 0 CASTCU 261.05 125.59 33.5 A 12
131320.0 131320 0 MELISQ 260.9 125.93 17.6 A 12
131322.0 131322 0 MELISQ 261.95 127.78 9.7 A 12
131324.0 131324 0 GORDAX 260.92 129.43 24.3 A 12
131329.0 131329 0 PYRESH 263.01 126.79 9.7 A 12
131337.0 131337 0 MYRSSE 266.26 125.34 11.9 A 12
131339.0 131339 0 MYRSSE 266.02 126.44 10.8 A 12
131343.0 131343 0 MELISQ 266.02 128.04 16.8 A 12
131351.0 131351 0 MYRSSE 269.61 128.94 14.6 A 12
131358.0 131358 0 MELISQ 268.64 126.9 14.7 A 12
131360.0 131360 0 MYRSSE 269.86 125.14 12.1 A 12
131367.0 131367 0 MELISQ 266.29 121.64 15.4 A 12
131371.0 131371 0 MYRSSE 267.35 122.84 13.1 A 12
131372.0 131372 0 MYRSSE 266.06 123.12 11.6 A 12
131373.0 131373 0 ELAEJA 265.45 123.45 26.4 A 12
131389.0 131389 0 LIMLUR 261.54 134.75 31.8 A 12
131401.0 131401 0 MYRSSE 263.99 132.84 11.2 A 12
131459.0 131459 0 MELISQ 263.09 135.08 12.8 A 12
131465.0 131465 0 CLEYJA 265.01 135.79 13.4 A 12
131469.0 131469 0 CASTCU 265.62 136.63 33.2 A 12
131474.0 131474 0 MELISQ 265.29 138.22 18.2 A 12
131488.0 131488 0 MELISQ 268.25 138.36 12.9 A 12
131496.0 131496 0 CASTCU 268.46 136.44 25.2 A 12
131502.0 131502 0 MELISQ 266.8 135.27 14 A 12
131516.0 131516 0 DIOSMO 266.88 133.33 11.2 A 12
131522.0 131522 0 MELISQ 267.17 131.2 12.8 A 12
131524.0 131524 0 CASTCU 267.38 131.77 31.4 A 12
131525.0 131525 0 ELAEJA 268.16 131.56 20.5 A 12
131538.0 131538 0 MYRSSE 269.69 130.84 13.8 A 12
131539.0 131539 0 ELAEJA 269.08 130.21 34.3 A 12
131540.0 131540 0 CASTCU 271.03 130.75 29.2 A 12
131551.0 131551 0 MELISQ 272.01 134.7 12.7 A 12
131579.0 131579 0 MELISQ 270.42 139.6 22.9 A 12
131594.0 131594 0 MYRSSE 274.89 135.39 10.5 A 12
131600.0 131600 0 MYRSSE 275.72 135.54 17 A 12
131609.0 131609 0 MYRSSE 275.87 137.72 19.3 A 12
131610.0 131610 0 ELAEJA 276.03 137.72 11.7 A 12
131611.0 131611 0 CASTCU 275.51 138.4 11.1 A 12
131613.0 131613 0 MACHTH 275.92 139.16 13.7 A 12
131619.0 131619 0 SYZYBU 276.48 139.78 16.3 A 12
131638.0 131638 0 CLEYJA 278.77 138.9 18 A 12
131642.0 131642 0 MELISQ 279.17 138.6 15.7 A 12
131646.0 131646 0 MELISQ 279.88 135.07 10.5 A 12
131654.0 131654 0 MELISQ 276.14 130.47 18.4 A 12
131668.0 131668 0 ELAEJA 278.49 134.42 11.1 A 12
131669.0 131669 0 MYRSSE 278.45 132.84 16.8 A 12
131670.0 131670 0 MYRSSE 278.66 133.02 15.2 A 12
131710.0 131710 0 ELAESY 272 127.03 10.2 A 12
131721.0 131721 0 MELISQ 273.62 128.82 14.4 A 12
131733.0 131733 0 MYRSSE 275.41 128.53 10.4 A 12
131738.0 131738 0 ELAEJA 276.4 129.06 28 A 12
131740.0 131740 0 ELAEJA 278.97 129.81 13.7 A 12
131749.0 131749 0 MYRSSE 279.62 125.54 11.4 A 12
131754.0 131754 0 RANDCO 276.98 127.03 10.6 A 12
131767.0 131767 0 MELISQ 276.51 122.78 16.6 A 12
131781.0 131781 0 ELAEJA 279.45 121.79 26.5 A 12
131790.0 131790 0 MELISQ 260.99 140.85 10.7 A 12
131798.0 131798 0 MYRSSE 261.91 143.95 12.5 A 12
131803.0 131803 0 LIMLUR 263.16 144.95 15.7 A 12
131810.0 131810 0 LIMLUR 261.29 145.25 16.4 A 12
131812.0 131812 0 MELISQ 260.9 146.49 10.3 A 12
131819.0 131819 0 LIMLUR 261.88 149.77 11.8 A 12
131821.0 131821 0 ELAEJA 261.91 149.87 18.5 A 12
131830.0 131830 0 PYRESH 266.03 145.14 14.7 A 12
131835.0 131835 0 CASTCU 265.25 149.04 43.7 A 12
131853.0 131853 0 PYRESH 267.98 144.67 13.2 A 12
131877.0 131877 0 DIOSMO 263.47 152.6 18.9 A 12
131882.0 131882 0 MELISQ 262.96 151.18 11.2 A 12
131885.0 131885 0 DIOSMO 262.64 152 11.3 A 12
131891.0 131891 0 MYRSSE 261.07 155.95 16.9 A 12
131909.0 131909 0 ELAEJA 262.08 157.91 36.7 A 12
131915.0 131915 0 CASTCU 262.17 156.17 18.8 A 12
131916.0 131916 0 ELAEJA 261.97 156.26 9.8 A 12
131918.0 131918 0 MYRSSE 261.7 155.38 15.2 A 12
131922.0 131922 0 MYRSSE 265.85 156.05 12.7 A 12
131927.0 131927 0 ELAEJA 268.3 159.02 17.1 A 12
131930.0 131930 0 CASTCU 269.25 157.18 24.6 A 12
131931.0 131931 0 ELAEJA 269.25 156.17 32.8 A 12
131933.0 131933 0 MYRSSE 266.54 151.09 13.6 A 12
131939.0 131939 0 MELISQ 268.19 152.71 12.6 A 12
131943.0 131943 0 LIMLUR 268.91 152.13 18.5 A 12
131952.0 131952 0 PYRESH 267.72 151.49 11.5 A 12
131953.0 131953 0 GLOCAC 270.99 151.62 11.9 A 12
131959.0 131959 0 MYRSSE 272.37 153.93 11.5 A 12
131961.0 131961 0 DIOSMO 273.7 153.55 12.1 A 12
131972.0 131972 0 PYRESH 270.36 155.66 9.5 A 12
131973.0 131973 0 MYRSSE 270.36 155.86 14.4 A 12
131988.0 131988 0 MYRSSE 275.42 156.76 15.3 A 12
131997.0 131997 0 CASTCU 278.64 158.83 22.8 A 12
132025.0 132025 0 CASTCU 275.24 153.79 12.2 A 12
132027.0 132027 0 CLEYJA 277.65 154.67 15.9 A 12
132055.0 132055 0 CASTCU 270.51 140.59 42.1 A 12
132077.0 132077 0 SYZYBU 274.26 141.55 13.7 A 12
132079.0 132079 0 MELISQ 274.45 141.11 13.5 A 12
132091.0 132091 0 CLEYJA 273.08 149.19 17 A 12
132101.0 132101 0 CASTCU 274.24 146.94 27.2 A 12
132120.0 132120 0 CASTCU 278.47 149.64 34.1 A 12
132123.0 132123 0 MYRSSE 279.06 147.72 15.9 A 12
132127.0 132127 0 MYRSSE 279.15 146.46 12.8 A 12
132128.0 132128 0 MYRSSE 278.77 145.58 19.2 A 12
132141.0 132141 0 MACHTH 276.03 142.7 16.8 A 12
132148.0 132148 0 MYRSSE 278.76 143.42 10.5 A 12
132152.0 132152 0 CASTCU 279.25 143.12 11 A 12
132155.0 132155 0 MELISQ 279.4 140.64 10.2 A 12
132156.0 132156 0 DIOSMO 279.51 140.51 18.7 A 12
132165.0 132165 0 MELISQ 277.52 142.33 16.5 A 12
132166.0 132166 0 MYRSSE 276.97 142.65 14.2 A 12
132173.0 132173 0 ELAEJA 276.67 140.31 34.5 A 12
132174.0 132174 0 MYRSSE 276.27 140.27 15 A 12
132175.0 132175 0 MYRSSE 260.79 161.03 15.2 A 12
132176.0 132176 0 ELAEJA 260.55 160.96 46.1 A 12
132179.0 132179 0 MYRSSE 260.51 161.37 11.3 A 12
132181.0 132181 0 MYRSSE 260.79 163.39 16.4 A 12
132186.0 132186 0 CASTCU 263.26 164.33 15 A 12
132189.0 132189 0 LITSAC 264.85 164.09 10 A 12
132198.0 132198 0 MYRSSE 261.94 161.01 9.6 A 12
132203.0 132203 0 MYRSSE 260.05 167.21 12.2 A 12
132209.0 132209 0 ELAEJA 260.65 169.2 29.4 A 12
132212.0 132212 0 MYRSSE 260.79 169.6 11.5 A 12
132215.0 132215 0 MELISQ 263.9 169.07 21.6 A 12
132226.0 132226 0 MELISQ 265.11 165.83 12 A 12
132229.0 132229 0 MELISQ 267.48 168.12 16.7 A 12
132232.0 132232 0 ELAEJA 268.91 165.72 12.7 A 12
132238.0 132238 0 CASTCU 267.56 163.9 17.9 A 12
132244.0 132244 0 MYRSSE 260.78 170.84 12.8 A 12
132250.0 132250 0 MYRSSE 261.17 173.93 9.5 A 12
132252.0 132252 0 MELISQ 262.28 173.89 16 A 12
132254.0 132254 0 DIOSMO 263.5 173.79 14.1 A 12
132258.0 132258 0 MYRSSE 263.16 171.28 12.1 A 12
132264.0 132264 0 MYRSSE 260.76 176.79 10.2 A 12
132265.0 132265 0 PYRESH 262.11 179.78 17.6 A 12
132275.0 132275 0 MYRSSE 265.56 179.02 11.3 A 12
132280.0 132280 0 MYRSSE 266.04 173.51 18 A 12
132282.0 132282 0 ELAEJA 269.21 173.49 16.1 A 12
132289.0 132289 0 MYRSSE 271.53 170.52 16.6 A 12
132294.0 132294 0 LITSAC 273.03 172.64 20.8 A 12
132297.0 132297 0 CASTCU 272.28 175.72 10.1 A 12
132300.0 132300 0 MYRIRU 270.82 179.02 21.2 A 12
132302.0 132302 0 DIOSMO 273.57 176.5 16.6 A 12
132311.0 132311 0 MACHTH 277.55 178.7 19.2 A 12
132316.0 132316 0 CLEYJA 279.03 177.57 17.1 A 12
132320.0 132320 0 RHUSSU 275.35 170.89 12.2 A 12
132321.0 132321 0 MYRSSE 275.65 174.47 12.1 A 12
132326.0 132326 0 MELISQ 278.84 174.57 21.3 A 12
132342.0 132342 0 MELISQ 272.04 164.58 15.1 A 12
132343.0 132343 0 RANDCO 272.86 164.87 10 A 12
132346.0 132346 0 MELISQ 274.2 162.88 31.6 A 12
132351.0 132351 0 PYRESH 274.28 160.74 15.9 A 12
132358.0 132358 0 CASTCU 270.46 169.21 34 A 12
132369.0 132369 0 PYRESH 275.93 166.53 9.8 A 12
132375.0 132375 0 MYRSSE 278.26 169.61 22.2 A 12
132378.0 132378 0 MYRSSE 279.5 166.67 17.8 A 12
132380.0 132380 0 MYRSSE 279.77 166.15 15.7 A 12
132383.0 132383 0 MYRSSE 275.08 161.79 18.1 A 12
132386.0 132386 0 CASTCU 276.31 163.65 15.4 A 12
132390.0 132390 0 CASTCU 278.35 163.59 39.3 A 12
132392.0 132392 0 PRUNPH 279.38 164.36 12 A 12
132395.0 132395 0 ELAESY 278.86 163.22 10 A 12
132406.0 132406 0 ELAEJA 260.35 186.15 23.1 A 12
132408.0 132408 0 RANDCO 262.13 187.82 10.4 A 12
132415.0 132415 0 RANDCO 266.31 188.84 11.1 A 12
132421.0 132421 0 MYRSSE 268.74 187.14 12.5 A 12
132422.0 132422 0 CLEYJA 265.01 181.31 23 A 12
132423.0 132423 0 ELAEJA 265.26 181.2 20.6 A 12
132424.0 132424 0 PYRESH 266.33 182.44 14.6 A 12
132427.0 132427 0 MELISQ 268.8 183.8 18.7 A 12
132432.0 132432 0 MELISQ 260.24 193.56 20 A 12
132437.0 132437 0 LIMLUR 263.9 194.97 21.4 A 12
132441.0 132441 0 LIMLUR 264.03 194.47 24 A 12
132442.0 132442 0 DIOSMO 264.58 193.58 16.6 A 12
132443.0 132443 0 PYRESH 262.15 192.13 9.7 A 12
132455.0 132455 0 MELISQ 261.8 196.1 14.8 A 12
132456.0 132456 0 ELAEJA 265.66 195.72 12.2 A 12
132457.0 132457 0 ELAEJA 265.6 195.64 12.5 A 12
132461.0 132461 0 CLEYJA 268.05 198.28 15.3 A 12
132462.0 132462 0 MELISQ 268.16 198.35 14.5 A 12
132464.0 132464 0 CLEYJA 266.55 195.68 13.4 A 12
132466.0 132466 0 ELAEJA 265.35 193.22 12.4 A 12
132469.0 132469 0 PRUNPH 265.82 194.26 9.7 A 12
132471.0 132471 0 CLEYJA 267.76 193.22 18.5 A 12
132473.0 132473 0 ELAEJA 269.45 191.55 11.3 A 12
132475.0 132475 0 RHUSSU 270.38 190.48 22.3 A 12
132478.0 132478 0 MACHTH 271.6 198.33 17.4 A 12
132479.0 132479 0 ELAEJA 273.8 198.42 11.8 A 12
132482.0 132482 0 PRUNPH 277.58 199.19 14.1 A 12
132484.0 132484 0 CLEYJA 278.96 199.74 10.8 A 12
132489.0 132489 0 CINNMI 276.97 192.65 29.4 A 12
132491.0 132491 0 GLOCAC 275.82 196.28 12.2 A 12
132503.0 132503 0 MELISQ 272.98 188.77 17.7 A 12
132504.0 132504 0 MACHTH 273.7 188.52 23.4 A 12
132505.0 132505 0 CASTCU 273.62 188.43 33.8 A 12
132509.0 132509 0 LIMLUR 273.4 185.29 24.2 A 12
132513.0 132513 0 CASTCU 276.03 186.65 25 A 12
132515.0 132515 0 MACHMU 276.77 188.25 14.8 A 12
132521.0 132521 0 LITSAC 278.76 185.68 23.7 A 12
132524.0 132524 0 PYRESH 275.09 181.36 14.7 A 12
134900.0 134900 0 MELISQ 261.26 135.96 16.8 A 12
134987.0 134987 0 LIMLUR 269.3 197.48 12.6 A 12
140794.0 140794 0 MYRSSE 280.79 102.23 12.3 A 12
140796.0 140796 0 ELAEJA 280.58 104.43 12 A 12
140798.0 140798 0 DIOSMO 282.1 104.4 15.5 A 12
140801.0 140801 0 MELISQ 283.93 101.43 18.6 A 12
140803.0 140803 0 MELISQ 281.09 105.52 13.3 A 12
140806.0 140806 0 ELAEJA 280.69 107.31 19 A 12
140811.0 140811 0 CASTCU 283.45 109.67 11.6 A 12
140819.0 140819 0 ELAEJA 288.62 109.92 39.8 A 12
140820.0 140820 0 MYRSSE 288.79 109.98 12.3 A 12
140825.0 140825 0 CINNSU 288.6 108.79 13.8 A 12
140826.0 140826 0 PYRESH 289.27 107.83 12.1 A 12
140830.0 140830 0 LIMLUR 286.19 100.62 17.3 A 12
140831.0 140831 0 ELAEJA 286.87 100.74 17.3 A 12
140837.0 140837 0 MELISQ 289.82 104.91 15.2 A 12
140845.0 140845 0 PYRESH 282.76 113.89 13.9 A 12
140848.0 140848 0 MYRSSE 283.63 113.83 10.2 A 12
140852.0 140852 0 MELISQ 284.58 113.28 17.9 A 12
140854.0 140854 0 MYRSSE 284.08 112.75 20.1 A 12
140860.0 140860 0 CINNSU 283.33 110.22 16.5 A 12
140884.0 140884 0 MELISQ 284.98 117 14.7 A 12
140886.0 140886 0 CASTCU 284.11 116.35 13 A 12
140893.0 140893 0 MYRSSE 285.77 114.84 11.3 A 12
140897.0 140897 0 MYRSSE 286.17 117.34 12.5 A 12
140904.0 140904 0 MYRSSE 285.65 119.14 11.8 A 12
140919.0 140919 0 CASTCU 289.74 118.31 16.1 A 12
140921.0 140921 0 MYRSSE 287.01 115.92 13.1 A 12
140922.0 140922 0 MELISQ 286.94 116.03 10.2 A 12
140927.0 140927 0 PYRESH 288.27 115.86 12.8 A 12
140930.0 140930 0 PYRESH 286.46 110.38 10.1 A 12
140933.0 140933 0 MYRSSE 285.04 114.09 10.1 A 12
140939.0 140939 0 CASTCU 290.01 110.82 38.8 A 12
140947.0 140947 0 MYRSSE 293.03 111.66 17.8 A 12
140949.0 140949 0 MYRSSE 294.82 110.47 12.1 A 12
140950.0 140950 0 LIMLUR 294.82 110.3 19.5 A 12
140966.0 140966 0 MELISQ 292.95 119.75 14.7 A 12
140971.0 140971 0 MACHTH 293.6 118.36 18.1 A 12
140975.0 140975 0 MELISQ 293.84 115.15 15.6 A 12
140977.0 140977 0 DIOSMO 295.62 117.06 9.5 A 12
140981.0 140981 0 MYRSSE 298.98 116.59 11.1 A 12
140983.0 140983 0 MYRSSE 298.3 116.09 18 A 12
140989.0 140989 0 PYRESH 295.97 112.16 16.8 A 12
140994.0 140994 0 MYRSSE 297.89 111.08 21.1 A 12
140996.0 140996 0 MELISQ 299.35 112.07 12.5 A 12
141000.0 141000 0 ELAEJA 290.31 100.38 13.1 A 12
141001.0 141001 0 LIMLUR 290.64 103.02 22.6 A 12
141003.0 141003 0 ELAEJA 291.98 103.65 13.5 A 12
141010.0 141010 0 MYRSSE 294.71 102.31 12.7 A 12
141018.0 141018 0 PYRESH 292.54 109.88 12.9 A 12
141021.0 141021 0 ELAEJA 292.76 108.56 23.1 A 12
141029.0 141029 0 MYRSSE 294.31 106.26 16.1 A 12
141031.0 141031 0 MELISQ 293.32 106.03 13 A 12
141033.0 141033 0 ELAEJA 295.7 105.58 13.1 A 12
141035.0 141035 0 MELISQ 296.67 106.15 20.7 A 12
141037.0 141037 0 MELISQ 296.16 107.41 14.2 A 12
141038.0 141038 0 ELAEJA 295.95 107.95 17.6 A 12
141042.0 141042 0 MYRSSE 295.29 108.87 10.5 A 12
141044.0 141044 0 PYRESH 298.56 107.98 10.7 A 12
141045.0 141045 0 MYRSSE 296.64 103.75 9.8 A 12
141048.0 141048 0 MYRSSE 295.32 104.51 11.6 A 12
141056.0 141056 0 ELAEJA 298.35 100.98 35.2 A 12
141060.0 141060 0 MYRSSE 280.83 122.38 10.3 A 12
141063.0 141063 0 GORDAX 281.3 123.45 15.2 A 12
141067.0 141067 0 PYRESH 283.3 122.91 12.4 A 12
141068.0 141068 0 CASTCU 283.56 122.8 18.6 A 12
141080.0 141080 0 CLEYJA 283.97 122.3 19.3 A 12
141104.0 141104 0 MELISQ 283.53 129.24 16.5 A 12
141107.0 141107 0 MYRSSE 284.04 129.54 18 A 12
141110.0 141110 0 CASTCU 284.04 128.92 9.8 A 12
141111.0 141111 0 RHODLE 284.34 128.33 11 A 12
141112.0 141112 0 CASTCU 283.73 127 12.9 A 12
141113.0 141113 0 MYRSSE 283.69 126.47 14.6 A 12
141129.0 141129 0 MYRSSE 285.76 126.42 18.6 A 12
141142.0 141142 0 MELISQ 288.98 128.55 13 A 12
141143.0 141143 0 SYZYBU 289.15 127.81 15.4 A 12
141149.0 141149 0 MELISQ 289.47 129.6 10.9 A 12
141150.0 141150 0 ELAEJA 289.67 129.27 17.7 A 12
141169.0 141169 0 PRUNPH 286.61 126.05 9.7 A 12
141210.0 141210 0 DIOSMO 288.74 122.13 16.3 A 12
141218.0 141218 0 MYRSSE 281 130.41 12.5 A 12
141221.0 141221 0 MELISQ 280.53 130.65 10.3 A 12
141223.0 141223 0 MYRSSE 280.11 130.89 12.5 A 12
141226.0 141226 0 MYRSSE 281.17 134.14 11.6 A 12
141237.0 141237 0 MYRSSE 284.67 131.15 14.7 A 12
141238.0 141238 0 MYRSSE 283.39 130.79 13.8 A 12
141246.0 141246 0 MYRSSE 280.39 136.47 13 A 12
141277.0 141277 0 RANDCO 285.35 136.06 12.6 A 12
141278.0 141278 0 MELISQ 285.72 136.33 15.1 A 12
141280.0 141280 0 MELISQ 285.33 136.83 17.5 A 12
141289.0 141289 0 MELISQ 289.01 139.48 17.7 A 12
141292.0 141292 0 MELISQ 289.75 135.45 20.9 A 12
141296.0 141296 0 GLOCAC 287.89 135.38 12.3 A 12
141302.0 141302 0 MACHTH 285.31 131.32 25.5 A 12
141313.0 141313 0 CASTCU 289.85 133.11 27.9 A 12
141315.0 141315 0 MELISQ 287.71 130.17 20 A 12
141321.0 141321 0 ELAEJA 293.64 133.8 13.8 A 12
141322.0 141322 0 CASTCU 293.79 133.95 11.2 A 12
141327.0 141327 0 CASTCU 291.13 137.61 12.8 A 12
141337.0 141337 0 ELAEJA 293.12 136.2 31.1 A 12
141348.0 141348 0 MELISQ 299.08 135.62 25.6 A 12
141349.0 141349 0 MELISQ 298.03 136.05 10.2 A 12
141350.0 141350 0 MELISQ 298.27 136.09 13.8 A 12
141351.0 141351 0 LIMLUR 298.56 135.52 20 A 12
141369.0 141369 0 MYRSSE 292.75 120.84 12.9 A 12
141371.0 141371 0 MELISQ 291.03 122.7 21.2 A 12
141379.0 141379 0 MYRSSE 292.81 122.95 10.8 A 12
141382.0 141382 0 PYRESH 294.16 120.91 11.9 A 12
141391.0 141391 0 MYRSSE 292.24 126.4 20.9 A 12
141402.0 141402 0 CASTCU 299.18 125.98 10.9 A 12
141405.0 141405 0 CASTCU 297.04 126 14 A 12
141413.0 141413 0 MELISQ 297.99 124.71 20.7 A 12
141415.0 141415 0 MYRSSE 280.65 140.48 10.3 A 12
141436.0 141436 0 MELISQ 283.72 142.97 15.6 A 12
141451.0 141451 0 CASTCU 281.51 141.32 13.4 A 12
141457.0 141457 0 MYRSSE 280.21 145.68 17 A 12
141458.0 141458 0 ELAEJA 281.07 145.71 12.4 A 12
141469.0 141469 0 MYRSSE 280.76 148.12 13.9 A 12
141485.0 141485 0 CASTCU 282.85 147.45 15.9 A 12
141490.0 141490 0 MELISQ 284.81 147.51 13.9 A 12
141505.0 141505 0 CASTCU 287.49 149.46 13.4 A 12
141508.0 141508 0 MELISQ 288.52 149.3 19.2 A 12
141512.0 141512 0 ELAEJA 289.28 148.6 19.5 A 12
141523.0 141523 0 ELAEJA 287.01 140.35 13.4 A 12
141541.0 141541 0 CRYPCH 288.06 143.08 19.6 A 12
141544.0 141544 0 DIOSMO 280.28 150.13 10.2 A 12
141548.0 141548 0 ELAEJA 280.65 150.13 10.9 A 12
141549.0 141549 0 CASTCU 280.92 150.27 21.9 A 12
141556.0 141556 0 MYRSSE 281.54 152.94 12.7 A 12
141557.0 141557 0 MYRSSE 281.22 153.25 10.5 A 12
141560.0 141560 0 ELAEJA 280.01 154.68 38.2 A 12
141576.0 141576 0 MYRSSE 283.23 153.38 14.5 A 12
141584.0 141584 0 MELISQ 284.68 151.56 15.5 A 12
141585.0 141585 0 CLEYJA 284.7 151.46 11.3 A 12
141594.0 141594 0 MELISQ 282.37 150.39 13.6 A 12
141601.0 141601 0 CASTCU 280.49 155.45 23.6 A 12
141632.0 141632 0 PYRESH 283.94 158.65 16.9 A 12
141633.0 141633 0 MACHTH 284.43 158.46 14.2 A 12
141657.0 141657 0 MYRSSE 287.35 156.8 17 A 12
141664.0 141664 0 ELAEJA 286.91 159.58 25.4 A 12
141678.0 141678 0 CASTCU 288.84 156.33 14.5 A 12
141684.0 141684 0 ELAEJA 286.02 151.56 10.5 A 12
141694.0 141694 0 CASTCU 285.89 153.83 33 A 12
141704.0 141704 0 ELAEJA 287.08 153.28 17 A 12
141715.0 141715 0 CASTCU 289.31 150.81 26.6 A 12
141723.0 141723 0 ELAEJA 291.37 153.09 14.3 A 12
141724.0 141724 0 MELISQ 290.36 153.09 15.6 A 12
141725.0 141725 0 CLEYJA 292.74 154.61 12 A 12
141731.0 141731 0 MYRSSE 294.98 152.47 20.6 A 12
141738.0 141738 0 CLEYJA 290.25 158.53 11.5 A 12
141741.0 141741 0 MELISQ 292.13 158.83 26.4 A 12
141745.0 141745 0 ELAEJA 294.33 155.56 10.1 A 12
141746.0 141746 0 MYRSSE 296 155.28 9.9 A 12
141747.0 141747 0 MACHTH 296.74 155.2 31.4 A 12
141754.0 141754 0 MYRSSE 299.28 155.39 11.9 A 12
141755.0 141755 0 MYRSSE 295.73 150.44 24.5 A 12
141760.0 141760 0 ELAEJA 297.66 150.79 15.9 A 12
141783.0 141783 0 GORDAX 291.66 147.01 18 A 12
141785.0 141785 0 MELISQ 290.34 147.96 12.6 A 12
141788.0 141788 0 DIOSMO 295.51 145.89 24.4 A 12
141792.0 141792 0 MELISQ 295.33 149.13 26.1 A 12
141805.0 141805 0 MELISQ 297.2 142.18 17.1 A 12
141808.0 141808 0 MYRSSE 297.25 144.8 10.1 A 12
141814.0 141814 0 ELAEJA 298.7 144.44 32.9 A 12
141817.0 141817 0 PYRESH 299.52 144.84 15.5 A 12
141823.0 141823 0 ELAEJA 298.16 141.2 16.3 A 12
141833.0 141833 0 MYRSSE 280.07 161.56 15.2 A 12
141857.0 141857 0 CASTCU 284.44 162.33 38.1 A 12
141858.0 141858 0 MYRSSE 284.55 162.37 17.1 A 12
141864.0 141864 0 MYRSSE 284.92 162.37 13.8 A 12
141876.0 141876 0 MYRSSE 281.46 165.96 16.2 A 12
141911.0 141911 0 ELAEJA 282.61 165.55 16.3 A 12
141926.0 141926 0 ELAEJA 286.04 167.96 10.4 A 12
141935.0 141935 0 ELAEJA 289.38 169.67 14.3 A 12
141948.0 141948 0 MELISQ 285.24 161.4 20.2 A 12
141956.0 141956 0 MYRSSE 287.96 161.67 17.2 A 12
141959.0 141959 0 ELAEJA 287.72 164.54 16.2 A 12
141967.0 141967 0 MYRSSE 289.28 161.74 16.2 A 12
141974.0 141974 0 SYZYBU 288.47 161.43 13.6 A 12
141975.0 141975 0 DIOSMO 280.9 170.52 10.1 A 12
141978.0 141978 0 LIMLUR 280.78 170.85 24.8 A 12
141983.0 141983 0 MYRSSE 280.99 174.98 12.4 A 12
141994.0 141994 0 MACHTH 284.55 173.92 26.5 A 12
141996.0 141996 0 CINNSU 284.97 170.86 14.2 A 12
142005.0 142005 0 CASTCU 282.44 178.94 40 A 12
142011.0 142011 0 MYRSSE 284.82 178.05 19.1 A 12
142012.0 142012 0 MELISQ 285.16 175.39 18.7 A 12
142014.0 142014 0 LIMLUR 287.49 179.02 39.6 A 12
142016.0 142016 0 MYRSSE 288.97 178.67 13.1 A 12
142032.0 142032 0 ELAEJA 291.2 170.88 24.5 A 12
142038.0 142038 0 CASTCU 290.92 173.82 39.2 A 12
142040.0 142040 0 CASTCU 290.53 172.45 10.2 A 12
142049.0 142049 0 CLEYJA 292.71 174.97 24 A 12
142075.0 142075 0 PYRESH 293.69 179.34 16.4 A 12
142080.0 142080 0 MELISQ 292.51 176.66 27.7 A 12
142091.0 142091 0 LITSAC 297.39 177.38 9.8 A 12
142095.0 142095 0 CASTCU 296.95 171.01 22.6 A 12
142096.0 142096 0 SCHEOC 296.74 171.03 19.9 A 12
142098.0 142098 0 LIMLUR 295.83 171.32 24.5 A 12
142099.0 142099 0 CASTCU 295.29 170.66 14.1 A 12
142100.0 142100 0 DIOSMO 295.76 171.49 28.2 A 12
142103.0 142103 0 CASTCU 295.48 174.71 28.1 A 12
142114.0 142114 0 CLEYJA 291.5 160.25 10.1 A 12
142115.0 142115 0 ELAEJA 291.8 160.44 43.8 A 12
142119.0 142119 0 PYRESH 292.82 161.19 22.4 A 12
142121.0 142121 0 MYRSSE 292.73 160.11 17.2 A 12
142129.0 142129 0 SYMPTH 292.62 165.34 10.3 A 12
142131.0 142131 0 MACHTH 290.76 169.11 24.5 A 12
142132.0 142132 0 MELISQ 290.58 169.5 16.3 A 12
142151.0 142151 0 GLOCAC 297.25 160.57 17.8 A 12
142153.0 142153 0 PYRESH 297.24 161.94 9.8 A 12
142155.0 142155 0 CASTCU 297.27 163.05 18.5 A 12
142156.0 142156 0 CASTCU 297.73 162.34 27.3 A 12
142163.0 142163 0 CASTCU 281.78 184.23 10.9 A 12
142164.0 142164 0 MACHTH 283.29 184 24 A 12
142178.0 142178 0 MACHTH 283.3 188.33 21.4 A 12
142189.0 142189 0 SYMPGL 286.3 189.33 10 A 12
142203.0 142203 0 PRUNPH 288.36 181.91 15.5 A 12
142204.0 142204 0 CLEYJA 286.06 183.43 23.1 A 12
142208.0 142208 0 DIOSMO 289.06 183.92 14.3 A 12
142209.0 142209 0 MACHTH 289.04 182.88 10 A 12
142225.0 142225 0 ELAEJA 280.21 194.84 63.3 A 12
142226.0 142226 0 SCHEOC 283.99 193.66 25.4 A 12
142229.0 142229 0 MACHTH 280.38 195.21 19.1 A 12
142231.0 142231 0 CINNMI 282.3 197.48 46.3 A 12
142232.0 142232 0 MELISQ 282.32 199.1 31.9 A 12
142243.0 142243 0 SYMPTH 288.5 198.99 9.9 A 12
142249.0 142249 0 DIOSMO 286.07 190.66 34.6 A 12
142250.0 142250 0 MELISQ 285.02 191.71 20 A 12
142259.0 142259 0 MELISQ 288.06 192.82 24.7 A 12
142264.0 142264 0 ELAEJA 290.46 190.25 34.7 A 12
142271.0 142271 0 MACHMU 291.46 194.66 27.9 A 12
142281.0 142281 0 LITSAC 295.49 196.37 20.4 A 12
142289.0 142289 0 LIMLUR 298.12 191.46 27.3 A 12
142300.0 142300 0 MACHMU 291.29 181.18 12.1 A 12
142305.0 142305 0 CASTCU 290.21 183.16 18.3 A 12
142306.0 142306 0 CASTCU 291.74 181.82 14.4 A 12
142310.0 142310 0 HELIFO 293.2 184.02 10.3 A 12
142327.0 142327 0 LIMLUR 290.85 189.26 12.7 A 12
142332.0 142332 0 MACHMU 294.6 188.28 12.1 A 12
142334.0 142334 0 MACHMU 293.19 186.4 17.4 A 12
142343.0 142343 0 CASTCU 295.6 180.31 26.7 A 12
142345.0 142345 0 SCHEOC 295.09 182.45 9.8 A 12
142352.0 142352 0 LITSAC 299.17 180.76 32.9 A 12
150023.0 150023 0 LIMLUR 302.24 9.3 10.8 A 16
150025.0 150025 0 DIOSMO 304 8.02 39.9 A 16
150051.0 150051 0 SYMPTH 305.65 1.49 16.9 A 16
150057.0 150057 0 MELISQ 309.18 0.76 12.3 A 16
150082.0 150082 0 LIMLUR 304 16.66 69.1 A 16
150086.0 150086 0 HELIFO 303.3 16.64 11 A 16
150098.0 150098 0 CINNSU 305.93 10.15 29.6 A 16
150103.0 150103 0 HELIFO 307.91 13.75 10.4 A 16
150106.0 150106 0 LIMLUR 310.38 11.08 32.8 A 16
150109.0 150109 0 DIOSMO 313.79 11.89 14.1 A 16
150111.0 150111 0 MACHMU 310.62 15.66 59.2 A 16
150113.0 150113 0 HELIFO 310.66 18.93 16.3 A 16
150118.0 150118 0 PYRESH 317.44 15.81 35.3 A 16
150125.0 150125 0 LIMLUR 315.24 14.06 27.7 A 16
150128.0 150128 0 LITSAC 317.61 10.91 9.7 A 16
150131.0 150131 0 MELISQ 312.57 3.48 19.8 A 16
150143.0 150143 0 PYRESH 313.43 9.77 19.5 A 16
150145.0 150145 0 CLEYJA 313.97 6.74 14.9 A 16
150156.0 150156 0 HELIFO 317.04 3.08 9.5 A 16
150160.0 150160 0 PYRESH 318.6 3.76 31.1 A 16
150166.0 150166 0 HELIFO 301.03 21.46 21 A 16
150179.0 150179 0 SYMPTH 302.99 29.64 14.8 A 16
150184.0 150184 0 MACHTH 306.06 25.64 20.8 A 16
150206.0 150206 0 SYMPGL 303.77 32.24 31.8 A 16
150209.0 150209 0 LIMLUR 302.99 31.26 62.5 A 16
150210.0 150210 0 PRUNPH 301.07 35.28 22.7 A 16
150215.0 150215 0 RANDCO 302.89 37.99 10.6 A 16
150225.0 150225 0 HELIFO 306.22 31.86 10.7 A 16
150229.0 150229 0 GLOCAC 308.44 34.54 30 A 16
150231.0 150231 0 GLOCAC 312.96 32.04 34.6 A 16
150235.0 150235 0 LIMLUR 318.84 38.49 87.3 A 16
150237.0 150237 0 ILEXRO 315.31 33.76 17.6 A 16
150240.0 150240 0 LITSAC 310.48 27.38 31.9 A 16
150241.0 150241 0 LITSAC 310.99 27.24 36.5 A 16
150243.0 150243 0 HELIFO 313.67 27.41 12.5 A 16
150245.0 150245 0 PASAHR 315.96 25.86 29.6 A 16
150254.0 150254 0 HELIFO 303.23 41.01 11 A 16
150260.0 150260 0 HELIFO 301.27 45.98 12.9 A 16
150265.0 150265 0 LAGESU 302.04 48.83 22.4 A 16
150269.0 150269 0 SCHEOC 309.13 49.47 12.8 A 16
150270.0 150270 0 RHUSSU 309.07 49.24 15.4 A 16
150275.0 150275 0 LIMLUR 308.39 41.28 12.2 A 16
150284.0 150284 0 HELIFO 300.38 50.61 16.5 A 16
150286.0 150286 0 GLOCAC 301.43 54.31 26.1 A 16
150288.0 150288 0 PRUNPH 302.66 54.64 14.2 A 16
150303.0 150303 0 LIMLUR 301.39 59.57 145.8 A 16
150307.0 150307 0 LITSAC 305.02 58.94 17.1 A 16
150317.0 150317 0 RHUSSU 314.38 55.55 21.2 A 16
150318.0 150318 0 RHUSSU 316.06 58.99 27.9 A 16
150320.0 150320 0 HELIFO 316.84 58.65 12.1 A 16
150324.0 150324 0 LITSAC 315.99 54.53 48.5 A 16
150328.0 150328 0 HELIFO 319.3 50.99 11.8 A 16
150330.0 150330 0 PASAHR 310.02 40.64 42.2 A 16
150345.0 150345 0 HELIFO 319.3 44.61 11.9 A 16
150348.0 150348 0 LIMLUR 318.56 40.22 38.1 A 16
150353.0 150353 0 CLEYJA 303.96 61.28 16.3 A 16
150361.0 150361 0 HELIFO 304.06 66.03 13.2 A 16
150374.0 150374 0 CINNAU 307.88 65.91 22.4 A 16
150375.0 150375 0 CYCLGI 306.4 61.73 22.2 A 16
150377.0 150377 0 MACHTH 309.07 63.99 46.3 A 16
150383.0 150383 0 PYRESH 302.68 71.08 24.8 A 16
150384.0 150384 0 PYRESH 301.95 73.06 18.7 A 16
150387.0 150387 0 MELISQ 301.78 75.66 11.1 A 16
150389.0 150389 0 CASTCU 302.35 76.05 29.3 A 16
150391.0 150391 0 CASTCU 300.97 78.01 34.8 A 16
150401.0 150401 0 MELISQ 303.86 79.54 22.5 A 16
150403.0 150403 0 LIMLUR 305.51 79.7 60.8 A 16
150407.0 150407 0 MELISQ 308.44 78.99 24.8 A 16
150408.0 150408 0 MELISQ 307.46 78.23 9.9 A 16
150415.0 150415 0 MACHMU 305.63 74.75 11.6 A 16
150416.0 150416 0 MELISQ 307.55 74.1 9.5 A 16
150423.0 150423 0 CASTCU 313.97 74.07 52.4 A 16
150424.0 150424 0 CASTCU 310.97 75.99 31.8 A 16
150427.0 150427 0 DIOSMO 311.95 76.35 23.5 A 16
150430.0 150430 0 LITSAC 310.04 78.96 26.6 A 16
150433.0 150433 0 MACHMU 315.56 79.6 20.5 A 16
150434.0 150434 0 ELAEJA 318.27 78.53 11.4 A 16
150443.0 150443 0 CYCLGI 319.67 68.69 25.7 A 16
150445.0 150445 0 ILEXFO 318.91 64.4 17.9 A 16
150446.0 150446 0 HELIFO 319.84 62.11 12.7 A 16
150449.0 150449 0 SCHEOC 300.62 82.65 13.3 A 16
150450.0 150450 0 MELISQ 300.95 82.52 12.4 A 16
150453.0 150453 0 MICHCO 302.94 82.69 24.1 A 16
150459.0 150459 0 GLOCAC 300.14 86.05 9.8 A 16
150478.0 150478 0 MELISQ 307.44 87.06 14.4 A 16
150480.0 150480 0 CASTCU 307.24 85.2 55.5 A 16
150489.0 150489 0 PRUNPH 305.35 84.66 12.2 A 16
150503.0 150503 0 ELAEJA 304.47 94.97 16.5 A 16
150504.0 150504 0 LIMLUR 303.93 94.74 40.8 A 16
150505.0 150505 0 PYRESH 300.62 95.55 11 A 16
150508.0 150508 0 DIOSMO 302.14 97.44 12.4 A 16
150510.0 150510 0 PYRESH 302.52 96.73 19 A 16
150518.0 150518 0 RHUSSU 301.8 99.48 9.8 A 16
150519.0 150519 0 CLEYJA 305.65 96.08 12.9 A 16
150520.0 150520 0 CASTCU 305.82 96.32 21.8 A 16
150521.0 150521 0 PYRESH 305.02 96.63 17.2 A 16
150524.0 150524 0 CLEYJA 306.09 98.66 11.2 A 16
150533.0 150533 0 MELISQ 305.41 90.64 17.9 A 16
150534.0 150534 0 ELAESY 308.27 91.11 34.1 A 16
150557.0 150557 0 LIMLUR 310.65 93.49 25.8 A 16
150559.0 150559 0 LITSAC 311.36 93.24 10.1 A 16
150563.0 150563 0 CASTCU 313.93 91.55 13.4 A 16
150566.0 150566 0 PYRESH 312.66 95.48 20.9 A 16
150573.0 150573 0 MACHTH 311.76 97.72 21.5 A 16
150584.0 150584 0 CLEYJA 314.44 96.46 19 A 16
150598.0 150598 0 CASTCU 315.8 98.28 18.8 A 16
150600.0 150600 0 CASTCU 315.95 99.75 25.4 A 16
150605.0 150605 0 PYRESH 319.03 98.15 9.9 A 16
150608.0 150608 0 PYRESH 318.86 96.64 13.2 A 16
150634.0 150634 0 LITSAC 318.6 91.55 40.4 A 16
150652.0 150652 0 LITSAC 311.77 83.65 18.9 A 16
150660.0 150660 0 MELISQ 311.09 85.54 26.9 A 16
150662.0 150662 0 SCHEOC 310.52 85.81 44.6 A 16
150663.0 150663 0 PYRESH 310.58 86.03 17.8 A 16
150674.0 150674 0 CLEYJA 316.16 85.27 13.9 A 16
150685.0 150685 0 SYMPTH 318.66 81.12 16.7 A 16
150704.0 150704 0 PYRESH 302.78 104.75 24 A 17
150706.0 150706 0 PYRESH 304.6 100.89 11.1 A 17
150707.0 150707 0 CINNSU 300.41 106.02 21.9 A 17
150709.0 150709 0 RHUSSU 301.37 109.77 25.7 A 17
150710.0 150710 0 PYRESH 302.38 109.87 14.4 A 17
150712.0 150712 0 LIMLUR 304.17 109.19 18.6 A 17
150714.0 150714 0 PYRESH 304.71 108.52 10.6 A 17
150718.0 150718 0 MELISQ 303.18 105.24 23.9 A 17
150719.0 150719 0 RANDCO 305.08 105.32 9.9 A 17
150722.0 150722 0 PYRESH 305.99 107.2 13.5 A 17
150726.0 150726 0 MYRSSE 308.44 109.68 14.9 A 17
150732.0 150732 0 PYRESH 308.94 105.59 10 A 17
150735.0 150735 0 ELAEJA 308.59 107.03 42.6 A 17
150739.0 150739 0 DIOSMO 305.97 104.06 10.2 A 17
150740.0 150740 0 MYRSSE 306.94 103.53 10.9 A 17
150742.0 150742 0 MELISQ 307.93 101.99 15.7 A 17
150743.0 150743 0 CASTCU 308.77 101.35 25.4 A 17
150744.0 150744 0 CLEYJA 308.76 102.53 21 A 17
150746.0 150746 0 LIMLUR 300.97 114.67 20.7 A 17
150747.0 150747 0 PYRESH 301.13 114.36 17.5 A 17
150750.0 150750 0 PYRESH 303.3 113.36 27.1 A 17
150751.0 150751 0 LIMLUR 303.11 113.05 14.9 A 17
150753.0 150753 0 PYRESH 302.82 111.91 10.4 A 17
150757.0 150757 0 MACHTH 300.93 117.98 17.8 A 17
150758.0 150758 0 LIMLUR 301.73 118.66 19.3 A 17
150760.0 150760 0 MELISQ 302.54 116.84 18.7 A 17
150762.0 150762 0 MELISQ 305.69 116.84 22.4 A 17
150767.0 150767 0 MELISQ 306.58 119.98 18.5 A 17
150773.0 150773 0 CLEYJA 308.39 116.81 18.8 A 17
150778.0 150778 0 ENGERO 307.59 116.2 10.1 A 17
150779.0 150779 0 GLOCAC 305.68 113.98 10.7 A 17
150783.0 150783 0 DIOSMO 306.35 113.93 22.8 A 17
150787.0 150787 0 PYRESH 308.92 112.11 17.9 A 17
150801.0 150801 0 DIOSMO 312.1 114.74 11.9 A 17
150802.0 150802 0 CASTCU 313.16 111.63 10.1 A 17
150811.0 150811 0 PYRESH 312.69 119.84 13.6 A 17
150813.0 150813 0 MACHTH 313.19 119.71 25.9 A 17
150825.0 150825 0 ENGERO 319.44 119.38 14.8 A 17
150828.0 150828 0 CLEYJA 315.41 112.1 14.6 A 17
150833.0 150833 0 MACHTH 318.25 112.04 15.1 A 17
150835.0 150835 0 MYRSSE 310.09 102.84 13 A 17
150859.0 150859 0 MELISQ 315.41 107.21 18.7 A 17
150862.0 150862 0 LITSAC 317.44 108.89 10.2 A 17
150863.0 150863 0 MACHMU 319.06 109.53 30.1 A 17
150864.0 150864 0 PYRESH 318.23 108.4 12.7 A 17
150865.0 150865 0 LITSAC 318.59 108.01 19.3 A 17
150867.0 150867 0 DIOSMO 318.16 105.25 12.5 A 17
150869.0 150869 0 DIOSMO 319.54 107.42 19.3 A 17
150885.0 150885 0 CLEYJA 318.98 100.95 21.3 A 17
150887.0 150887 0 MYRSSE 301.46 121.64 10.3 A 17
150894.0 150894 0 MELISQ 304.84 127.52 18.4 A 17
150895.0 150895 0 PYRESH 304.27 127.77 20.6 A 17
150897.0 150897 0 PYRESH 302 129.24 12.5 A 17
150901.0 150901 0 CASTCU 305.21 127.01 36.3 A 17
150905.0 150905 0 MACHTH 306.98 127.89 9.9 A 17
150911.0 150911 0 PYRESH 309.18 122.81 25.1 A 17
150913.0 150913 0 ELAEJA 303.57 134.19 13.5 A 17
150914.0 150914 0 MACHTH 304.1 134.13 20.2 A 17
150919.0 150919 0 MELISQ 301.77 138.56 19.2 A 17
150921.0 150921 0 ELAEJA 301.39 139.79 13 A 17
150926.0 150926 0 ELAEJA 302.99 136.08 35.3 A 17
150927.0 150927 0 CYCLGI 302.99 135.68 14.9 A 17
150929.0 150929 0 DIOSMO 302.62 135.65 13.3 A 17
150933.0 150933 0 ELAEJA 307.24 138.15 46.6 A 17
150940.0 150940 0 GLOCAC 306.31 133.15 11.2 A 17
150942.0 150942 0 CLEYJA 306.71 134.09 16.3 A 17
150943.0 150943 0 LITSAC 306.66 133.7 30.4 A 17
150968.0 150968 0 PRUNPH 314.72 139.37 12 A 17
150973.0 150973 0 CINNMI 316.2 136.05 16 A 17
150986.0 150986 0 GLOCAC 315.58 131.72 14.5 A 17
150993.0 150993 0 PYRESH 313.46 120.76 20 A 17
150998.0 150998 0 PRUNPH 310.61 121.49 9.8 A 17
151005.0 151005 0 LIMLUR 312.85 122.87 35.1 A 17
151007.0 151007 0 ELAEJA 312.72 123.41 13.1 A 17
151017.0 151017 0 LIMLUR 312.98 129.5 39 A 17
151018.0 151018 0 PYRESH 313.47 128.55 20.5 A 17
151023.0 151023 0 PRUNPH 317.64 126.29 11.6 A 17
151026.0 151026 0 SCHEOC 316.1 126.4 42.2 A 17
151037.0 151037 0 DIOSMO 318.67 128.63 11.6 A 17
151043.0 151043 0 LITSAC 318.63 121.29 26 A 17
151044.0 151044 0 MACHTH 318.54 123.66 17.1 A 17
151052.0 151052 0 PYRESH 301.56 141.16 11.2 A 17
151056.0 151056 0 MYRSSE 303.8 144.83 17.7 A 17
151058.0 151058 0 PYRESH 301.07 144.8 15.8 A 17
151059.0 151059 0 MELISQ 301.36 146.25 15.3 A 17
151068.0 151068 0 LITSAC 303.67 147.11 14.9 A 17
151069.0 151069 0 MYRSSE 302.2 149.87 10 A 17
151071.0 151071 0 LIMLUR 304.88 146.93 19.6 A 17
151072.0 151072 0 MACHTH 302.98 145.01 17.3 A 17
151077.0 151077 0 PYRESH 305.02 148.97 19.2 A 17
151084.0 151084 0 ELAESY 307.39 140.96 9.7 A 17
151089.0 151089 0 MELISQ 305.97 144.04 21.9 A 17
151093.0 151093 0 SYMPSO 307.59 143.08 21.4 A 17
151098.0 151098 0 MYRSSE 301.39 150.88 10 A 17
151099.0 151099 0 CINNSU 300.29 151.62 24.2 A 17
151104.0 151104 0 MELISQ 300.15 153.79 14.1 A 17
151114.0 151114 0 MACHTH 303.89 150.25 13.4 A 17
151120.0 151120 0 MELISQ 301.39 157.96 18.8 A 17
151123.0 151123 0 CASTCU 304.95 158.97 20 A 17
151126.0 151126 0 ELAEJA 304.75 157.68 36 A 17
151135.0 151135 0 MYRSSE 305.18 153.05 13.9 A 17
151139.0 151139 0 SYZYBU 307.37 152.84 11.3 A 17
151140.0 151140 0 MACHTH 307.32 150.95 9.8 A 17
151141.0 151141 0 DIOSMO 307.46 150.95 17.1 A 17
151151.0 151151 0 LITSAC 314.85 150.28 12.9 A 17
151152.0 151152 0 MELISQ 314.47 151.08 19.2 A 17
151153.0 151153 0 MELISQ 312.14 159.84 42.3 A 17
151175.0 151175 0 SYMPTH 318.81 155.32 20.3 A 17
151200.0 151200 0 ELAEJA 314.3 144.71 24.8 A 17
151205.0 151205 0 ELAEJA 313.52 141.56 27.9 A 17
151213.0 151213 0 MELISQ 312.2 149.26 18.9 A 17
151219.0 151219 0 LITSAC 312.79 147.6 24.5 A 17
151220.0 151220 0 MYRSSE 313.73 147.5 18 A 17
151223.0 151223 0 ENGERO 314 145.35 12.1 A 17
151234.0 151234 0 PRUNPH 319.45 149.27 10.7 A 17
151240.0 151240 0 CYCLGI 318.19 142.48 19.5 A 17
151241.0 151241 0 MELISQ 318.47 144.8 34.8 A 17
151244.0 151244 0 MACHTH 319.47 140.27 22.7 A 17
151249.0 151249 0 PYRESH 302.79 164.91 11.8 A 17
151253.0 151253 0 MELISQ 304.6 163.45 17.2 A 17
151257.0 151257 0 DIOSMO 304.61 161.3 17.6 A 17
151258.0 151258 0 MACHTH 304.71 160.99 36.9 A 17
151266.0 151266 0 PYRESH 305.16 168.86 17.2 A 17
151271.0 151271 0 PYRESH 306.64 162.47 17.1 A 17
151275.0 151275 0 CYCLGI 306 163.68 21.4 A 17
151282.0 151282 0 LITSAC 300.04 171.28 16.4 A 17
151284.0 151284 0 CINNMI 302.03 174.41 52.8 A 17
151292.0 151292 0 CYCLGI 303.09 170.96 24.7 A 17
151293.0 151293 0 DIOSMO 300.36 176.79 36.7 A 17
151295.0 151295 0 MELISQ 300.76 177.24 17.6 A 17
151310.0 151310 0 MACHZU 305.95 176.29 22.3 A 17
151315.0 151315 0 MACHTH 307.71 179.31 17.9 A 17
151319.0 151319 0 ADINFO 309.62 176.53 13.2 A 17
151324.0 151324 0 MELISQ 309.24 172.06 15.2 A 17
151325.0 151325 0 LITSAC 309.86 171.82 14.4 A 17
151340.0 151340 0 DIOSMO 312.81 177.1 9.9 A 17
151344.0 151344 0 RANDCO 312.34 176.5 11.8 A 17
151359.0 151359 0 LITSAC 316.77 172.14 32.7 A 17
151360.0 151360 0 MELISQ 316.46 172.81 19.2 A 17
151362.0 151362 0 ELAEJA 317.14 173.76 31.1 A 17
151374.0 151374 0 PRUNPH 312.69 164.96 10.5 A 17
151387.0 151387 0 MELISQ 310.9 165.88 25.4 A 17
151388.0 151388 0 MELISQ 311.02 165.92 25.9 A 17
151391.0 151391 0 MACHMU 311.3 169.48 25.2 A 17
151396.0 151396 0 SYMPTH 313.33 169.78 18.3 A 17
151403.0 151403 0 MELISQ 315.65 167 18.5 A 17
151421.0 151421 0 MELISQ 301.64 184.54 16.8 A 17
151424.0 151424 0 CASTCU 304.31 181.06 43.5 A 17
151428.0 151428 0 MELISQ 301.26 185.51 16.9 A 17
151436.0 151436 0 DIOSMO 306.04 186.35 34.8 A 17
151441.0 151441 0 MELISQ 307.83 187.78 26.3 A 17
151450.0 151450 0 DIOSMO 309.13 186.16 23.4 A 17
151464.0 151464 0 SCHEOC 302.52 194.97 25.6 A 17
151477.0 151477 0 DIOSMO 306.09 195.45 34.3 A 17
151480.0 151480 0 LITSAC 306.94 197.54 37.4 A 17
151494.0 151494 0 DIOSMO 307.44 192.07 26.8 A 17
151496.0 151496 0 PYRESH 315.38 162.65 29.5 A 17
151497.0 151497 0 MELISQ 315.01 162.33 23.9 A 17
151506.0 151506 0 MACHMU 316.83 162.55 10.4 A 17
151522.0 151522 0 LITSAC 314.04 194.06 20.6 A 17
151538.0 151538 0 DIOSMO 315.51 199.47 37.9 A 17
151556.0 151556 0 LIMLUR 317.18 197.01 89.5 A 17
151557.0 151557 0 TRICDU 317.27 197.24 12.6 A 17
151569.0 151569 0 CASTCU 319.23 192.84 9.7 A 17
151581.0 151581 0 DIOSMO 311.39 180.88 20 A 17
151621.0 151621 0 ENGERO 317.45 185.22 21.2 A 17
151630.0 151630 0 LITSAC 319.78 184.91 13.8 A 17
151634.0 151634 0 MACHMU 317.92 180.28 15.3 A 17
153316.0 153316 0 LIMLUR 300.63 404.6 56.3 A 20
153320.0 153320 0 CASTCU 303.33 404.61 24.1 A 20
153325.0 153325 0 MELISQ 304.88 402.84 25.9 A 20
153333.0 153333 0 LITSAC 304.68 409.67 40.6 A 20
153334.0 153334 0 MELISQ 303.7 406 18.9 A 20
153335.0 153335 0 LITSAC 302.55 405.64 30.3 A 20
153338.0 153338 0 TRICDU 305.29 407.35 10.7 A 20
153343.0 153343 0 LIMLUR 309.11 409.09 73.6 A 20
153351.0 153351 0 LIMLUR 308.52 401.25 122 A 20
153375.0 153375 0 LITSAC 308.66 415.82 50.2 A 20
153379.0 153379 0 MELISQ 308.56 412.43 18.5 A 20
153381.0 153381 0 MACHMU 309.28 412.08 26.1 A 20
153405.0 153405 0 MACHMU 317.08 414.12 13.4 A 20
153407.0 153407 0 ENGERO 319.41 412.6 44.2 A 20
153408.0 153408 0 MACHMU 318.16 411.7 20.3 A 20
153423.0 153423 0 RANDCO 313.19 404.17 10.9 A 20
153433.0 153433 0 MACHMU 313.52 407.79 22.5 A 20
153434.0 153434 0 PYRESH 314.45 408.22 15.3 A 20
153435.0 153435 0 DIOSMO 314.28 406.35 36.5 A 20
153441.0 153441 0 GLOCAC 319.01 405.98 18 A 20
153448.0 153448 0 CINNMI 317.68 404.57 45.1 A 20
153453.0 153453 0 LIMLUR 319.5 401.8 54.6 A 20
153466.0 153466 0 PASAHN 300.22 425.24 29.2 A 20
153467.0 153467 0 SCHEOC 303.9 429.68 16.5 A 20
153483.0 153483 0 MACHZU 305.74 438.94 45.3 A 20
153484.0 153484 0 PRUNPH 305.94 439.11 13.2 A 20
153487.0 153487 0 MACHTH 307.06 436.39 48.2 A 20
153488.0 153488 0 SCHEOC 307.64 435.66 45 A 20
153517.0 153517 0 LITSAC 301.95 444.96 42.1 A 20
153527.0 153527 0 MELISQ 301.2 446.26 18.5 A 20
153539.0 153539 0 LITSAC 305.72 447.51 40.4 A 20
153552.0 153552 0 MACHTH 306.04 444.71 15.9 A 20
153554.0 153554 0 MACHTH 309.64 444.81 32.9 A 20
153555.0 153555 0 MACHMU 308.96 444.23 21.5 A 20
153557.0 153557 0 LITSAC 300.85 451.94 28.4 A 20
153559.0 153559 0 MICHCO 300.96 453.66 34.6 A 20
153560.0 153560 0 MELISQ 302.07 453.42 21.3 A 20
153564.0 153564 0 MELISQ 303.93 452.37 17.1 A 20
153572.0 153572 0 ENGERO 303.13 458.45 54.5 A 20
153576.0 153576 0 CINNMI 304.1 457.51 17.6 A 20
153583.0 153583 0 DIOSMO 306.88 458.33 26.1 A 20
153598.0 153598 0 ENGERO 308.39 455.62 12.7 A 20
153606.0 153606 0 PYRESH 305.02 452.38 14.6 A 20
153609.0 153609 0 CINNMI 305.18 453.65 28.1 A 20
153623.0 153623 0 LIMLUR 308.17 451.53 67.1 A 20
153627.0 153627 0 MELISQ 308.86 450.56 10.7 A 20
153630.0 153630 0 DIOSMO 308.37 450.62 20.8 A 20
153653.0 153653 0 DIOSMO 310.99 456 17.4 A 20
153661.0 153661 0 CLEYJA 311.07 459.84 13.4 A 20
153665.0 153665 0 LIMLUR 313.97 459.46 29.2 A 20
153671.0 153671 0 PRUNPH 314.68 459.43 9.5 A 20
153673.0 153673 0 PRUNPH 314.62 459.09 18.7 A 20
153676.0 153676 0 SCHEOC 312.49 455.05 14.7 A 20
153684.0 153684 0 MELISQ 316.07 456.02 30.2 A 20
153687.0 153687 0 LITSAC 315.69 457.28 15.5 A 20
153714.0 153714 0 MELISQ 319.23 454.66 21.3 A 20
153717.0 153717 0 MELISQ 318.19 452.3 30.9 A 20
153725.0 153725 0 MACHZU 314.67 440.54 38.6 A 20
153732.0 153732 0 LITSAC 313.05 446.36 33.9 A 20
153750.0 153750 0 CASTCU 311.8 449.48 33 A 20
153764.0 153764 0 DIOSMO 315.85 449.13 64.5 A 20
153770.0 153770 0 TRICDU 316.78 448.48 11.2 A 20
153774.0 153774 0 CASTCU 317.76 449.23 16.7 A 20
153789.0 153789 0 LITSAC 316.14 444.07 38.1 A 20
153790.0 153790 0 CINNMI 316.6 444.57 40.9 A 20
153792.0 153792 0 PRUNPH 316.39 443.86 10.1 A 20
153797.0 153797 0 DIOSMO 303.59 461.39 25.7 A 20
153802.0 153802 0 LITSAC 301.33 463.05 39.9 A 20
153820.0 153820 0 MELISQ 301.46 469.4 22.2 A 20
153823.0 153823 0 CINNSU 302.51 469.92 37.4 A 20
153824.0 153824 0 PRUNPH 301.97 468.93 16.2 A 20
153846.0 153846 0 MELISQ 309.85 465.66 30.4 A 20
153862.0 153862 0 MACHTH 307.64 461.25 29.9 A 20
153864.0 153864 0 SCHEOC 305.97 461.29 14.8 A 20
153867.0 153867 0 EURYLO 309.58 460.45 9.5 A 20
153870.0 153870 0 ITEAPA 301.33 470.93 10.1 A 20
153885.0 153885 0 DIOSMO 302.13 474.13 10.8 A 20
153891.0 153891 0 DIOSMO 304.57 470.95 24.8 A 20
153894.0 153894 0 MELISQ 300.22 475.51 19.5 A 20
153899.0 153899 0 ADINFO 302.28 478.22 19.9 A 20
153903.0 153903 0 LITSAC 301.71 478.31 21.7 A 20
153907.0 153907 0 MACHTH 302.27 477.5 12.1 A 20
153915.0 153915 0 ENGERO 306.06 477.82 11.1 A 20
153918.0 153918 0 MELISQ 309.11 479.78 20.8 A 20
153919.0 153919 0 CASTCU 309.24 479.74 45.6 A 20
153929.0 153929 0 HELIFO 308.1 475.28 12.5 A 20
153931.0 153931 0 LITSAC 308.13 476.23 9.6 A 20
153945.0 153945 0 ENGERO 305.32 474.44 26.8 A 20
153968.0 153968 0 LITSAC 313.49 474.96 29.9 A 20
153974.0 153974 0 GLOCAC 310.88 475.82 18.2 A 20
153975.0 153975 0 CINNSU 311.98 475.91 14.5 A 20
153978.0 153978 0 MACHMU 310.29 479.58 11.5 A 20
153981.0 153981 0 LITSAC 314.18 478.22 9.9 A 20
153991.0 153991 0 MELISQ 315.08 476.6 19.4 A 20
153994.0 153994 0 MELISQ 318.42 479.84 39.7 A 20
153997.0 153997 0 MACHTH 319.84 478.04 17.2 A 20
154002.0 154002 0 LITSAC 317.93 475.96 15.5 A 20
154013.0 154013 0 DIOSMO 311.26 461.08 30.8 A 20
154014.0 154014 0 MELISQ 311.71 461.86 14 A 20
154016.0 154016 0 SYMPGL 311.87 462.01 9.8 A 20
154028.0 154028 0 LITSAC 313.42 463.06 11.7 A 20
154044.0 154044 0 ENGERO 313.11 468.75 20.4 A 20
154045.0 154045 0 PYRESH 314.62 468.02 19.6 A 20
154051.0 154051 0 MELISQ 316.02 468.01 20.7 A 20
154061.0 154061 0 MACHTH 316.29 461.66 41.7 A 20
154062.0 154062 0 GLOCAC 316.37 461.83 13.6 A 20
154065.0 154065 0 CASTCU 316.36 463.8 9.7 A 20
154072.0 154072 0 PRUNPH 301.66 482.75 11.7 A 20
154077.0 154077 0 MELISQ 303.7 483.38 13 A 20
154086.0 154086 0 CLEYJA 304.18 481.67 13.2 A 20
154090.0 154090 0 MELISQ 304.28 480.66 14.7 A 20
154094.0 154094 0 MELISQ 304.6 480.75 17.4 A 20
154097.0 154097 0 CASTCU 302.37 485.05 9.8 A 20
154104.0 154104 0 MELISQ 300.08 488.48 17.1 A 20
154106.0 154106 0 ELAEJA 303.01 489.85 15 A 20
154109.0 154109 0 CASTCU 302.95 488.92 12.1 A 20
154111.0 154111 0 LITSAC 304.95 488.42 23.2 A 20
154117.0 154117 0 MELISQ 302.82 486.59 23.5 A 20
154134.0 154134 0 MELISQ 308.64 489.63 11.5 A 20
154138.0 154138 0 CASTCU 309.31 487.74 11.9 A 20
154142.0 154142 0 MELISQ 307.32 488.09 9.7 A 20
154146.0 154146 0 MELISQ 307.96 487.71 16.6 A 20
154151.0 154151 0 PYRESH 306.14 488.31 10 A 20
154159.0 154159 0 MELISQ 307.66 485.27 22.1 A 20
154170.0 154170 0 DIOSMO 305.32 480.51 9.6 A 20
154178.0 154178 0 MELISQ 306.16 482.5 9.6 A 20
154183.0 154183 0 MACHTH 305.86 484.17 22.8 A 20
154184.0 154184 0 ELAEJA 305.97 484.77 13.2 A 20
154188.0 154188 0 CASTCU 308.53 484.75 11.4 A 20
154190.0 154190 0 DAPHGL 308.93 483.85 11 A 20
154192.0 154192 0 TRICDU 308.63 483.05 10.7 A 20
154193.0 154193 0 CINNSU 308.33 482.87 10 A 20
154195.0 154195 0 MELISQ 308.3 482.41 11.3 A 20
154208.0 154208 0 MELISQ 306.66 481.2 12.9 A 20
154218.0 154218 0 LITSAC 307.14 484.06 11.9 A 20
154223.0 154223 0 LITSAC 300.11 494.88 18.2 A 20
154227.0 154227 0 GLOCAC 304.13 493.92 14.6 A 20
154236.0 154236 0 CASTCU 303.77 491.46 14 A 20
154237.0 154237 0 DIOSMO 303.05 495.11 12.1 A 20
154248.0 154248 0 PRUNPH 301.24 499.92 19.2 A 20
154253.0 154253 0 MACHMU 303.19 498.16 14.5 A 20
154254.0 154254 0 PRUNPH 303.5 498.48 15.5 A 20
154255.0 154255 0 MYRSSE 303.69 498.79 10.2 A 20
154276.0 154276 0 PYRESH 305.48 498.01 16.2 A 20
154277.0 154277 0 ENGERO 305.28 499.64 27 A 20
154285.0 154285 0 DIOSMO 308.93 499.9 12 A 20
154289.0 154289 0 ENGERO 309.48 496.35 17.1 A 20
154293.0 154293 0 CASTCU 308.49 496.42 11.4 A 20
154300.0 154300 0 ENGERO 308.02 496.54 14.9 A 20
154313.0 154313 0 CASTCU 306.68 497.17 11.6 A 20
154318.0 154318 0 MELISQ 306.37 495.31 16.4 A 20
154327.0 154327 0 DIOSMO 308.16 491.87 26.6 A 20
154341.0 154341 0 ENGERO 305.9 494.74 11.8 A 20
154351.0 154351 0 ENGERO 309.25 493.58 17 A 20
154352.0 154352 0 ITEAPA 309.24 493.28 10 A 20
154356.0 154356 0 MELISQ 310.14 491.25 10.6 A 20
154373.0 154373 0 LIMLUR 314.16 491.33 27.9 A 20
154379.0 154379 0 MACHTH 311.29 497.11 30.1 A 20
154383.0 154383 0 DAPHGL 310.18 499.73 12.8 A 20
154389.0 154389 0 ENGERO 314.01 499.02 9.6 A 20
154390.0 154390 0 MACHMU 313.91 498.76 11.6 A 20
154391.0 154391 0 ADINFO 313.32 498.66 11.4 A 20
154394.0 154394 0 CINNSU 313.5 496.03 13.5 A 20
154395.0 154395 0 ENGERO 315.39 495.08 18.2 A 20
154396.0 154396 0 MACHMU 315.53 495.12 14.4 A 20
154400.0 154400 0 LIMLUR 319.72 499.9 17.6 A 20
154404.0 154404 0 GLOCAC 318.96 497.62 13.2 A 20
154406.0 154406 0 WENDFO 319.67 495.24 18.9 A 20
154409.0 154409 0 MACHTH 315.72 490.39 19.6 A 20
154410.0 154410 0 SYMPGL 315.38 490.98 13.4 A 20
154415.0 154415 0 MACHMU 316.9 494.14 11.3 A 20
154424.0 154424 0 CINNMI 319.88 490.91 19.9 A 20
154433.0 154433 0 PYRESH 310.69 483.06 17.5 A 20
154443.0 154443 0 MELISQ 314.81 484.5 11.9 A 20
154460.0 154460 0 PRUNPH 314.5 489.07 10.3 A 20
154466.0 154466 0 LIMLUR 311.54 486.56 52.3 A 20
154467.0 154467 0 MELISQ 312 486.62 20.3 A 20
154468.0 154468 0 MACHTH 312.15 486.69 24.5 A 20
154469.0 154469 0 CINNSU 313.46 487.58 14.9 A 20
154475.0 154475 0 MACHMU 313.25 486.83 13.7 A 20
154480.0 154480 0 MELISQ 313.9 485.65 12.9 A 20
154487.0 154487 0 ENGERO 315.26 485.45 20.5 A 20
154494.0 154494 0 SYMPGL 315.97 488.48 9.9 A 20
154498.0 154498 0 MACHMU 318.44 489.63 11.8 A 20
154499.0 154499 0 LIMLUR 316.94 488.75 20.2 A 20
154505.0 154505 0 LITSAC 316.67 485.11 20.8 A 20
154511.0 154511 0 GLOCAC 317.2 483.51 20.4 A 20
154513.0 154513 0 MACHMU 317.44 483.73 12.1 A 20
154517.0 154517 0 LIMLUR 317.22 482.03 24.7 A 20
154518.0 154518 0 MICHCO 317.08 481.79 28.9 A 20
154608.0 154608 0 LIMLUR 310.86 104.29 31.9 A 17
154652.0 154652 0 LITSAC 308.96 184.29 14.1 A 17
154905.0 154905 0 PRUNPH 302.82 492.51 21.2 A 20
156383.0 156383 0 ITEAPA 309.14 493.3 12.3 A 20
156420.0 156420 0 LITSAC 317.51 480.09 12.5 A 20
160009.0 160009 0 LIMLUR 323.06 0.96 39.9 A 16
160041.0 160041 0 MACHTH 320.68 13.28 12.5 A 16
160047.0 160047 0 LITSAC 324.16 10.31 27.9 A 16
160057.0 160057 0 GLOCAC 325.38 15.2 10.1 A 16
160059.0 160059 0 MACHMU 326.84 17.89 39.8 A 16
160066.0 160066 0 PASAHR 327.34 14.64 45.8 A 16
160067.0 160067 0 HELIFO 331.4 11.36 9.6 A 16
160069.0 160069 0 SYMPTH 332.2 11.46 14.8 A 16
160071.0 160071 0 HELIFO 331.51 14.12 9.8 A 16
160076.0 160076 0 HELIFO 331.6 18.39 13.3 A 16
160081.0 160081 0 MACHTH 337.14 18.49 17.1 A 16
160096.0 160096 0 GLOCAC 334.55 4.6 10.4 A 16
160098.0 160098 0 HELIFO 334.18 2.77 11.5 A 16
160101.0 160101 0 MACHTH 333.36 0.47 16.9 A 16
160110.0 160110 0 MACHTH 334.65 9.58 29.2 A 16
160113.0 160113 0 MACHTH 334.08 6.62 13.6 A 16
160115.0 160115 0 CASTCU 333.12 5.46 11.2 A 16
160119.0 160119 0 CLEYJA 339.03 8.29 16.2 A 16
160121.0 160121 0 MACHMU 336.17 1.57 25.9 A 16
160123.0 160123 0 MACHMU 336.39 4.33 46.8 A 16
160125.0 160125 0 ENGERO 339.33 0.72 9.7 A 16
160127.0 160127 0 HELIFO 338.23 0.79 10.2 A 16
160128.0 160128 0 DIOSMO 337.86 0.82 38 A 16
160134.0 160134 0 HELIFO 325.48 25.64 16.2 A 16
160137.0 160137 0 HELIFO 326.06 24.63 12.3 A 16
160143.0 160143 0 HELIFO 325.56 30.49 12.2 A 16
160144.0 160144 0 HELIFO 326.26 33.95 12 A 16
160149.0 160149 0 HELIFO 330.82 36.52 11.2 A 16
160158.0 160158 0 HELIFO 336.37 33.48 10.2 A 16
160163.0 160163 0 LITSAC 330.51 22.37 45.4 A 16
160175.0 160175 0 HELIFO 333.69 29.09 13.3 A 16
160177.0 160177 0 HELIFO 333.56 25.73 13 A 16
160182.0 160182 0 MACHTH 339.4 27.62 21.3 A 16
160188.0 160188 0 LITSAC 336.71 22.98 20.6 A 16
160189.0 160189 0 LITSAC 322.29 44.96 52.5 A 16
160200.0 160200 0 HELIFO 326.95 45.64 9.7 A 16
160219.0 160219 0 HELIFO 320.05 54.66 16.6 A 16
160229.0 160229 0 HELIFO 322.3 57.41 12.1 A 16
160231.0 160231 0 HELIFO 326.77 52.7 20 A 16
160234.0 160234 0 MACHMU 328.23 54.95 57.8 A 16
160235.0 160235 0 MACHMU 328.56 54.98 39.8 A 16
160237.0 160237 0 HELIFO 329.68 51.62 11.7 A 16
160238.0 160238 0 HELIFO 329.4 50.89 18.5 A 16
160245.0 160245 0 HELIFO 333.99 59.48 17.8 A 16
160246.0 160246 0 RANDCO 335.32 57 9.5 A 16
160251.0 160251 0 HELIFO 338.54 59.61 10.8 A 16
160258.0 160258 0 HELIFO 339.33 55.62 11 A 16
160267.0 160267 0 HELIFO 334.37 42.07 13.4 A 16
160273.0 160273 0 HELIFO 335.15 45.17 14.3 A 16
160276.0 160276 0 LITSAC 336.54 49.2 13.4 A 16
160278.0 160278 0 MACHTH 337.98 47 80.7 A 16
160287.0 160287 0 MELISQ 324.85 64.81 10.1 A 16
160289.0 160289 0 LITSAC 324.81 60.44 12.1 A 16
160294.0 160294 0 PYRESH 321.03 67.04 25.6 A 16
160298.0 160298 0 PRUNPH 325.11 69.92 18.5 A 16
160300.0 160300 0 MACHTH 328.03 69.75 12.5 A 16
160301.0 160301 0 LIMLUR 329.25 69.9 79.4 A 16
160320.0 160320 0 MACHMU 322.15 71.16 31.8 A 16
160321.0 160321 0 MACHZU 323.45 79.81 21.2 A 16
160326.0 160326 0 PRUNPH 328.96 75.29 17.7 A 16
160333.0 160333 0 SCHEOC 327.78 72.27 28.2 A 16
160335.0 160335 0 RHUSSU 328.8 72.24 15.9 A 16
160336.0 160336 0 LIMLUR 328.87 72 11.7 A 16
160360.0 160360 0 LAGESU 331.91 76.08 22.7 A 16
160376.0 160376 0 PYRESH 337.71 72.07 40.2 A 16
160386.0 160386 0 CRYPCH 330.69 65.24 32 A 16
160406.0 160406 0 HELIFO 336.83 64.84 10.2 A 16
160413.0 160413 0 RHUSSU 338.94 63.01 20.8 A 16
160414.0 160414 0 LITSAC 339.1 62 9.7 A 16
160426.0 160426 0 LITSAC 323.84 82.87 24.2 A 16
160431.0 160431 0 CASTCU 321.91 84.06 28.2 A 16
160465.0 160465 0 DIOSMO 328.79 84.84 26.9 A 16
160466.0 160466 0 CASTCU 329.25 84.85 44.6 A 16
160477.0 160477 0 LITSAC 324.65 94.84 10.7 A 16
160480.0 160480 0 LIMLUR 320.99 94.03 25.3 A 16
160492.0 160492 0 PYRESH 323.29 99.87 27.1 A 16
160493.0 160493 0 CASTCU 324.16 99.47 11.5 A 16
160506.0 160506 0 PYRESH 326.07 98.89 15.8 A 16
160510.0 160510 0 CASTCU 327.55 96.13 27 A 16
160530.0 160530 0 PRUNPH 334.07 94.44 20.2 A 16
160532.0 160532 0 PRUNPH 334.72 93.06 15 A 16
160545.0 160545 0 CASTCU 337.14 97.23 13.2 A 16
160546.0 160546 0 CINNMI 336.47 97.84 53.9 A 16
160569.0 160569 0 MELISQ 330.19 85.42 19.5 A 16
160575.0 160575 0 MACHTH 335.66 86.43 22.2 A 16
160578.0 160578 0 CYCLGI 335.6 89.78 26.7 A 16
160581.0 160581 0 ENGERO 336.46 86.12 12 A 16
160588.0 160588 0 PYRESH 324.44 103.02 19.4 A 17
160595.0 160595 0 MACHMU 322.38 101.64 54.1 A 17
160603.0 160603 0 PRUNPH 324.37 107.04 17.2 A 17
160616.0 160616 0 MACHMU 329.41 107.82 46.1 A 17
160629.0 160629 0 MELISQ 328.7 102.48 12.4 A 17
160648.0 160648 0 MELISQ 324.88 117.17 20.5 A 17
160651.0 160651 0 LITSAC 325.46 118.29 47.1 A 17
160669.0 160669 0 LIMLUR 326.26 114.93 28.5 A 17
160672.0 160672 0 MELISQ 329.25 113.63 16.1 A 17
160676.0 160676 0 LIMLUR 330.58 111.72 70.7 A 17
160678.0 160678 0 PRUNPH 332.15 113.53 10.1 A 17
160686.0 160686 0 PYRESH 330.71 116.09 18.2 A 17
160693.0 160693 0 PRUNPH 332.66 119.17 12.4 A 17
160709.0 160709 0 LITSAC 337.9 119.05 27.7 A 17
160713.0 160713 0 RANDCO 338.33 116.09 19.8 A 17
160728.0 160728 0 MELISQ 333.18 101.22 14.2 A 17
160730.0 160730 0 CLEYJA 332.17 100.71 12 A 17
160735.0 160735 0 MELISQ 331.27 106.83 14.4 A 17
160742.0 160742 0 LIMLUR 333.05 106.4 71.4 A 17
160746.0 160746 0 ELAEJA 336.94 109.03 11.4 A 17
160751.0 160751 0 CASTCU 338.93 106 37.3 A 17
160753.0 160753 0 PRUNPH 337.92 103.05 14.4 A 17
160758.0 160758 0 CLEYJA 321.98 124.04 21.3 A 17
160760.0 160760 0 MELISQ 320.66 125.76 10.6 A 17
160765.0 160765 0 LITSAC 322.14 129.14 12.9 A 17
160774.0 160774 0 CYCLLO 329.45 128.99 11.3 A 17
160778.0 160778 0 CASTCU 326.95 126.2 9.6 A 17
160793.0 160793 0 PRUNPH 322.99 133.05 15.2 A 17
160803.0 160803 0 DIOSMO 321.95 137.45 13.5 A 17
160809.0 160809 0 LITSAC 324.68 138.05 14.5 A 17
160814.0 160814 0 DIOSMO 325.63 136.53 11.6 A 17
160820.0 160820 0 PRUNPH 325.01 131.62 20.9 A 17
160821.0 160821 0 MACHMU 327.45 134.37 21.8 A 17
160822.0 160822 0 PYRESH 328.06 134.87 10.1 A 17
160832.0 160832 0 PYRESH 332.85 134.74 16.1 A 17
160837.0 160837 0 MELISQ 331.07 138.08 12.4 A 17
160838.0 160838 0 CINNMI 334.3 139.4 36 A 17
160850.0 160850 0 DIOSMO 336.63 130.62 10.6 A 17
160852.0 160852 0 LIMLUR 335.39 133.97 77.8 A 17
160860.0 160860 0 PYRESH 338.73 130.31 23 A 17
160887.0 160887 0 PYRESH 334.2 129.28 15.2 A 17
160888.0 160888 0 CRYPCH 333.05 128.01 39.5 A 17
160922.0 160922 0 MACHZU 321.46 142.97 39.6 A 17
160924.0 160924 0 LIMLUR 324.35 141.76 26.1 A 17
160931.0 160931 0 MELISQ 322.49 148.5 31.5 A 17
160937.0 160937 0 CASTCU 325.36 146.23 14.2 A 17
160939.0 160939 0 LITSAC 326.84 147.23 24.3 A 17
160944.0 160944 0 SYZYBU 326.67 146.33 19.7 A 17
160951.0 160951 0 RANDCO 329.72 142.08 14.8 A 17
160953.0 160953 0 RANDCO 329.79 140.17 10.5 A 17
160954.0 160954 0 CYCLGI 327 140.31 9.5 A 17
160955.0 160955 0 MACHMU 326.13 140.68 15 A 17
160958.0 160958 0 LITSAC 320.39 152.43 25.7 A 17
160963.0 160963 0 MELISQ 323.77 154.74 21.1 A 17
160972.0 160972 0 CASTCU 323.66 152.44 9.5 A 17
160979.0 160979 0 MELISQ 321.7 158.09 25.2 A 17
160997.0 160997 0 MACHTH 328.76 159.65 22.6 A 17
160999.0 160999 0 MELISQ 329.04 158.21 21.6 A 17
161001.0 161001 0 MACHMU 329.13 157.3 19.4 A 17
161005.0 161005 0 ARCHLU 329.33 155.76 10.9 A 17
161014.0 161014 0 CASTCU 326.73 153.24 40.3 A 17
161027.0 161027 0 LITSAC 330.99 151.06 16.8 A 17
161074.0 161074 0 LITSAC 334.34 155.22 13.6 A 17
161075.0 161075 0 CLEYJA 335.05 155.2 24.6 A 17
161083.0 161083 0 LITSAC 335.92 159.19 9.8 A 17
161084.0 161084 0 DIOSMO 335.46 159.75 25.3 A 17
161092.0 161092 0 MACHTH 338.54 159.75 18 A 17
161098.0 161098 0 DIOSMO 339.21 158.59 10.8 A 17
161118.0 161118 0 LIMLUR 338.93 153.42 44.2 A 17
161124.0 161124 0 LITSAC 330.32 140.39 20 A 17
161132.0 161132 0 OSMAMA 332.89 149.67 10.1 A 17
161134.0 161134 0 MELISQ 333.94 147.94 12.1 A 17
161137.0 161137 0 MACHMU 331.94 147.64 33.2 A 17
161145.0 161145 0 LITSAC 339.58 148.8 25.9 A 17
161152.0 161152 0 ADINFO 337.24 147.11 15 A 17
161159.0 161159 0 LIMLUR 320.46 164.03 35.7 A 17
161161.0 161161 0 SYMPTH 323.77 164.91 28.1 A 17
161167.0 161167 0 CASTCU 323.94 162.27 73.1 A 17
161187.0 161187 0 CINNAU 328.23 166.64 12 A 17
161195.0 161195 0 LITSAC 327.2 164.85 20.4 A 17
161200.0 161200 0 MYRSSE 329.34 160.85 10.6 A 17
161201.0 161201 0 DIOSMO 328.86 160.68 27.2 A 17
161214.0 161214 0 DIOSMO 324.84 174.04 17.6 A 17
161222.0 161222 0 LIMLUR 321.13 175.92 100.5 A 17
161225.0 161225 0 DIOSMO 321.33 177.41 12.5 A 17
161242.0 161242 0 DIOSMO 326.85 176.54 13.6 A 17
161260.0 161260 0 MELISQ 325.69 170.85 19 A 17
161273.0 161273 0 ADINFO 330.71 174.4 13.6 A 17
161284.0 161284 0 LIMLUR 331.3 171.02 26.1 A 17
161289.0 161289 0 MELISQ 331.04 179.52 23.2 A 17
161290.0 161290 0 MELISQ 330.99 179.8 31.1 A 17
161298.0 161298 0 DIOSMO 334.38 179.68 13.4 A 17
161301.0 161301 0 PYRESH 334.91 178.7 16.5 A 17
161310.0 161310 0 LIMLUR 335.36 176.37 51 A 17
161312.0 161312 0 LITSAC 335.52 179.6 11.7 A 17
161331.0 161331 0 MACHTH 335.28 172.2 14.1 A 17
161351.0 161351 0 LITSAC 331.64 161.36 23.5 A 17
161359.0 161359 0 PYRESH 332.74 166.7 20.9 A 17
161372.0 161372 0 MICHCO 337.12 165.92 13.3 A 17
161380.0 161380 0 LIMLUR 336.2 163.06 16.2 A 17
161405.0 161405 0 MELISQ 323.97 189.3 21.7 A 17
161406.0 161406 0 PRUNPH 326.36 186.05 30.9 A 17
161410.0 161410 0 ELAESY 327.32 189.54 18.4 A 17
161417.0 161417 0 LIMLUR 328.32 188.48 35.1 A 17
161452.0 161452 0 MELISQ 322.32 196.17 20.5 A 17
161454.0 161454 0 PYRESH 322.49 197.69 21.1 A 17
161458.0 161458 0 DIOSMO 322.48 198.36 27.7 A 17
161467.0 161467 0 LITSAC 326.67 199.51 26.8 A 17
161474.0 161474 0 LIMLUR 326.75 195.51 13.2 A 17
161476.0 161476 0 MELISQ 326.47 193.15 40.7 A 17
161484.0 161484 0 LITSAC 329.49 194.96 15.5 A 17
161494.0 161494 0 MACHTH 333.09 194.16 36.2 A 17
161509.0 161509 0 MACHTH 332.35 199.41 27.6 A 17
161516.0 161516 0 MELISQ 334.24 195.58 14.9 A 17
161521.0 161521 0 LITSAC 335.45 197.74 30.5 A 17
161526.0 161526 0 ELAESY 339.46 196.99 10 A 17
161532.0 161532 0 PYRESH 338.3 194.7 20.3 A 17
161540.0 161540 0 LITSAC 338.23 191.97 32.1 A 17
161554.0 161554 0 MACHTH 330.17 184.68 42.9 A 17
161559.0 161559 0 LITSAC 332.88 183.75 11.5 A 17
161560.0 161560 0 CASTCU 333.7 183.72 23.4 A 17
161574.0 161574 0 LIMLUR 333.96 189.51 27.7 A 17
161578.0 161578 0 MELISQ 333.74 186.95 15.7 A 17
161590.0 161590 0 DIOSMO 335.87 185.41 19.3 A 17
161601.0 161601 0 MELISQ 337.52 187.6 37.7 A 17
161622.0 161622 0 ELAESY 338.51 183.2 20 A 17
161631.0 161631 0 MELISQ 337.42 181.49 18.3 A 17
161634.0 161634 0 PYRESH 337.61 180.34 12.4 A 17
163752.0 163752 0 MACHTH 320.19 403.05 29.8 A 20
163753.0 163753 0 DIOSMO 320.21 404.14 10 A 20
163766.0 163766 0 HELIFO 323.18 402.45 11.9 A 20
163771.0 163771 0 SCHEOC 322.91 403.35 12 A 20
163781.0 163781 0 LITSAC 326.16 409.16 29.2 A 20
163793.0 163793 0 MELISQ 329.52 404.06 33.8 A 20
163806.0 163806 0 LITSAC 321.34 419.03 17.5 A 20
163810.0 163810 0 GLOCAC 325.99 416.52 30.9 A 20
163815.0 163815 0 HELIFO 331.8 412.35 20.6 A 20
163818.0 163818 0 HELIFO 330.51 418.8 12.2 A 20
163826.0 163826 0 CASTCU 330.39 400.15 20.6 A 20
163838.0 163838 0 MACHTH 332.28 403.92 20.3 A 20
163839.0 163839 0 MELISQ 333.5 404.07 21.3 A 20
163840.0 163840 0 DIOSMO 334.71 404.67 31.7 A 20
163841.0 163841 0 EURYLO 334.58 403.06 10.4 A 20
163847.0 163847 0 DIOSMO 333.7 400.38 32.3 A 20
163851.0 163851 0 MACHZU 330.22 405.32 46.7 A 20
163860.0 163860 0 SCHEOC 339.13 405.83 23.8 A 20
163862.0 163862 0 RANDCO 337.46 404.04 10.2 A 20
163863.0 163863 0 SCHEOC 335.46 404.34 14.6 A 20
163865.0 163865 0 MACHTH 336.34 402.87 21.3 A 20
163882.0 163882 0 MELISQ 321.19 433.53 41.6 A 20
163892.0 163892 0 PRUNPH 321.6 437.94 13.2 A 20
163906.0 163906 0 CASTCU 325.52 439.02 36.1 A 20
163913.0 163913 0 LIMLUR 326.16 432.47 22.5 A 20
163916.0 163916 0 PASAHN 329.5 431.55 22.7 A 20
163917.0 163917 0 LITSAC 325.96 430.41 10.4 A 20
163920.0 163920 0 CINNMI 331.49 430.76 51.2 A 20
163926.0 163926 0 PRUNPH 333.7 431.86 29.7 A 20
163927.0 163927 0 CLEYJA 334.87 431.05 18.1 A 20
163958.0 163958 0 CINNMI 336.34 434.61 38.8 A 20
163960.0 163960 0 HELIFO 333.5 421.09 13.2 A 20
163961.0 163961 0 HELIFO 333.33 421.36 11 A 20
163962.0 163962 0 ITEAPA 330.09 427.35 10.6 A 20
163965.0 163965 0 ENGERO 332.05 429.02 12.5 A 20
163991.0 163991 0 PRUNPH 320.25 445.37 11.5 A 20
164003.0 164003 0 CASTCU 321.78 449.84 14.5 A 20
164018.0 164018 0 MACHTH 324.11 447.23 22.4 A 20
164030.0 164030 0 MELISQ 323.42 445.83 25.8 A 20
164034.0 164034 0 MICHCO 325.62 447.01 9.9 A 20
164043.0 164043 0 LITSAC 325.8 449.43 10.1 A 20
164055.0 164055 0 LIMLUR 329.51 447.37 28.8 A 20
164056.0 164056 0 LITSAC 329.34 447.15 22.2 A 20
164058.0 164058 0 PRUNPH 325.75 441.49 19.2 A 20
164060.0 164060 0 MELISQ 326.4 443.52 23.4 A 20
164068.0 164068 0 LITSAC 328.46 444.19 11 A 20
164072.0 164072 0 LITSAC 321.36 451.01 10.8 A 20
164073.0 164073 0 RANDCO 321.16 451.96 13.6 A 20
164082.0 164082 0 MACHMU 324.45 454.71 41 A 20
164088.0 164088 0 MELISQ 323.67 451.09 20.5 A 20
164093.0 164093 0 CINNAU 323.5 457.97 11.3 A 20
164094.0 164094 0 CRYPCH 323.44 457.81 18.4 A 20
164105.0 164105 0 ENGERO 329.81 459.11 12.1 A 20
164108.0 164108 0 MACHTH 328.12 455.22 27.5 A 20
164109.0 164109 0 CASTCU 326.43 451.83 12.7 A 20
164111.0 164111 0 MACHMU 325.12 452.95 52.4 A 20
164120.0 164120 0 LITSAC 327.14 451.36 40.9 A 20
164121.0 164121 0 GLOCAC 330.17 451.13 12.2 A 20
164133.0 164133 0 MACHTH 331.37 450.64 32.6 A 20
164135.0 164135 0 CASTCU 330.32 456.88 11.9 A 20
164148.0 164148 0 PRUNPH 335.45 451.33 19.1 A 20
164154.0 164154 0 CINNMI 338.53 453.66 33.3 A 20
164157.0 164157 0 DIOSMO 338.13 450.72 13.3 A 20
164170.0 164170 0 MELISQ 334.33 443.38 21.2 A 20
164172.0 164172 0 ENGERO 332.89 442.23 9.5 A 20
164178.0 164178 0 MACHTH 334.07 440.84 21.7 A 20
164179.0 164179 0 MACHTH 332.24 441.86 13.2 A 20
164181.0 164181 0 LITSAC 330.99 446.03 13 A 20
164184.0 164184 0 SYMPTH 330.18 447.45 11.4 A 20
164199.0 164199 0 CYCLGI 339.4 449.7 16.7 A 20
164200.0 164200 0 MACHTH 337.18 446.77 29.1 A 20
164202.0 164202 0 MELISQ 335.42 440.86 25.9 A 20
164204.0 164204 0 LIMLUR 335.63 444.04 28.8 A 20
164212.0 164212 0 CASTCU 337.68 441.08 43.8 A 20
164214.0 164214 0 DIOSMO 336.73 440.81 18.2 A 20
164216.0 164216 0 CRYPCH 321.07 460.62 24.5 A 20
164218.0 164218 0 CRYPCH 321.73 464.73 19.3 A 20
164221.0 164221 0 MELISQ 320.41 468.89 23.2 A 20
164227.0 164227 0 MELISQ 326.98 468.52 26.5 A 20
164245.0 164245 0 MACHTH 321.93 474.04 23.4 A 20
164256.0 164256 0 SCHEOC 322.35 478.53 16.2 A 20
164258.0 164258 0 LIMLUR 324.75 477.65 38.4 A 20
164278.0 164278 0 ITEAPA 326.98 476.29 22.7 A 20
164285.0 164285 0 CRYPCH 325.92 479.87 13.7 A 20
164293.0 164293 0 MICHCO 328.91 475.92 15.3 A 20
164298.0 164298 0 MELISQ 325.28 470.89 10.1 A 20
164301.0 164301 0 LIMLUR 326.22 473.42 55.3 A 20
164307.0 164307 0 MELISQ 329.33 472.91 33.3 A 20
164319.0 164319 0 PYRESH 333.06 477.6 15.6 A 20
164340.0 164340 0 CRYPCH 338.46 471.01 36.5 A 20
164353.0 164353 0 MACHMU 331.47 468.06 21.9 A 20
164372.0 164372 0 MELISQ 338.67 463.16 38.5 A 20
164375.0 164375 0 HELIFO 337.41 462.7 12.8 A 20
164393.0 164393 0 LIMLUR 320.51 486.37 9.7 A 20
164396.0 164396 0 LIMLUR 320.31 487.06 16.3 A 20
164400.0 164400 0 DIOSMO 322.54 488.62 20.1 A 20
164402.0 164402 0 ENGERO 323.89 487.89 15.8 A 20
164403.0 164403 0 CASTCU 324.47 487.33 16.3 A 20
164410.0 164410 0 MACHMU 323.87 485.48 12.1 A 20
164413.0 164413 0 SCHEOC 325.55 487.57 9.5 A 20
164418.0 164418 0 MACHMU 327.65 488.01 20.1 A 20
164420.0 164420 0 CASTCU 328.52 487.45 10.3 A 20
164424.0 164424 0 CINNAU 329.55 486.47 18.2 A 20
164426.0 164426 0 SYMPGL 326 482.51 20.2 A 20
164429.0 164429 0 MACHMU 329.35 484.16 9.9 A 20
164437.0 164437 0 ENGERO 327.66 481.2 15.8 A 20
164450.0 164450 0 CASTCU 324.14 496.96 16.4 A 20
164469.0 164469 0 ELAEJA 329.93 495.43 13.8 A 20
164478.0 164478 0 CRYPCH 329.4 492.3 16.5 A 20
164479.0 164479 0 CASTCU 328.25 491.25 29.2 A 20
164487.0 164487 0 OSMAMA 330.59 496.76 17.1 A 20
164490.0 164490 0 ENGERO 332.57 497.94 16.9 A 20
164496.0 164496 0 ENGERO 336.02 495.68 32.7 A 20
164497.0 164497 0 CRYPCH 336.66 499.37 23.8 A 20
164498.0 164498 0 CASTCU 337.24 499.48 21.6 A 20
164499.0 164499 0 MACHTH 337.61 499 23.7 A 20
164500.0 164500 0 OSMAMA 339.07 499.23 13.3 A 20
164501.0 164501 0 DIOSMO 338.37 496.42 9.6 A 20
164505.0 164505 0 LIMLUR 335.19 491.15 42.7 A 20
164507.0 164507 0 LITSAC 335.35 491.74 12.1 A 20
164510.0 164510 0 LITSAC 335.38 492.78 11.5 A 20
164515.0 164515 0 MACHTH 338.74 493.11 10.5 A 20
164517.0 164517 0 CYCLGI 337.83 491.23 27.7 A 20
164527.0 164527 0 MACHMU 332.78 482.99 32.1 A 20
164536.0 164536 0 LITSAC 334.77 482.33 21 A 20
164543.0 164543 0 CASTCU 332.24 487.15 12.3 A 20
164546.0 164546 0 ENGERO 331.71 487.94 12.1 A 20
164547.0 164547 0 ENGERO 331.95 488.06 11.4 A 20
164549.0 164549 0 LITSAC 332 489.3 9.5 A 20
164552.0 164552 0 MELISQ 334.47 487.64 25.2 A 20
164558.0 164558 0 ELAEJA 336.5 485.71 14.6 A 20
164559.0 164559 0 LIMLUR 336.53 486.06 20.3 A 20
164566.0 164566 0 MELISQ 338.03 489.34 21.2 A 20
164572.0 164572 0 PRUNPH 335.99 480.75 13.3 A 20
164583.0 164583 0 MACHTH 337.41 483.9 30.5 A 20
164587.0 164587 0 MACHTH 339.13 484.74 20.4 A 20
164638.0 164638 0 RHUSSU 324.77 45.88 22.6 A 16
164751.0 164751 0 SYZYBU 339.48 161.9 10.2 A 17
164996.0 164996 0 HELIFO 325.22 415.16 10.7 A 20
165842.0 165842 0 MACHMU 328.44 444.34 44.7 A 20
170001.0 170001 0 ENGERO 340.19 0.72 13.4 A 16
170011.0 170011 0 MACHZU 343.11 8.42 22.4 A 16
170019.0 170019 0 MACHTH 347.86 8.65 40 A 16
170030.0 170030 0 MACHTH 345.35 1.73 32 A 16
170056.0 170056 0 HELIFO 345.45 15.66 15 A 16
170079.0 170079 0 HELIFO 350.07 11.6 10.2 A 16
170099.0 170099 0 LIMLUR 353.59 15.89 17.6 A 16
170100.0 170100 0 HELIFO 352.95 16.13 11.3 A 16
170103.0 170103 0 MACHTH 355.26 16.5 15.5 A 16
170106.0 170106 0 HELIFO 356.17 19.78 14 A 16
170113.0 170113 0 HELIFO 350.99 2.08 10.9 A 16
170119.0 170119 0 LIMLUR 351.09 8.89 145 A 16
170136.0 170136 0 MACHMU 356.97 8.99 50.3 A 16
170140.0 170140 0 HELIFO 358.93 7.77 11.8 A 16
170150.0 170150 0 HELIFO 358.56 3.11 10.7 A 16
170156.0 170156 0 SCHEOC 342.71 24.27 27.3 A 16
170157.0 170157 0 HELIFO 343.96 20.86 9.9 A 16
170160.0 170160 0 MACHTH 340.61 26.52 14.6 A 16
170164.0 170164 0 LAGESU 346.27 25.12 39.7 A 16
170166.0 170166 0 MACHMU 345.51 28.33 48.3 A 16
170168.0 170168 0 HELIFO 346.44 21.96 10.1 A 16
170170.0 170170 0 MACHMU 349.74 22.07 22.5 A 16
170216.0 170216 0 GLOCAC 355.66 36.86 20.7 A 16
170217.0 170217 0 HELIFO 356.36 37.06 10.9 A 16
170248.0 170248 0 DIOSMO 358.91 23.05 61.2 A 16
170253.0 170253 0 MACHTH 341.93 41.97 23.8 A 16
170254.0 170254 0 HELIFO 341.6 43.2 13.1 A 16
170260.0 170260 0 HELIFO 345.52 46.96 11.2 A 16
170262.0 170262 0 MACHTH 346.13 47.61 17.4 A 16
170269.0 170269 0 HELIFO 342.54 52.53 11.5 A 16
170270.0 170270 0 SCHEOC 342.27 52.72 22.3 A 16
170273.0 170273 0 CASTCU 343.5 51.6 45 A 16
170288.0 170288 0 HELIFO 345.45 50.81 10.7 A 16
170292.0 170292 0 HELIFO 346.27 51.46 10.9 A 16
170296.0 170296 0 HELIFO 349.57 53.49 10.2 A 16
170301.0 170301 0 HELIFO 350.96 50.98 10.5 A 16
170302.0 170302 0 MACHTH 350.79 54.61 20.4 A 16
170303.0 170303 0 HELIFO 350.66 58.36 10.4 A 16
170309.0 170309 0 HELIFO 353.01 56.84 12.5 A 16
170316.0 170316 0 LAGESU 357.96 57.14 10.7 A 16
170319.0 170319 0 HELIFO 356.83 53.45 9.8 A 16
170322.0 170322 0 HELIFO 357.27 54.4 10.9 A 16
170339.0 170339 0 HELIFO 359.71 48.83 11.7 A 16
170347.0 170347 0 LIMLUR 356.57 43.45 56.4 A 16
170348.0 170348 0 HELIFO 355.89 44.66 11.2 A 16
170353.0 170353 0 MACHMU 359 43.82 39.9 A 16
170370.0 170370 0 PRUNPH 342.82 69.97 20.4 A 16
170371.0 170371 0 HELIFO 343.62 68.97 9.5 A 16
170377.0 170377 0 LINDCO 345.33 66.39 14.3 A 16
170382.0 170382 0 LIMLUR 346.88 69.11 32.4 A 16
170383.0 170383 0 DIOSMO 348.8 66.7 21.4 A 16
170390.0 170390 0 CYCLGI 348.03 61.24 55.4 A 16
170391.0 170391 0 ENGERO 349.48 60.62 13.2 A 16
170394.0 170394 0 LITSAC 343.84 73.97 14 A 16
170397.0 170397 0 MACHMU 344.3 71.43 53 A 16
170407.0 170407 0 DIOSMO 345.77 71.05 30.6 A 16
170419.0 170419 0 LIMLUR 349.35 70.84 110.5 A 16
170422.0 170422 0 CLEYJA 349.18 70.74 23.2 A 16
170425.0 170425 0 HELIFO 351.97 70.59 9.8 A 16
170446.0 170446 0 ELAESY 355.41 70.52 13.6 A 16
170447.0 170447 0 MACHMU 355.15 71.09 35.2 A 16
170450.0 170450 0 HELIFO 352.76 64.73 12 A 16
170451.0 170451 0 CLEYJA 353.18 64.83 12.7 A 16
170454.0 170454 0 HELIFO 352.92 62.16 11.3 A 16
170459.0 170459 0 MELISQ 352.96 69.88 20.2 A 16
170483.0 170483 0 HELIFO 347.01 86.36 9.7 A 16
170486.0 170486 0 SCHEOC 347.27 88.39 20.1 A 16
170492.0 170492 0 LITSAC 341.63 92.33 13.5 A 16
170514.0 170514 0 LITSAC 345.49 98.66 32 A 16
170529.0 170529 0 LITSAC 345.9 93.95 21.9 A 16
170535.0 170535 0 LITSAC 348.16 92.84 19.7 A 16
170551.0 170551 0 LIMLUR 350.21 95.37 83.8 A 16
170552.0 170552 0 PYRESH 352.89 95.66 16.7 A 16
170553.0 170553 0 ELAESY 351.86 96.63 9.8 A 16
170581.0 170581 0 ELAESY 356.77 93.63 12.6 A 16
170594.0 170594 0 ILEXFO 352.93 83.12 12.6 A 16
170595.0 170595 0 MACHTH 353.73 83.43 34.7 A 16
170603.0 170603 0 PYRESH 351.33 89.24 17.7 A 16
170608.0 170608 0 PYRESH 353.97 89.1 17.9 A 16
170611.0 170611 0 LIMLUR 354.94 87.57 32.9 A 16
170634.0 170634 0 PYRESH 355.92 81.76 24.3 A 16
170647.0 170647 0 ELAEJA 344.04 105.48 12.9 A 17
170652.0 170652 0 MACHMU 344.01 108.87 16 A 17
170663.0 170663 0 PRUNPH 345.22 104.27 11.4 A 17
170676.0 170676 0 CASTCU 347.85 101.09 39.3 A 17
170680.0 170680 0 MACHMU 340.14 110.62 33.5 A 17
170695.0 170695 0 CLEYJA 344.28 115.47 19.3 A 17
170699.0 170699 0 MACHTH 345.35 116.22 33.9 A 17
170706.0 170706 0 MELISQ 351.1 110.71 17.7 A 17
170707.0 170707 0 LIMLUR 352.59 114.87 38.6 A 17
170708.0 170708 0 ILEXGO 352.58 114.53 11.9 A 17
170710.0 170710 0 MELISQ 354.84 110.89 20.4 A 17
170728.0 170728 0 LIMLUR 352.81 115.39 49.5 A 17
170737.0 170737 0 MACHTH 358.35 119.87 18.5 A 17
170756.0 170756 0 MELISQ 358.1 112.62 10.9 A 17
170759.0 170759 0 PYRESH 350.24 101.87 24.2 A 17
170781.0 170781 0 PYRESH 351.39 108.62 26.1 A 17
170784.0 170784 0 CYCLGI 354.57 108.54 13.3 A 17
170788.0 170788 0 PYRESH 355.63 106.62 13.6 A 17
170793.0 170793 0 MELISQ 359.21 109.06 21.5 A 17
170796.0 170796 0 PYRESH 359.81 107.95 24.7 A 17
170801.0 170801 0 LIMLUR 358.22 103.55 104.3 A 17
170803.0 170803 0 ELAEJA 359.34 102.54 28.3 A 17
170817.0 170817 0 CRYPCH 344.07 123.76 15.6 A 17
170826.0 170826 0 MELISQ 341.49 128.6 31 A 17
170828.0 170828 0 PYRESH 344.07 127.81 14.8 A 17
170856.0 170856 0 MELISQ 340.48 136.54 23.1 A 17
170869.0 170869 0 CASTCU 346.24 137.42 51.7 A 17
170877.0 170877 0 CASTCU 345.83 134.14 23 A 17
170886.0 170886 0 CASTCU 349.62 130.49 32.5 A 17
170889.0 170889 0 DIOSMO 352.57 132.87 23.7 A 17
170892.0 170892 0 DIOSMO 354.84 132.87 17.1 A 17
170896.0 170896 0 CASTCU 354.7 132.04 69.7 A 17
170897.0 170897 0 SYMPTH 354.44 131.19 25.1 A 17
170901.0 170901 0 LIMLUR 351.39 137.67 25.9 A 17
170903.0 170903 0 CASTCU 353.9 139.71 28.6 A 17
170911.0 170911 0 CASTCU 355.09 139.11 21.2 A 17
170927.0 170927 0 LITSAC 355.04 134.16 21.2 A 17
170934.0 170934 0 CYCLGI 350.56 121.16 29 A 17
170940.0 170940 0 LIMLUR 354.38 120.69 51.1 A 17
170949.0 170949 0 CASTCU 357.28 125.11 29.6 A 17
170953.0 170953 0 MELISQ 355.16 123.72 26.7 A 17
170955.0 170955 0 CRYPCH 357.62 124.44 20.9 A 17
170963.0 170963 0 MELISQ 340.01 140.17 17.6 A 17
170966.0 170966 0 CYCLGI 340.93 143.31 10.1 A 17
170967.0 170967 0 MELISQ 342.57 143.43 21.9 A 17
170986.0 170986 0 MELISQ 344 148.04 18.9 A 17
171001.0 171001 0 ENGERO 346.02 148.83 16.1 A 17
171005.0 171005 0 MACHTH 347.89 145.29 13.9 A 17
171013.0 171013 0 DIOSMO 348.69 144.97 17.1 A 17
171023.0 171023 0 DIOSMO 341.71 151.08 16.8 A 17
171031.0 171031 0 LITSAC 343.55 154.96 23.5 A 17
171037.0 171037 0 MACHTH 344.21 150.44 38.6 A 17
171048.0 171048 0 DIOSMO 340.75 157 13.7 A 17
171050.0 171050 0 PRUNPH 340.52 158.19 20.8 A 17
171065.0 171065 0 PYRESH 345.46 157.67 25.6 A 17
171068.0 171068 0 LITSAC 349.4 157.17 23.2 A 17
171073.0 171073 0 ELAEJA 345.14 150.51 18.3 A 17
171078.0 171078 0 DIOSMO 345.09 153.24 33.9 A 17
171102.0 171102 0 PYRESH 353.72 155.31 14.2 A 17
171103.0 171103 0 MACHMU 355.01 155.51 28.8 A 17
171108.0 171108 0 MELISQ 355.56 159.14 21.7 A 17
171116.0 171116 0 ILEXFO 359.85 157.44 20 A 17
171120.0 171120 0 DIOSMO 357.37 155.25 14.1 A 17
171138.0 171138 0 LITSAC 351.59 142.03 14 A 17
171141.0 171141 0 MELISQ 351.86 143.63 18.1 A 17
171144.0 171144 0 DIOSMO 350.85 145.39 17.4 A 17
171151.0 171151 0 MICHCO 351.98 147.98 20.7 A 17
171168.0 171168 0 PRUNPH 358.67 143.14 13.1 A 17
171173.0 171173 0 DIOSMO 340.17 162.07 30.6 A 17
171175.0 171175 0 LITSAC 341.49 161.94 14.7 A 17
171185.0 171185 0 PYRESH 344.57 160.74 10.6 A 17
171190.0 171190 0 PYRESH 342.07 165.38 13.3 A 17
171194.0 171194 0 PRUNPH 340.25 169.5 27.2 A 17
171198.0 171198 0 PYRESH 344.88 167.11 15.4 A 17
171200.0 171200 0 DIOSMO 344.81 166.27 30.6 A 17
171211.0 171211 0 GLOCAC 348.14 169.92 9.5 A 17
171213.0 171213 0 CASTCU 349.77 167.03 16.8 A 17
171219.0 171219 0 CASTCU 345.15 164.56 22.9 A 17
171227.0 171227 0 LITSAC 347.18 161.45 12.5 A 17
171240.0 171240 0 LITSAC 342.32 174.2 14.5 A 17
171255.0 171255 0 MACHTH 340.07 178.6 22 A 17
171257.0 171257 0 DIOSMO 341.33 179.16 19.3 A 17
171267.0 171267 0 ELAESY 343.97 175.88 10.8 A 17
171270.0 171270 0 MACHTH 345.04 175.15 42 A 17
171271.0 171271 0 CRYPCH 345.11 175.59 32.8 A 17
171274.0 171274 0 DIOSMO 345.43 179.74 21.2 A 17
171282.0 171282 0 MELISQ 349.65 179.82 16.8 A 17
171291.0 171291 0 CASTCU 345.31 170.88 11.3 A 17
171292.0 171292 0 HELIFO 346.88 171.39 10.2 A 17
171294.0 171294 0 ILEXFI 346.12 173.29 10.8 A 17
171297.0 171297 0 DIOSMO 349.28 172.54 23 A 17
171300.0 171300 0 TRICDU 352.08 172.04 9.8 A 17
171302.0 171302 0 MELISQ 351.02 173.09 22.1 A 17
171320.0 171320 0 CLEYJA 353.79 179.11 13.2 A 17
171326.0 171326 0 PRUNPH 353.97 176.36 15.4 A 17
171330.0 171330 0 LIMLUR 357.34 176.81 31.3 A 17
171333.0 171333 0 MELISQ 355.19 179.85 29.5 A 17
171338.0 171338 0 GLOCAC 359.44 179.55 11.5 A 17
171341.0 171341 0 MACHTH 359.62 177.55 17.8 A 17
171349.0 171349 0 PYRESH 355.87 172.34 20.1 A 17
171352.0 171352 0 ILEXFO 357.08 172.83 9.9 A 17
171354.0 171354 0 MELISQ 357.87 172.19 15.2 A 17
171357.0 171357 0 LIMLUR 350.41 160.42 32.1 A 17
171363.0 171363 0 CYCLGI 352.82 164.75 9.5 A 17
171368.0 171368 0 MELISQ 352.59 161.59 19.7 A 17
171374.0 171374 0 LIMLUR 351.97 169.36 42.7 A 17
171375.0 171375 0 SCHEOC 352.13 169.28 29.7 A 17
171383.0 171383 0 CASTCU 355.69 167.81 12 A 17
171384.0 171384 0 CASTCU 356.29 168.97 10.1 A 17
171391.0 171391 0 PYRESH 359.58 165.75 26.9 A 17
171395.0 171395 0 RANDCO 356.29 161.12 14.5 A 17
171399.0 171399 0 PYRESH 359.75 163.8 15 A 17
171409.0 171409 0 PYRESH 341.05 183.79 10.9 A 17
171411.0 171411 0 HELIFO 341.54 183.35 11.7 A 17
171419.0 171419 0 CASTCU 343.8 181.11 50.4 A 17
171444.0 171444 0 MELISQ 347.56 189 17 A 17
171447.0 171447 0 MELISQ 349.78 189.04 15.1 A 17
171450.0 171450 0 CINNSU 347.99 185.11 17.4 A 17
171478.0 171478 0 DAPHGL 340.97 191.06 18.1 A 17
171484.0 171484 0 PYRESH 341.12 194.29 10.9 A 17
171486.0 171486 0 MELISQ 341.05 194.93 18.8 A 17
171490.0 171490 0 LITSAC 344.41 194.34 14.1 A 17
171494.0 171494 0 CLEYJA 344.57 191.76 21 A 17
171499.0 171499 0 PYRESH 340.9 195.69 18.3 A 17
171504.0 171504 0 MELISQ 341.29 198.52 29.3 A 17
171505.0 171505 0 LIMLUR 340.9 198.5 19.4 A 17
171514.0 171514 0 MACHMU 343.08 198.5 36.1 A 17
171521.0 171521 0 PYRESH 345.76 196.81 17.5 A 17
171531.0 171531 0 CASTCU 349.54 198.53 49.9 A 17
171537.0 171537 0 PYRESH 345.06 193.55 15.4 A 17
171541.0 171541 0 MELISQ 349.51 194.41 26.4 A 17
171545.0 171545 0 ILEXFO 349.71 192.74 9.9 A 17
171548.0 171548 0 RANDCO 347.54 190.95 10.5 A 17
171561.0 171561 0 DIOSMO 350.12 197.24 18.2 A 17
171563.0 171563 0 MACHZU 351.22 198.32 14.8 A 17
171567.0 171567 0 CASTCU 352.79 198.7 11.2 A 17
171576.0 171576 0 LITSAC 355.79 199.33 10.3 A 17
171582.0 171582 0 MELISQ 358.73 198.31 18.2 A 17
171590.0 171590 0 PYRESH 357.22 191.97 20.7 A 17
171591.0 171591 0 LIMLUR 357.82 193.12 29.1 A 17
171592.0 171592 0 LIMLUR 357.12 193.76 44.6 A 17
171596.0 171596 0 ELAESY 355.25 194.56 13 A 17
171615.0 171615 0 MYRSSE 352.65 183.51 11 A 17
171636.0 171636 0 CLEYJA 354.81 186.09 16.3 A 17
171638.0 171638 0 LIMLUR 355.49 185.88 68.7 A 17
171640.0 171640 0 LIMLUR 355.96 186.8 27.3 A 17
171647.0 171647 0 DIOSMO 358.03 189.6 11.8 A 17
171648.0 171648 0 MELISQ 357.92 187.57 13.8 A 17
171649.0 171649 0 ELAEJA 357.52 185.51 9.5 A 17
171653.0 171653 0 MACHTH 356.04 184.81 14.6 A 17
171667.0 171667 0 DIOSMO 358 180.31 18.9 A 17
173869.0 173869 0 MELISQ 340.51 401.52 16.4 A 20
173873.0 173873 0 MACHZU 340.71 403.8 29.8 A 20
173881.0 173881 0 PYRESH 344 404.06 14.5 A 20
173883.0 173883 0 MACHTH 344.51 403.38 15.9 A 20
173891.0 173891 0 LITSAC 342.52 407.33 29.8 A 20
173892.0 173892 0 PRUNPH 340.05 409.94 14.5 A 20
173894.0 173894 0 CASTCU 344.2 409.6 11 A 20
173896.0 173896 0 HELIFO 344.99 409.26 10.3 A 20
173905.0 173905 0 DIOSMO 344.7 405.25 46.4 A 20
173906.0 173906 0 CLEYJA 343.64 405.02 18.2 A 20
173910.0 173910 0 MACHMU 346.26 405.73 13.6 A 20
173912.0 173912 0 MACHTH 348.46 408.72 21.9 A 20
173914.0 173914 0 DIOSMO 345.06 401.87 11.3 A 20
173915.0 173915 0 CRYPCH 345.28 402.07 11.4 A 20
173921.0 173921 0 MELISQ 346.36 404.94 11.4 A 20
173928.0 173928 0 CRYPCH 348.81 404.13 19.6 A 20
173930.0 173930 0 DIOSMO 348.7 403.93 28 A 20
173942.0 173942 0 GLOCAC 340.97 413.65 20.1 A 20
173946.0 173946 0 LITSAC 341.73 415.45 40.3 A 20
173947.0 173947 0 RANDCO 344.51 415.73 13 A 20
173950.0 173950 0 ENGERO 345.38 418.15 11.2 A 20
173958.0 173958 0 MELISQ 347.25 414.34 14 A 20
173965.0 173965 0 PRUNPH 349.79 411.7 11.6 A 20
173971.0 173971 0 SCHEOC 351.78 413.19 16.6 A 20
173976.0 173976 0 CRYPCH 353.01 412.48 11.1 A 20
173988.0 173988 0 SYMPSE 354.04 418.06 28.7 A 20
173989.0 173989 0 LITSAC 355.11 415.54 21.9 A 20
173991.0 173991 0 MACHMU 356.17 417 29 A 20
173993.0 173993 0 HELIFO 355.77 419.95 11.8 A 20
173994.0 173994 0 SCHEOC 357.78 418.99 12.8 A 20
174002.0 174002 0 HELIFO 358.33 410.48 11.3 A 20
174028.0 174028 0 MICHCO 352.58 404.04 17.5 A 20
174035.0 174035 0 PRUNPH 353.96 400.14 13.4 A 20
174041.0 174041 0 LITSAC 350.62 405.29 10 A 20
174042.0 174042 0 MELISQ 350.93 409.1 24.4 A 20
174043.0 174043 0 LIMLUR 352.51 408.6 18.7 A 20
174044.0 174044 0 LITSAC 354.71 409.68 21.7 A 20
174048.0 174048 0 MELISQ 354.21 407.42 13.4 A 20
174049.0 174049 0 CYCLLO 354.2 407.06 9.6 A 20
174050.0 174050 0 MACHMU 353.97 405.12 17.2 A 20
174060.0 174060 0 MACHMU 355.12 409.03 27.6 A 20
174064.0 174064 0 CRYPCH 358.26 407.51 11.7 A 20
174069.0 174069 0 DIOSMO 359.81 405.81 12.3 A 20
174071.0 174071 0 ENGERO 355.16 401.36 13 A 20
174076.0 174076 0 LITSAC 359.52 404.71 20.2 A 20
174080.0 174080 0 CRYPCH 359.59 402.64 33.2 A 20
174082.0 174082 0 MACHMU 343.87 421.76 29.7 A 20
174093.0 174093 0 ENGERO 340.19 433.72 18.1 A 20
174111.0 174111 0 CASTCU 341.36 437.52 16.4 A 20
174112.0 174112 0 LIMLUR 341.74 437.55 77.7 A 20
174113.0 174113 0 MACHTH 344.68 439 22.2 A 20
174119.0 174119 0 MALLJA 345.69 437.24 16.6 A 20
174124.0 174124 0 ENGERO 348.35 438.62 9.7 A 20
174125.0 174125 0 ENGERO 348.56 438.31 12 A 20
174130.0 174130 0 MACHMU 345.99 431.57 19.2 A 20
174132.0 174132 0 PASAHN 345.29 433.96 19.9 A 20
174134.0 174134 0 LITSAC 349.79 432.77 17.2 A 20
174139.0 174139 0 CRYPCH 350.41 435.32 22.4 A 20
174146.0 174146 0 MELISQ 355.16 435.22 33.4 A 20
174147.0 174147 0 HELIFO 351.59 422.06 15.1 A 20
174148.0 174148 0 ITEAPA 353.01 423.04 16.5 A 20
174152.0 174152 0 HELIFO 350.19 428.49 10.8 A 20
174161.0 174161 0 LITSAC 340.52 440.49 11.3 A 20
174165.0 174165 0 MACHMU 341.61 444.67 33.3 A 20
174166.0 174166 0 SCHEOC 343.79 444.06 10.3 A 20
174168.0 174168 0 LINDCO 343.37 440.65 9.7 A 20
174169.0 174169 0 SCHEOC 344.54 441.19 11.3 A 20
174176.0 174176 0 SCHEOC 344.51 448.08 12 A 20
174179.0 174179 0 GLOCAC 349.35 447.99 27.4 A 20
174213.0 174213 0 SCHEOC 346.24 457.23 45.3 A 20
174214.0 174214 0 MACHMU 345.55 457.13 24 A 20
174225.0 174225 0 CLEYJA 345.97 452.84 10.4 A 20
174232.0 174232 0 PASAHN 351.47 453.79 28.3 A 20
174241.0 174241 0 LITSAC 350.9 459.41 10.8 A 20
174243.0 174243 0 LIMLUR 354.57 459.23 44.5 A 20
174248.0 174248 0 SCHEOC 354.1 456.03 10.8 A 20
174283.0 174283 0 MACHMU 356.5 449.87 13.4 A 20
174284.0 174284 0 ENGERO 356.85 448.96 17.8 A 20
174293.0 174293 0 MACHMU 341.29 462.55 13.8 A 20
174297.0 174297 0 MACHTH 340.36 464.5 9.6 A 20
174303.0 174303 0 LITSAC 344.55 463.29 11.2 A 20
174311.0 174311 0 PYRESH 344.45 467.27 22.4 A 20
174325.0 174325 0 MELISQ 347.96 469.21 24.2 A 20
174338.0 174338 0 LITSAC 348.66 466.66 9.8 A 20
174345.0 174345 0 LIMLUR 348.32 465.66 74.9 A 20
174353.0 174353 0 SYMPGL 346.87 464.46 12.3 A 20
174374.0 174374 0 MACHMU 343.9 473.09 11.6 A 20
174384.0 174384 0 CRYPCH 340.36 477.44 41.1 A 20
174386.0 174386 0 DIOSMO 340.14 478.93 46.5 A 20
174400.0 174400 0 LITSAC 346.95 479.2 10.8 A 20
174402.0 174402 0 MELISQ 345.19 479.82 26.1 A 20
174403.0 174403 0 LIMLUR 346.7 479.92 42.7 A 20
174416.0 174416 0 SCHEOC 345.35 474.03 26.8 A 20
174417.0 174417 0 LITSAC 345.29 474.26 16 A 20
174426.0 174426 0 ENGERO 349.54 472.44 14.9 A 20
174430.0 174430 0 LITSAC 348.1 471.94 12.3 A 20
174462.0 174462 0 LIMLUR 350.95 476 80.6 A 20
174483.0 174483 0 MELISQ 355.89 477.47 26.4 A 20
174502.0 174502 0 MELISQ 358.42 476.74 32 A 20
174503.0 174503 0 PRUNPH 358.79 476.36 13.9 A 20
174509.0 174509 0 MACHMU 355.16 470.62 23.6 A 20
174510.0 174510 0 MYRSSE 355.49 470.25 9.5 A 20
174511.0 174511 0 LITSAC 355.66 471.06 10 A 20
174518.0 174518 0 MELISQ 355.36 474.47 34.8 A 20
174539.0 174539 0 TRICDU 353.37 463.93 10.2 A 20
174544.0 174544 0 MACHMU 351.17 465.11 13.8 A 20
174546.0 174546 0 CINNMI 350.76 467.38 65.3 A 20
174569.0 174569 0 ELAEJA 356.19 469.04 28.1 A 20
174570.0 174570 0 ENGERO 355.45 469.36 12.3 A 20
174573.0 174573 0 MELISQ 357.95 469.88 11.5 A 20
174575.0 174575 0 MELISQ 358.98 467.62 23.6 A 20
174580.0 174580 0 LIMLUR 358.84 465.98 24.1 A 20
174596.0 174596 0 ELAEJA 356.81 463.43 10.6 A 20
174600.0 174600 0 DIOSMO 356.7 464.23 12.4 A 20
174601.0 174601 0 MELISQ 357.38 464.03 19 A 20
174607.0 174607 0 MACHTH 359.79 461.43 14.4 A 20
174615.0 174615 0 PYRESH 341.07 482.37 15.8 A 20
174630.0 174630 0 DIOSMO 341.87 486.06 14.5 A 20
174643.0 174643 0 LITSAC 344.41 489 14 A 20
174650.0 174650 0 LITSAC 342.99 485.2 25.1 A 20
174658.0 174658 0 MELISQ 349.45 486.06 16.3 A 20
174661.0 174661 0 DIOSMO 349.69 484.78 27.8 A 20
174664.0 174664 0 PYRESH 348.81 480.48 12.4 A 20
174672.0 174672 0 MACHMU 340.55 494.17 31.1 A 20
174677.0 174677 0 PYRESH 343.13 490.47 21.8 A 20
174678.0 174678 0 ELAEJA 342.27 490.66 16.4 A 20
174680.0 174680 0 LITSAC 342.82 496.49 24.6 A 20
174692.0 174692 0 SCHEOC 346 491.22 53.8 A 20
174696.0 174696 0 MICHCO 346.23 492.44 15.4 A 20
174699.0 174699 0 MACHTH 348.03 494.88 13 A 20
174700.0 174700 0 CRYPCH 348.93 494.97 22.9 A 20
174708.0 174708 0 MELISQ 349.1 492.08 26.3 A 20
174709.0 174709 0 LIMLUR 348.97 490.54 35.2 A 20
174712.0 174712 0 LIMLUR 346.64 492.71 45.8 A 20
174717.0 174717 0 LIMLUR 352.54 491.73 63.3 A 20
174733.0 174733 0 LITSAC 352.3 495.2 23.3 A 20
174751.0 174751 0 MACHTH 358.6 497.47 15.2 A 20
174774.0 174774 0 LIMLUR 359 493.97 50.7 A 20
174796.0 174796 0 LITSAC 350.69 487.78 9.7 A 20
174809.0 174809 0 CASTCU 355.36 487.52 11.7 A 20
174815.0 174815 0 LITSAC 357.54 489.43 11.1 A 20
174825.0 174825 0 LIMLUR 356.17 482.97 47 A 20
174836.0 174836 0 LITSAC 356.34 133.49 23.8 A 17
175039.0 175039 0 LIMLUR 347.25 153.5 19.3 A 17
175583.0 175583 0 HELIFO 352.06 58.23 9.8 A 16
178776.0 178776 0 ELAEJA 341.23 445.65 16.1 A 20
180029.0 180029 0 HELIFO 368.03 0.17 14 A 16
180056.0 180056 0 LIMLUR 371.53 12.5 33.9 A 16
180058.0 180058 0 DIOSMO 371.99 12.47 30 A 16
180061.0 180061 0 LITSAC 373.93 12.55 11.8 A 16
180086.0 180086 0 CLEYJA 377.22 14.73 17.9 A 16
180087.0 180087 0 CASTCU 377.71 14.41 34 A 16
180093.0 180093 0 MACHMU 374.58 0.65 12.5 A 16
180106.0 180106 0 MELISQ 373.97 5.41 29.8 A 16
180107.0 180107 0 CASTCU 377.45 5.41 47.3 A 16
180114.0 180114 0 HELIFO 378.35 8.01 12.5 A 16
180118.0 180118 0 LIMLUR 360.82 20.78 64.4 A 16
180129.0 180129 0 HELIFO 361.06 28.05 10.7 A 16
180133.0 180133 0 LIMLUR 364.72 29.9 129 A 16
180139.0 180139 0 LAGESU 365.21 25.22 34.2 A 16
180143.0 180143 0 HELIFO 365.46 28.11 10.3 A 16
180151.0 180151 0 HELIFO 365.99 23.56 10.8 A 16
180155.0 180155 0 HELIFO 368.93 21.06 14.7 A 16
180159.0 180159 0 HELIFO 361.05 32.08 11.8 A 16
180178.0 180178 0 HELIFO 367.39 38.84 10.6 A 16
180179.0 180179 0 HELIFO 367.61 39 15.2 A 16
180187.0 180187 0 HELIFO 365.33 32.06 12.6 A 16
180192.0 180192 0 HELIFO 369.23 33.06 13.9 A 16
180193.0 180193 0 HELIFO 369.3 31.99 10.2 A 16
180205.0 180205 0 SCHEOC 370.07 30.27 10.3 A 16
180211.0 180211 0 HELIFO 371 39.5 13.8 A 16
180218.0 180218 0 HELIFO 376.63 39.37 10.1 A 16
180219.0 180219 0 HELIFO 378.9 39.06 17.8 A 16
180228.0 180228 0 HELIFO 379.17 33.15 11.6 A 16
180243.0 180243 0 HELIFO 370.45 27.75 10.3 A 16
180248.0 180248 0 HELIFO 378.96 26.1 12.8 A 16
180249.0 180249 0 CLEYJA 375.86 21.82 11.8 A 16
180259.0 180259 0 MACHTH 360.21 45.45 26.1 A 16
180281.0 180281 0 HELIFO 365.87 41.32 9.7 A 16
180285.0 180285 0 SCHEOC 369.59 41.6 25.6 A 16
180286.0 180286 0 GLOCAC 368.08 41.52 34.3 A 16
180288.0 180288 0 HELIFO 368.66 40.99 9.5 A 16
180293.0 180293 0 LAGESU 361.98 54.95 16.4 A 16
180297.0 180297 0 MACHMU 364.45 54.48 10.7 A 16
180304.0 180304 0 HELIFO 360.21 56.52 14 A 16
180306.0 180306 0 LIMLUR 364.58 59.48 104.4 A 16
180314.0 180314 0 HELIFO 367.62 59.61 11 A 16
180326.0 180326 0 HELIFO 368.3 51.82 15.1 A 16
180333.0 180333 0 LITSAC 368.83 54.85 32.9 A 16
180342.0 180342 0 HELIFO 370.66 53.7 10.1 A 16
180356.0 180356 0 HELIFO 374.88 59.88 16.5 A 16
180363.0 180363 0 HELIFO 375.33 54.74 15.5 A 16
180373.0 180373 0 HELIFO 374.88 43.06 11 A 16
180380.0 180380 0 HELIFO 370.09 46.02 10.9 A 16
180386.0 180386 0 PASAHN 374.84 48.99 25.3 A 16
180387.0 180387 0 HELIFO 374.91 46.36 13.1 A 16
180388.0 180388 0 SCHEOC 375.86 45.46 11.3 A 16
180392.0 180392 0 HELIFO 376.71 47.69 11 A 16
180398.0 180398 0 HELIFO 377.99 42.1 16.1 A 16
180401.0 180401 0 HELIFO 360.05 62.69 10.4 A 16
180403.0 180403 0 CINNMI 364.26 64.56 45.6 A 16
180406.0 180406 0 HELIFO 363.45 62.07 12.3 A 16
180412.0 180412 0 HELIFO 365.11 66.26 16.5 A 16
180419.0 180419 0 HELIFO 369.06 65.81 10 A 16
180431.0 180431 0 CYCLGI 360.99 77.61 14.9 A 16
180435.0 180435 0 HELIFO 362.92 79.23 9.6 A 16
180440.0 180440 0 LIMLUR 364.51 77.88 57.5 A 16
180441.0 180441 0 ELAEJA 364.6 77.79 9.8 A 16
180447.0 180447 0 ILEXFO 366.31 79.38 10.2 A 16
180458.0 180458 0 HELIFO 371.76 75.12 14.5 A 16
180461.0 180461 0 HELIFO 377.7 71.4 9.5 A 16
180462.0 180462 0 MACHTH 370.31 60.45 12 A 16
180466.0 180466 0 DIOSMO 370.11 63.87 39.3 A 16
180468.0 180468 0 PRUNPH 370.9 65.99 21.8 A 16
180470.0 180470 0 HELIFO 370.92 67.31 9.7 A 16
180471.0 180471 0 LIMLUR 372.65 67.38 11.8 A 16
180475.0 180475 0 CYCLGI 375.69 66.02 23.7 A 16
180485.0 180485 0 SYMPGL 364.43 82.31 9.9 A 16
180486.0 180486 0 HELIFO 363.74 80.34 11.7 A 16
180496.0 180496 0 HELIFO 362.72 88.01 9.6 A 16
180508.0 180508 0 MACHMU 369.28 88.87 18.9 A 16
180510.0 180510 0 HELIFO 369.03 87.72 9.8 A 16
180515.0 180515 0 RANDCO 366.46 82.5 10.9 A 16
180517.0 180517 0 HELIFO 368.88 84.19 10.7 A 16
180521.0 180521 0 MACHTH 360.49 90.69 20 A 16
180522.0 180522 0 MELISQ 360.65 92.08 21.9 A 16
180523.0 180523 0 HELIFO 361.77 91.94 9.9 A 16
180560.0 180560 0 LIMLUR 366.88 92.99 38 A 16
180572.0 180572 0 MACHMU 374.54 94.81 20.6 A 16
180576.0 180576 0 HELIFO 370.09 96.86 11.2 A 16
180577.0 180577 0 HELIFO 373.03 99.01 10.2 A 16
180591.0 180591 0 CASTCU 379.23 95.32 13.6 A 16
180601.0 180601 0 MICHCO 379.84 90.69 18.3 A 16
180605.0 180605 0 PRUNPH 371.27 84.43 21.9 A 16
180606.0 180606 0 MACHZU 374.08 84.02 17.3 A 16
180618.0 180618 0 HELIFO 372.88 89.14 9.8 A 16
180630.0 180630 0 LITSAC 377.58 89.11 28.4 A 16
180633.0 180633 0 LITSAC 379.51 86.05 28.8 A 16
180641.0 180641 0 MACHZU 361.98 100.57 13.7 A 17
180645.0 180645 0 ELAEJA 363.57 104.09 34.3 A 17
180658.0 180658 0 MELISQ 362.36 109.86 23.3 A 17
180664.0 180664 0 CASTCU 366.26 105.49 49 A 17
180669.0 180669 0 PYRESH 365.7 109.77 22.2 A 17
180673.0 180673 0 LITSAC 365.85 101.9 13 A 17
180688.0 180688 0 MELISQ 361.34 113.09 17.1 A 17
180696.0 180696 0 LIMLUR 364.67 114.12 58.8 A 17
180718.0 180718 0 MACHMU 366.97 117.3 34.2 A 17
180721.0 180721 0 LITSAC 365.72 119.55 39.2 A 17
180725.0 180725 0 LITSAC 365.69 110.81 37.8 A 17
180742.0 180742 0 PYRESH 370.63 111.74 14.6 A 17
180762.0 180762 0 PYRESH 374.55 116.73 22.4 A 17
180766.0 180766 0 LIMLUR 375.38 117.51 30.2 A 17
180776.0 180776 0 MELISQ 376.74 110.88 32 A 17
180778.0 180778 0 MACHZU 375.69 112.81 36 A 17
180786.0 180786 0 LIMLUR 378.47 110.64 50.4 A 17
180795.0 180795 0 LIMLUR 371.03 102.31 36.4 A 17
180797.0 180797 0 HELIFO 370.68 106.69 10 A 17
180808.0 180808 0 ENGERO 375.93 106.02 12 A 17
180821.0 180821 0 PRUNPH 361.84 123.85 9.8 A 17
180824.0 180824 0 DIOSMO 363.97 120.98 42.3 A 17
180829.0 180829 0 PYRESH 363.29 129.07 18.2 A 17
180841.0 180841 0 LITSAC 363.19 134.19 28 A 17
180848.0 180848 0 MACHMU 360.71 136.35 25.8 A 17
180850.0 180850 0 LITSAC 360.39 139.43 21.9 A 17
180856.0 180856 0 ILEXFO 363.6 137.86 10.2 A 17
180861.0 180861 0 CRYPCH 365.9 138.23 19.2 A 17
180868.0 180868 0 MELISQ 365.33 130.71 16.6 A 17
180872.0 180872 0 MACHMU 366.34 134.75 18.3 A 17
180884.0 180884 0 SYMPTH 374.13 130.58 21.7 A 17
180893.0 180893 0 CLEYJA 374.37 139.78 19.7 A 17
180894.0 180894 0 MACHTH 374.01 137.08 23.7 A 17
180920.0 180920 0 MACHMU 375.38 132.89 17.4 A 17
180935.0 180935 0 HELIFO 372.95 122.07 12.6 A 17
180941.0 180941 0 LIMLUR 374.95 129.48 40.8 A 17
180950.0 180950 0 CLEYJA 378.5 127.69 18.6 A 17
180958.0 180958 0 LIMLUR 375.35 124.06 55.8 A 17
180961.0 180961 0 CLEYJA 379.28 121.03 12.1 A 17
180965.0 180965 0 MELISQ 362.15 140.61 16.7 A 17
180969.0 180969 0 LITSAC 360.96 144.44 9.8 A 17
180970.0 180970 0 MACHMU 360.21 147.07 11.2 A 17
180994.0 180994 0 MELISQ 365.16 144.87 31.5 A 17
181002.0 181002 0 LIMLUR 361.09 150.13 49.6 A 17
181017.0 181017 0 LIMLUR 364.75 159.48 44.8 A 17
181018.0 181018 0 SCHEOC 362.98 158.9 19.8 A 17
181028.0 181028 0 GLOCAC 368.77 159.37 27 A 17
181029.0 181029 0 PYRESH 368.76 159.65 17.8 A 17
181040.0 181040 0 TRICDU 368.69 151.08 11.5 A 17
181044.0 181044 0 MACHTH 371.86 153.93 28.5 A 17
181045.0 181045 0 MELISQ 372.88 154.61 15.6 A 17
181053.0 181053 0 CLEYJA 373.84 151.55 28.2 A 17
181063.0 181063 0 PYRESH 373.25 157.64 16.9 A 17
181074.0 181074 0 DIOSMO 375.85 157.41 25.5 A 17
181081.0 181081 0 LIMLUR 375.95 154.14 57.7 A 17
181091.0 181091 0 GLOCAC 377.75 151.19 17.4 A 17
181102.0 181102 0 LIMLUR 371.98 142.84 119.5 A 17
181137.0 181137 0 MELISQ 375.16 148.05 9.9 A 17
181151.0 181151 0 MELISQ 377.15 147.34 22.4 A 17
181175.0 181175 0 HELIFO 377.52 140.78 11.3 A 17
181181.0 181181 0 MELISQ 366.98 152.64 11.6 A 17
181187.0 181187 0 HELIFO 360.21 162.17 10.8 A 17
181191.0 181191 0 MELISQ 363.83 162.55 14.7 A 17
181198.0 181198 0 CASTCU 360.14 165.96 10.2 A 17
181203.0 181203 0 CLEYJA 363.6 168.5 10.2 A 17
181211.0 181211 0 CRYPCH 366.29 166.39 29.9 A 17
181217.0 181217 0 CASTCU 367.46 168.59 52.3 A 17
181244.0 181244 0 MACHTH 360.96 174.06 37.8 A 17
181253.0 181253 0 LITSAC 363.05 173.66 29 A 17
181259.0 181259 0 LIMLUR 364.13 172.61 17.9 A 17
181277.0 181277 0 CLEYJA 361.76 178.26 12.7 A 17
181292.0 181292 0 LIMLUR 365.46 178.08 31.6 A 17
181298.0 181298 0 RANDCO 368.22 178.97 12.9 A 17
181305.0 181305 0 DIOSMO 369.55 176.02 14 A 17
181319.0 181319 0 LITSAC 369.45 171.94 12.2 A 17
181343.0 181343 0 ELAEJA 372.76 173.11 30.1 A 17
181346.0 181346 0 LIMLUR 370.71 175.49 39.8 A 17
181351.0 181351 0 CASTCU 370.62 179.75 28.4 A 17
181364.0 181364 0 MYRSSE 373.9 176.1 10.8 A 17
181369.0 181369 0 PYRESH 375.19 176.44 24.6 A 17
181371.0 181371 0 LIMLUR 375.56 179.23 45.7 A 17
181392.0 181392 0 MELISQ 378.77 171.45 17.8 A 17
181401.0 181401 0 CLEYJA 374.94 163.55 19.7 A 17
181405.0 181405 0 LIMLUR 374.37 162 70.1 A 17
181407.0 181407 0 PYRESH 374.03 161.72 11 A 17
181416.0 181416 0 MELISQ 370.51 168.5 13.8 A 17
181421.0 181421 0 MYRSSE 372.45 169.31 11.9 A 17
181422.0 181422 0 CINNAU 373.12 169.09 16 A 17
181444.0 181444 0 SYMPGL 375.14 166.8 13.4 A 17
181454.0 181454 0 CRYPCH 377.73 167.14 9.5 A 17
181455.0 181455 0 CRYPCH 378.66 166.56 12.3 A 17
181458.0 181458 0 MELISQ 375.26 162.37 12.3 A 17
181462.0 181462 0 MELISQ 375.93 162.24 14.4 A 17
181477.0 181477 0 LITSAC 361.19 181.64 10.8 A 17
181489.0 181489 0 MELISQ 364.87 184.2 26.7 A 17
181509.0 181509 0 MACHTH 363.79 189.47 29.7 A 17
181510.0 181510 0 ELAESY 362.69 188.57 11.5 A 17
181527.0 181527 0 LITSAC 364.37 186.2 12 A 17
181551.0 181551 0 LIMLUR 366.41 181.49 45.6 A 17
181559.0 181559 0 PRUNPH 368.83 184.95 18 A 17
181564.0 181564 0 MELISQ 368.98 183.85 22.4 A 17
181583.0 181583 0 SYMPTH 361.95 192.88 12.2 A 17
181584.0 181584 0 LITSAC 360.17 193.86 12.2 A 17
181601.0 181601 0 DIOSMO 363.69 192.26 14.4 A 17
181608.0 181608 0 LITSAC 362.03 199.19 31.2 A 17
181617.0 181617 0 MELISQ 364.91 196.2 16.6 A 17
181637.0 181637 0 LINDCO 367.46 195.31 10.3 A 17
181639.0 181639 0 LIMLUR 365.36 190.44 51.5 A 17
181640.0 181640 0 LITSAC 365.08 192.27 12.2 A 17
181645.0 181645 0 ENGERO 365.53 193.21 12.2 A 17
181648.0 181648 0 GLOCAC 366.39 194.64 19.4 A 17
181670.0 181670 0 LIMLUR 371.19 194.3 57.9 A 17
181691.0 181691 0 CLEYJA 373.84 190.92 15 A 17
181692.0 181692 0 MACHTH 370.35 195.29 17.3 A 17
181693.0 181693 0 MELISQ 371 195.95 19.1 A 17
181707.0 181707 0 MACHMU 375.28 195.99 13.3 A 17
181712.0 181712 0 CINNMI 375.42 199.36 10.6 A 17
181741.0 181741 0 PYRESH 378.25 190.69 22.2 A 17
181752.0 181752 0 PRUNPH 372.69 181.03 18.9 A 17
181756.0 181756 0 LITSAC 370.51 185.42 24.3 A 17
181783.0 181783 0 CASTCU 375.22 185.79 10.9 A 17
181792.0 181792 0 MELISQ 379.38 187.24 24.6 A 17
181796.0 181796 0 LITSAC 376.07 180.47 17 A 17
183914.0 183914 0 CRYPCH 363.89 403.56 9.5 A 20
183929.0 183929 0 LITSAC 360.45 406.54 32.4 A 20
183935.0 183935 0 PYRESH 363.94 407.51 13.3 A 20
183946.0 183946 0 CASTCU 366.88 405.34 29.8 A 20
183956.0 183956 0 MACHTH 365.39 401.12 35.9 A 20
183966.0 183966 0 PYRESH 365.29 404.7 20.5 A 20
183980.0 183980 0 PYRESH 364.47 414.23 19.9 A 20
183984.0 183984 0 MELISQ 364.77 410.22 23.7 A 20
183987.0 183987 0 LIMLUR 360.49 417.91 64.1 A 20
183996.0 183996 0 CLEYJA 365.41 415.81 18.1 A 20
184007.0 184007 0 PYRESH 368.43 415.17 26.3 A 20
184024.0 184024 0 LITSAC 371.47 418.9 24 A 20
184026.0 184026 0 MELISQ 373.49 417.69 19.3 A 20
184030.0 184030 0 PYRESH 375.76 416.25 20 A 20
184032.0 184032 0 PYRESH 378.81 418.82 15.7 A 20
184041.0 184041 0 MELISQ 370.14 400.27 11.1 A 20
184053.0 184053 0 PYRESH 372.47 400.69 13.9 A 20
184058.0 184058 0 MACHTH 371.43 408.82 19.8 A 20
184067.0 184067 0 CINNMI 374.61 406.67 32.3 A 20
184069.0 184069 0 MACHMU 375.8 405.86 22.6 A 20
184070.0 184070 0 ENGERO 375.02 406.86 22.9 A 20
184076.0 184076 0 MACHTH 379.17 408.42 18.1 A 20
184084.0 184084 0 MACHTH 375.83 402.21 22.6 A 20
184085.0 184085 0 LITSAC 376.53 402.37 30.7 A 20
184102.0 184102 0 MACHMU 360.52 426.73 12.2 A 20
184103.0 184103 0 GLOCAC 363.46 429.3 17.2 A 20
184104.0 184104 0 HELIFO 363.01 424.83 11.1 A 20
184108.0 184108 0 MACHMU 367.08 422.75 48 A 20
184117.0 184117 0 CASTCU 360.56 434.95 75.3 A 20
184123.0 184123 0 CLEYJA 364.4 431.08 10.1 A 20
184129.0 184129 0 MACHMU 367.02 437.17 27.2 A 20
184140.0 184140 0 HELIFO 371.09 432.01 13.9 A 20
184156.0 184156 0 GLOCAC 375.7 435.75 16.9 A 20
184157.0 184157 0 CYCLGI 375.56 435.82 24.1 A 20
184158.0 184158 0 ENGERO 375.06 436.52 9.5 A 20
184170.0 184170 0 PYRESH 378.86 437.3 20.9 A 20
184171.0 184171 0 MELISQ 378.36 435.38 26.8 A 20
184184.0 184184 0 TRICDU 374.35 423.92 13.4 A 20
184190.0 184190 0 HELIFO 373.05 425.2 11.3 A 20
184195.0 184195 0 CRYPCH 376.94 422.8 23.7 A 20
184198.0 184198 0 LITSAC 361.74 442.87 10.3 A 20
184202.0 184202 0 SYMPSE 364.75 443.59 17.8 A 20
184204.0 184204 0 LIMLUR 360.51 445.27 31.1 A 20
184205.0 184205 0 LIMLUR 360.78 445.71 33 A 20
184208.0 184208 0 LITSAC 361.49 447.89 23.2 A 20
184223.0 184223 0 CINNAU 366.77 445.17 20.9 A 20
184225.0 184225 0 MELISQ 367.18 447.1 10.5 A 20
184226.0 184226 0 SYMPGL 368.23 446.46 23.3 A 20
184241.0 184241 0 CASTCU 367.62 444.5 14.1 A 20
184249.0 184249 0 MACHZU 369.78 440.61 10.4 A 20
184252.0 184252 0 DIOSMO 360.35 454.03 28.7 A 20
184256.0 184256 0 MACHTH 362.1 451.55 51.9 A 20
184265.0 184265 0 LITSAC 360.46 458.04 12.3 A 20
184271.0 184271 0 PYRESH 362.98 459.84 26.3 A 20
184279.0 184279 0 SCHEOC 364.77 458.02 10.3 A 20
184293.0 184293 0 PRUNPH 363.62 455.32 16 A 20
184299.0 184299 0 MACHTH 365.19 457.5 39.6 A 20
184308.0 184308 0 CINNAU 367.56 459.71 10.4 A 20
184315.0 184315 0 MACHTH 368.57 459.51 15 A 20
184316.0 184316 0 LIMLUR 368.76 459.1 25.3 A 20
184320.0 184320 0 CRYPCH 368.62 458.18 12.9 A 20
184332.0 184332 0 LITSAC 368.05 453.97 12 A 20
184335.0 184335 0 SCHEOC 368.59 453.09 22.2 A 20
184339.0 184339 0 MACHMU 368.43 450.98 13 A 20
184345.0 184345 0 MYRSSE 371.12 452.31 14.5 A 20
184353.0 184353 0 MYRSSE 372.2 454.07 9.8 A 20
184354.0 184354 0 MELISQ 371.84 454.7 9.7 A 20
184361.0 184361 0 LIMLUR 370.96 455.86 43.6 A 20
184366.0 184366 0 LITSAC 371.19 455.56 17.9 A 20
184375.0 184375 0 LITSAC 373.28 459.6 15.7 A 20
184384.0 184384 0 CASTCU 376.24 456.52 55.4 A 20
184396.0 184396 0 MICHCO 378.15 459 9.6 A 20
184402.0 184402 0 PRUNPH 376.68 451.06 10.3 A 20
184404.0 184404 0 MYRSSE 375.68 451.97 20.1 A 20
184406.0 184406 0 MACHTH 376.23 452.94 11.9 A 20
184426.0 184426 0 MELISQ 379.72 452.72 22.2 A 20
184440.0 184440 0 ENGERO 372.47 444.88 11.8 A 20
184450.0 184450 0 LITSAC 370.42 447.28 18.2 A 20
184452.0 184452 0 PYRESH 371.88 448.21 13.2 A 20
184460.0 184460 0 MACHZU 374.62 447.44 25.7 A 20
184465.0 184465 0 CINNAU 376.41 447.74 9.9 A 20
184470.0 184470 0 PYRESH 375.35 449.67 14.9 A 20
184475.0 184475 0 MELISQ 378.63 449.14 21 A 20
184479.0 184479 0 CINNAU 379.13 447.21 25.8 A 20
184482.0 184482 0 CINNAU 378.67 445.22 12.1 A 20
184492.0 184492 0 PRUNPH 377.85 444.4 11.8 A 20
184536.0 184536 0 LITSAC 364.35 462.81 12.9 A 20
184537.0 184537 0 CASTCU 364.72 463.08 54.4 A 20
184555.0 184555 0 PYRESH 361.97 465.55 24.4 A 20
184574.0 184574 0 LITSAC 362.55 467.3 13 A 20
184591.0 184591 0 CINNAU 369.13 466.02 9.5 A 20
184594.0 184594 0 MACHMU 367.95 465.92 10.2 A 20
184643.0 184643 0 MELISQ 361.32 471.23 19.8 A 20
184661.0 184661 0 CLEYJA 363.97 472.8 20.1 A 20
184678.0 184678 0 ENGERO 361.33 478.77 10.2 A 20
184697.0 184697 0 DIOSMO 368.93 478.54 15.4 A 20
184702.0 184702 0 CINNMI 366.98 472.97 69.4 A 20
184729.0 184729 0 PYRESH 371.24 476.57 19.1 A 20
184746.0 184746 0 MELISQ 377.81 471.08 23.6 A 20
184751.0 184751 0 MELISQ 375.48 472.01 20.9 A 20
184754.0 184754 0 PYRESH 377.11 474.03 20.4 A 20
184788.0 184788 0 MELISQ 374.71 462.44 28.5 A 20
184795.0 184795 0 DIOSMO 371.56 465.1 15 A 20
184799.0 184799 0 PYRESH 372.38 466.2 19.9 A 20
184845.0 184845 0 MELISQ 360.82 482.06 27.6 A 20
184846.0 184846 0 ENGERO 361.47 483.06 11.2 A 20
184866.0 184866 0 MELISQ 361.19 487.37 10.8 A 20
184870.0 184870 0 MELISQ 361.54 489.16 22.2 A 20
184872.0 184872 0 MELISQ 364.26 488.62 19.8 A 20
184874.0 184874 0 MACHTH 362.33 485.99 37.3 A 20
184882.0 184882 0 CINNAU 367.68 486.64 19.5 A 20
184884.0 184884 0 RANDCO 369.84 487.69 9.8 A 20
184885.0 184885 0 SCHEOC 369.86 487.31 11.9 A 20
184886.0 184886 0 LIMLUR 365.43 481.05 31.1 A 20
184887.0 184887 0 RANDCO 365.28 481.32 11.3 A 20
184903.0 184903 0 MELISQ 361.78 491.62 14.2 A 20
184908.0 184908 0 MELISQ 362 493.6 19.4 A 20
184925.0 184925 0 CASTCU 363.91 496.98 40.5 A 20
184931.0 184931 0 MELISQ 366.95 495.22 31 A 20
184935.0 184935 0 PRUNPH 368.98 495.2 33.5 A 20
184940.0 184940 0 MACHTH 368.9 498.02 45 A 20
184944.0 184944 0 MELISQ 366.53 491.42 27.8 A 20
184949.0 184949 0 HELIFO 367.73 494.17 11 A 20
184953.0 184953 0 MELISQ 369.21 494.39 16.9 A 20
184976.0 184976 0 MACHTH 372.68 496.43 24.6 A 20
184984.0 184984 0 MACHTH 378.56 497.5 34.9 A 20
184991.0 184991 0 MACHTH 377.34 493.06 24.2 A 20
184994.0 184994 0 MELISQ 378.03 490.66 18.8 A 20
184995.0 184995 0 CINNMI 379.92 491.24 16.4 A 20
185000.0 185000 0 PYRESH 370.18 481.09 11.5 A 20
185002.0 185002 0 LITSAC 370.39 481.8 24.6 A 20
185010.0 185010 0 CASTCU 372.39 484.2 61.3 A 20
185019.0 185019 0 CASTCU 373.91 480.81 47.1 A 20
185042.0 185042 0 DIOSMO 375.28 489 28 A 20
185044.0 185044 0 MELISQ 376.5 489.7 40.5 A 20
185063.0 185063 0 MELISQ 377.46 486.88 12.3 A 20
185071.0 185071 0 LIMLUR 378.88 484.96 13 A 20
185082.0 185082 0 RHUSSU 374.29 11.91 21 A 16
185223.0 185223 0 DIOSMO 361.56 178.22 20.5 A 17
185235.0 185235 0 ALNIPT 378.34 166.46 10.5 A 17
185928.0 185928 0 HELIFO 366 41.3 12.8 A 16
190007.0 190007 0 LITSAC 380.35 6.71 18.8 A 16
190016.0 190016 0 CASTCU 383.67 9.85 38 A 16
190024.0 190024 0 GLOCAC 386.68 8.92 17.1 A 16
190028.0 190028 0 PASAHR 385.76 3.75 34.7 A 16
190029.0 190029 0 LITSAC 386.33 4.73 16.8 A 16
190030.0 190030 0 PASAHN 388.23 4.93 14.4 A 16
190032.0 190032 0 LITSAC 389.84 4.98 16.1 A 16
190039.0 190039 0 MACHTH 382.55 12.4 64.1 A 16
190049.0 190049 0 MELISQ 384.65 16.88 19.3 A 16
190065.0 190065 0 CASTCU 391.1 11.25 25.5 A 16
190080.0 190080 0 LIMLUR 397.05 17.42 26.3 A 16
190087.0 190087 0 CLEYJA 397.31 15.12 10.7 A 16
190092.0 190092 0 PASAHN 397.82 11.53 17.2 A 16
190100.0 190100 0 LAGESU 392.37 4.07 25.5 A 16
190102.0 190102 0 HELIFO 394.06 4.56 15.1 A 16
190104.0 190104 0 MACHTH 398.42 9.31 58.2 A 16
190121.0 190121 0 LITSAC 384.04 29.75 12.9 A 16
190129.0 190129 0 LIMLUR 386.94 26.03 32.5 A 16
190137.0 190137 0 HELIFO 387.93 22.08 13.1 A 16
190146.0 190146 0 HELIFO 383.01 38.99 10.8 A 16
190147.0 190147 0 HELIFO 384.01 39.92 17.8 A 16
190160.0 190160 0 LIMLUR 386.06 34.07 101.5 A 16
190167.0 190167 0 HELIFO 389.68 31.47 10.9 A 16
190170.0 190170 0 GLOCAC 392.93 33.83 17.2 A 16
190174.0 190174 0 MACHTH 391.87 36.69 48.3 A 16
190180.0 190180 0 LITSAC 394.16 39.33 25.2 A 16
190182.0 190182 0 HELIFO 394.94 36.09 11.8 A 16
190188.0 190188 0 LITSAC 399.71 39.71 18.8 A 16
190195.0 190195 0 HELIFO 392.48 21.39 9.9 A 16
190200.0 190200 0 RANDCO 390.99 26.02 10.5 A 16
190207.0 190207 0 LITSAC 395.24 25.28 38.5 A 16
190216.0 190216 0 PYRESH 395.86 22.13 31.8 A 16
190219.0 190219 0 LITSAC 398.77 21.25 33.6 A 16
190228.0 190228 0 HELIFO 382 49.02 17.3 A 16
190229.0 190229 0 HELIFO 385.66 45.15 14.9 A 16
190230.0 190230 0 GLOCAC 386.78 47.71 28.2 A 16
190231.0 190231 0 RHUSSU 386.73 47.92 13.5 A 16
190232.0 190232 0 HELIFO 387.04 47.48 11 A 16
190237.0 190237 0 HELIFO 388.84 49.23 11.6 A 16
190267.0 190267 0 GLOCAC 386.98 58.99 11.1 A 16
190277.0 190277 0 LIMLUR 390.99 54.04 74.2 A 16
190282.0 190282 0 HELIFO 394.01 52.6 9.7 A 16
190285.0 190285 0 HELIFO 390.82 55.79 12.1 A 16
190293.0 190293 0 CLEYJA 396.98 58.99 13.8 A 16
190299.0 190299 0 LITSAC 395.11 52.53 14.9 A 16
190324.0 190324 0 MACHZU 396.91 49.03 10.7 A 16
190325.0 190325 0 MACHTH 398.06 48.02 10.7 A 16
190326.0 190326 0 LITSAC 398.32 48.99 13.2 A 16
190330.0 190330 0 HELIFO 397.21 46.35 9.6 A 16
190332.0 190332 0 CASTCU 395.83 40.91 37.3 A 16
190334.0 190334 0 HELIFO 396.27 42.38 9.8 A 16
190344.0 190344 0 MACHTH 399.3 41.05 13.6 A 16
190358.0 190358 0 SCHEOC 384.07 60.18 30.8 A 16
190367.0 190367 0 LITSAC 383.87 67.3 27.7 A 16
190382.0 190382 0 LIMLUR 386.46 65.29 51.8 A 16
190391.0 190391 0 MELISQ 386.58 61.7 10.3 A 16
190400.0 190400 0 LIMLUR 382.07 73.53 130.9 A 16
190413.0 190413 0 DIOSMO 383.72 73.21 15.9 A 16
190416.0 190416 0 SCHEOC 380.71 78.29 10.4 A 16
190425.0 190425 0 HELIFO 382.28 79.91 14.1 A 16
190431.0 190431 0 TRICDU 386.75 72.82 13.9 A 16
190435.0 190435 0 CRYPCH 388.79 72.18 15.1 A 16
190443.0 190443 0 HELIFO 394.55 75.17 11.6 A 16
190450.0 190450 0 LAGESU 397.24 78.57 17.6 A 16
190454.0 190454 0 MACHTH 396.29 70.22 15.2 A 16
190458.0 190458 0 HELIFO 394 63.56 15.7 A 16
190460.0 190460 0 HELIFO 390.63 67.03 10 A 16
190466.0 190466 0 MACHTH 394.48 68.52 18.8 A 16
190475.0 190475 0 HELIFO 397.37 65.15 13.9 A 16
190481.0 190481 0 CLEYJA 398.73 61.37 9.8 A 16
190490.0 190490 0 ELAESY 380.44 86.97 11.2 A 16
190494.0 190494 0 HELIFO 380.38 89.84 10.4 A 16
190496.0 190496 0 HELIFO 383.6 89.28 10.9 A 16
190500.0 190500 0 HELIFO 385.62 87.62 9.6 A 16
190506.0 190506 0 PASAHN 385.68 89.57 15.7 A 16
190516.0 190516 0 ELAEJA 381.02 94.78 11.8 A 16
190518.0 190518 0 LIMLUR 383.99 94.95 20.4 A 16
190520.0 190520 0 CRYPCH 384.72 93.77 15.6 A 16
190531.0 190531 0 MACHTH 381.98 99.4 12.7 A 16
190532.0 190532 0 HELIFO 384.45 99.14 10.4 A 16
190533.0 190533 0 MACHTH 388.93 99 21 A 16
190539.0 190539 0 DIOSMO 386.3 95.04 37.5 A 16
190543.0 190543 0 ELAEJA 388.88 93.14 13.6 A 16
190544.0 190544 0 HELIFO 389.84 92.37 13.4 A 16
190546.0 190546 0 LAGESU 391.57 90.48 17.9 A 16
190557.0 190557 0 LITSAC 399.21 98.26 10.7 A 16
190558.0 190558 0 LAGESU 399.21 97.79 21.3 A 16
190559.0 190559 0 LAGESU 399.89 97.64 11.2 A 16
190570.0 190570 0 HELIFO 393.56 84.53 12.3 A 16
190575.0 190575 0 DIOSMO 399.62 85.27 25.9 A 16
190576.0 190576 0 LAGESU 395.97 80.58 32.2 A 16
190584.0 190584 0 HELIFO 380.51 101.06 9.7 A 17
190596.0 190596 0 HELIFO 383.99 100.52 14.7 A 17
190597.0 190597 0 DIOSMO 380.99 105.41 31.8 A 17
190607.0 190607 0 SCHEOC 384.38 109.85 10.2 A 17
190612.0 190612 0 MACHTH 383.62 107.75 29.6 A 17
190613.0 190613 0 HELIFO 383.7 106.33 11 A 17
190620.0 190620 0 HELIFO 385.56 100.2 13.1 A 17
190628.0 190628 0 HELIFO 388.88 100.48 14.7 A 17
190629.0 190629 0 LITSAC 388.15 100.42 10.3 A 17
190630.0 190630 0 HELIFO 388.15 101.69 12 A 17
190640.0 190640 0 CINNSU 382.61 114.26 23.2 A 17
190662.0 190662 0 LITSAC 382.17 116.12 13.8 A 17
190663.0 190663 0 DIOSMO 382.35 116.35 24.6 A 17
190668.0 190668 0 MELISQ 385.73 116.9 13.4 A 17
190689.0 190689 0 GLOCAC 390.96 115.51 25.9 A 17
190695.0 190695 0 CASTCU 394.3 115.24 18.2 A 17
190700.0 190700 0 HELIFO 395.65 118.5 11.8 A 17
190712.0 190712 0 DIOSMO 397.46 115.15 30.5 A 17
190716.0 190716 0 PYRESH 396.57 111.45 17.2 A 17
190738.0 190738 0 MICHCO 394.26 105.46 42.7 A 17
190742.0 190742 0 MACHTH 396.71 108.13 30.1 A 17
190749.0 190749 0 PYRESH 399.44 105.34 14.5 A 17
190753.0 190753 0 ADINFO 397.27 100.3 10.6 A 17
190754.0 190754 0 HELIFO 395.65 104.09 13 A 17
190761.0 190761 0 HELIFO 399.69 100.51 16.3 A 17
190767.0 190767 0 LIMLUR 399.89 103.19 40.7 A 17
190770.0 190770 0 LIMLUR 381.61 121.06 33.4 A 17
190776.0 190776 0 MACHTH 381.86 124.13 39.7 A 17
190793.0 190793 0 MELISQ 384.08 129.21 26.9 A 17
190802.0 190802 0 PRUNPH 387.41 129.98 12.4 A 17
190816.0 190816 0 LIMLUR 386.87 124.17 46.9 A 17
190825.0 190825 0 ELAESY 389.86 124.12 11.5 A 17
190827.0 190827 0 MELISQ 380.75 134.34 21.9 A 17
190833.0 190833 0 HELIFO 384.17 133.22 10.9 A 17
190835.0 190835 0 LIMLUR 383.55 133.18 22.4 A 17
190838.0 190838 0 MELISQ 384.37 130.65 24.3 A 17
190840.0 190840 0 MACHZU 380.62 139.7 17 A 17
190850.0 190850 0 MACHTH 389.58 138.73 21 A 17
190855.0 190855 0 ENGERO 389.55 134.23 13.1 A 17
190872.0 190872 0 LIMLUR 393.9 132.06 31.7 A 17
190878.0 190878 0 MELISQ 394 139.27 9.5 A 17
190880.0 190880 0 DIOSMO 394.98 135.93 24.5 A 17
190882.0 190882 0 LITSAC 396.07 136.06 36.1 A 17
190887.0 190887 0 MACHTH 398.88 138.89 22.2 A 17
190892.0 190892 0 CLEYJA 396.53 134.75 12.4 A 17
190901.0 190901 0 LITSAC 391.74 124.75 28.2 A 17
190918.0 190918 0 MACHTH 397.24 125.49 26 A 17
190936.0 190936 0 MELISQ 381.68 142.64 33.5 A 17
190946.0 190946 0 DIOSMO 380.89 145.14 18.8 A 17
190957.0 190957 0 MELISQ 384.94 147.91 12.1 A 17
190973.0 190973 0 LIMLUR 389.54 149.55 51.6 A 17
190984.0 190984 0 LITSAC 385.2 141.44 15.8 A 17
190991.0 190991 0 LIMLUR 386.77 144.17 66.5 A 17
190999.0 190999 0 CASTCU 389.89 141.76 28.1 A 17
191014.0 191014 0 PYRESH 382.28 154.74 18.9 A 17
191016.0 191016 0 LIMLUR 383.39 153.49 51.4 A 17
191026.0 191026 0 MELISQ 381.51 158.86 18.7 A 17
191050.0 191050 0 LIMLUR 386.07 158.89 56.5 A 17
191052.0 191052 0 DAPHGL 385.51 159.91 11.6 A 17
191058.0 191058 0 LITSAC 388.84 158.89 13.8 A 17
191067.0 191067 0 DIOSMO 385.48 153.26 9.5 A 17
191068.0 191068 0 MELISQ 386.64 152.78 20.4 A 17
191080.0 191080 0 MELISQ 390.71 152.37 15.2 A 17
191087.0 191087 0 HELIFO 393.2 153.16 10.1 A 17
191088.0 191088 0 MELISQ 394 150.93 16.2 A 17
191089.0 191089 0 MACHTH 394.48 150.47 28.7 A 17
191096.0 191096 0 SYMPGL 393.69 159.61 14.2 A 17
191097.0 191097 0 DIOSMO 393.91 159.81 20.4 A 17
191106.0 191106 0 MELISQ 396.94 156.03 23.9 A 17
191110.0 191110 0 MELISQ 395.66 159.92 18.4 A 17
191113.0 191113 0 DIOSMO 397.69 158.42 14.1 A 17
191126.0 191126 0 MELISQ 395.26 150.37 21.1 A 17
191129.0 191129 0 MELISQ 396.29 152.27 9.8 A 17
191137.0 191137 0 MELISQ 397.14 154.93 13.2 A 17
191145.0 191145 0 DIOSMO 399.34 153.15 10.8 A 17
191154.0 191154 0 MELISQ 398.63 150.75 14.9 A 17
191158.0 191158 0 LIMLUR 397.88 150.41 51.6 A 17
191180.0 191180 0 MELISQ 394.67 143.79 32 A 17
191197.0 191197 0 SYMPTH 390.15 147.5 20.6 A 17
191242.0 191242 0 CINNMI 382.27 162.88 13.7 A 17
191250.0 191250 0 SCHEOC 381.17 166.05 16.2 A 17
191252.0 191252 0 CASTCU 382.52 167.3 33 A 17
191261.0 191261 0 MELISQ 383.7 166.02 10.1 A 17
191277.0 191277 0 CASTCU 387.62 167.5 41.1 A 17
191284.0 191284 0 SYMPTH 388.05 166.06 11.7 A 17
191285.0 191285 0 LITSAC 388.67 165.82 10.3 A 17
191286.0 191286 0 CASTCU 388.6 166.09 24.5 A 17
191291.0 191291 0 CLEYJA 386.3 161.32 16.8 A 17
191316.0 191316 0 SYMPSE 380.07 173.93 10.2 A 17
191320.0 191320 0 CASTCU 382.11 174.16 53.5 A 17
191328.0 191328 0 RANDCO 384.24 172.71 12.1 A 17
191336.0 191336 0 MYRSSE 382.49 172.03 10.2 A 17
191338.0 191338 0 CASTCU 380.12 177.25 44.2 A 17
191341.0 191341 0 MACHTH 380.14 179.19 23.6 A 17
191351.0 191351 0 DIOSMO 384.68 179.19 9.9 A 17
191352.0 191352 0 LITSAC 384.57 178.11 12.9 A 17
191389.0 191389 0 LIMLUR 387.12 173.33 35.6 A 17
191391.0 191391 0 ELAEJA 387.89 173.48 43.2 A 17
191392.0 191392 0 SCHEOC 388.22 173.6 14.7 A 17
191413.0 191413 0 ADINFO 390.04 173.06 11.3 A 17
191422.0 191422 0 MELISQ 393.46 171.29 10.9 A 17
191431.0 191431 0 CLEYJA 390.93 178.09 21.4 A 17
191451.0 191451 0 LIMLUR 394.64 175.46 62.4 A 17
191457.0 191457 0 DIOSMO 396.09 177.35 10.2 A 17
191467.0 191467 0 ELAESY 398.46 176.2 10.1 A 17
191468.0 191468 0 MELISQ 395.05 172.43 27 A 17
191474.0 191474 0 MELISQ 397.96 174.77 15.9 A 17
191502.0 191502 0 MACHTH 394.64 162.67 10.2 A 17
191522.0 191522 0 LITSAC 394.17 167.68 25.2 A 17
191530.0 191530 0 MELISQ 396.24 169.67 25.3 A 17
191557.0 191557 0 CYCLGI 396.13 163.22 15.8 A 17
191561.0 191561 0 DIOSMO 398.71 164.37 21.2 A 17
191563.0 191563 0 SYMPTH 397.12 160.65 9.8 A 17
191569.0 191569 0 DIOSMO 381.56 181.86 14.2 A 17
191574.0 191574 0 CLEYJA 380.51 183.49 15.8 A 17
191577.0 191577 0 CASTCU 380.89 184.66 10.9 A 17
191585.0 191585 0 DIOSMO 382.98 183.01 11.8 A 17
191589.0 191589 0 CLEYJA 383.77 180.86 20.1 A 17
191602.0 191602 0 MELISQ 382.01 189.61 23.9 A 17
191603.0 191603 0 PYRESH 382.68 188.94 15.4 A 17
191610.0 191610 0 MACHTH 385.39 185.15 13.5 A 17
191615.0 191615 0 CYCLGI 388.93 185.92 11.5 A 17
191639.0 191639 0 CINNSU 388.73 184.12 12 A 17
191644.0 191644 0 GLOCAC 387.58 182.68 9.9 A 17
191654.0 191654 0 CLEYJA 381.2 191.22 21.4 A 17
191657.0 191657 0 MELISQ 380.05 192.84 14.1 A 17
191658.0 191658 0 CASTCU 380.63 194.06 38.1 A 17
191659.0 191659 0 RANDCO 382.74 194.64 10.6 A 17
191664.0 191664 0 PYRESH 382.69 191.11 14.2 A 17
191673.0 191673 0 ELAEJA 383.15 197.99 35.8 A 17
191686.0 191686 0 ADINFO 389.81 195.14 11.2 A 17
191694.0 191694 0 LITSAC 387.54 193.28 23.6 A 17
191695.0 191695 0 DIOSMO 388.09 193.53 29.2 A 17
191697.0 191697 0 ADINFO 392 191.93 10.7 A 17
191698.0 191698 0 MELISQ 391.94 191.73 25.3 A 17
191701.0 191701 0 MACHTH 390.92 192.45 16 A 17
191709.0 191709 0 LIMLUR 394.06 196.47 39.2 A 17
191730.0 191730 0 RANDCO 398.26 195.96 11.4 A 17
191733.0 191733 0 LIMLUR 399.74 195.2 26.1 A 17
191736.0 191736 0 PRUNPH 395.95 190.55 15.3 A 17
191749.0 191749 0 CASTCU 390.38 181.19 50 A 17
191765.0 191765 0 MELISQ 394.7 181.06 15.2 A 17
191774.0 191774 0 LIMLUR 392.92 186.91 79 A 17
191786.0 191786 0 CLEYJA 397.96 189.36 10.1 A 17
191787.0 191787 0 LIMLUR 398.43 189.48 32.2 A 17
191791.0 191791 0 ILEXFO 398.8 185.41 25.5 A 17
193912.0 193912 0 MACHTH 384.58 403.32 19.9 A 20
193915.0 193915 0 PYRESH 380.48 407.01 13.7 A 20
193926.0 193926 0 DIOSMO 383.91 405.51 18.9 A 20
193932.0 193932 0 GLOCAC 385.9 406.37 10 A 20
193940.0 193940 0 RANDCO 388.96 407.72 12.1 A 20
193953.0 193953 0 LITSAC 385.85 403.85 26 A 20
193972.0 193972 0 LIMLUR 381.49 415.62 98.1 A 20
193976.0 193976 0 LIMLUR 383.49 416.53 104.2 A 20
193983.0 193983 0 TRICDU 385.69 419.24 13.3 A 20
193996.0 193996 0 LITSAC 388.02 410.58 27.3 A 20
193997.0 193997 0 LITSAC 387.82 410.31 15.7 A 20
193998.0 193998 0 SCHEOC 387.65 410.49 16 A 20
194000.0 194000 0 MELISQ 386.34 410.39 18.9 A 20
194010.0 194010 0 MACHMU 392.85 410.93 37.1 A 20
194016.0 194016 0 SCHEOC 396.56 418.77 20.8 A 20
194023.0 194023 0 ENGERO 398.08 411.18 23.7 A 20
194032.0 194032 0 MACHTH 390.89 404.54 43.1 A 20
194033.0 194033 0 CASTCU 391.09 405.27 47.3 A 20
194036.0 194036 0 CINNMI 390.71 406.91 17.3 A 20
194060.0 194060 0 MACHMU 397.27 404.37 14.5 A 20
194083.0 194083 0 PRUNPH 381 430.86 24.1 A 20
194084.0 194084 0 SYMPTH 381.78 431.4 10.7 A 20
194088.0 194088 0 MACHMU 382.14 434.39 35.1 A 20
194093.0 194093 0 LITSAC 381.46 437.14 11.3 A 20
194098.0 194098 0 DIOSMO 382.13 438.94 44.2 A 20
194120.0 194120 0 PYRESH 385.21 434.07 25.1 A 20
194121.0 194121 0 CLEYJA 386.7 434.4 24.3 A 20
194133.0 194133 0 DIOSMO 391.63 431.97 13.1 A 20
194158.0 194158 0 LITSAC 393.72 437.33 22.9 A 20
194174.0 194174 0 LIMLUR 397.17 439.07 66.7 A 20
194179.0 194179 0 PYRESH 395.72 431.66 10.3 A 20
194185.0 194185 0 CYCLGI 399.79 434.95 17.4 A 20
194210.0 194210 0 MELISQ 392.39 428.11 17.2 A 20
194222.0 194222 0 CINNMI 396.57 429.67 69.4 A 20
194223.0 194223 0 LIMLUR 398.15 428.99 78.6 A 20
194230.0 194230 0 HELIFO 398.03 423.28 10.3 A 20
194235.0 194235 0 GLOCAC 397.58 422.7 18.4 A 20
194250.0 194250 0 RANDCO 380.31 446.05 10.5 A 20
194253.0 194253 0 MACHTH 381.78 446.98 13.8 A 20
194258.0 194258 0 LITSAC 382.99 449.68 10.3 A 20
194259.0 194259 0 SYMPGL 382.99 449.36 11.7 A 20
194265.0 194265 0 MELISQ 383.57 447.55 21.1 A 20
194288.0 194288 0 LITSAC 387.49 447 27.2 A 20
194289.0 194289 0 LIMLUR 385.66 440.61 58.1 A 20
194291.0 194291 0 MACHMU 385.93 441.32 43.8 A 20
194293.0 194293 0 PRUNPH 387.05 441.46 12.2 A 20
194298.0 194298 0 RANDCO 386.07 444.07 11.8 A 20
194304.0 194304 0 LITSAC 388.79 444.93 13.2 A 20
194316.0 194316 0 LITSAC 382.95 452.08 15.2 A 20
194317.0 194317 0 DIOSMO 382.93 450.15 13.4 A 20
194318.0 194318 0 CASTCU 380.01 452.08 12.7 A 20
194324.0 194324 0 MELISQ 382.93 454.12 17.5 A 20
194332.0 194332 0 SYZYBU 383.97 452.54 9.6 A 20
194335.0 194335 0 MACHTH 380.01 455.99 23.9 A 20
194347.0 194347 0 CASTCU 380.62 459.6 31.8 A 20
194348.0 194348 0 CASTCU 381.63 459.67 43.5 A 20
194371.0 194371 0 PYRESH 385.62 455.46 16.4 A 20
194373.0 194373 0 CASTCU 386.07 455.83 12.8 A 20
194375.0 194375 0 SYMPGL 385.87 457.41 10.9 A 20
194377.0 194377 0 DIOSMO 385.72 458.59 30.3 A 20
194390.0 194390 0 MACHTH 387.52 454.96 22.9 A 20
194392.0 194392 0 MYRSSE 387.64 454.02 10.5 A 20
194395.0 194395 0 MELISQ 388.93 453.52 25.8 A 20
194399.0 194399 0 PYRESH 389.67 452.07 9.5 A 20
194402.0 194402 0 DIOSMO 387.73 452.06 13.2 A 20
194411.0 194411 0 LITSAC 387.31 450.76 11.4 A 20
194416.0 194416 0 CINNMI 391.03 450.65 12.6 A 20
194419.0 194419 0 MACHTH 392 450.78 17.7 A 20
194422.0 194422 0 LITSAC 390.19 452.64 13.9 A 20
194428.0 194428 0 ELAEJA 391.7 454.71 11 A 20
194435.0 194435 0 CINNSU 390.41 459.09 34.7 A 20
194438.0 194438 0 SYMPTH 391.22 458.67 11.9 A 20
194442.0 194442 0 RANDCO 392.42 455.82 9.8 A 20
194444.0 194444 0 MELISQ 392.21 455.55 18.8 A 20
194457.0 194457 0 ENGERO 397.39 456.05 17 A 20
194461.0 194461 0 LITSAC 398.46 459.91 11 A 20
194469.0 194469 0 MACHTH 399.33 456.08 12.2 A 20
194511.0 194511 0 CINNSU 391.73 448.8 9.9 A 20
194537.0 194537 0 ELAEJA 392.07 445.61 14.7 A 20
194544.0 194544 0 DIOSMO 396.07 446.53 16.6 A 20
194549.0 194549 0 MACHMU 395.26 448.4 24.2 A 20
194550.0 194550 0 CINNAU 396.19 449.51 15.1 A 20
194552.0 194552 0 GLOCAC 397.34 449 21.2 A 20
194554.0 194554 0 ENGERO 397.65 448.4 10.7 A 20
194555.0 194555 0 CASTCU 399.04 447.4 19.3 A 20
194560.0 194560 0 LITSAC 397.54 446 10.6 A 20
194566.0 194566 0 MELISQ 396.46 441.08 18.1 A 20
194571.0 194571 0 CASTCU 395.26 443.49 36.3 A 20
194577.0 194577 0 MYRSSE 396.66 443.97 9.9 A 20
194580.0 194580 0 DIOSMO 397.95 443.36 22.7 A 20
194582.0 194582 0 GLOCAC 398.36 443.32 13.6 A 20
194586.0 194586 0 DIOSMO 399 442.58 10.2 A 20
194601.0 194601 0 SYMPGL 380.73 460.59 13.6 A 20
194612.0 194612 0 ENGERO 384.4 462.08 34 A 20
194617.0 194617 0 MACHMU 383.99 460.89 61.1 A 20
194621.0 194621 0 TRICDU 380.62 467.3 10.6 A 20
194649.0 194649 0 MACHTH 386.31 463.01 26.1 A 20
194670.0 194670 0 CASTCU 381.86 474.57 9.9 A 20
194690.0 194690 0 PYRESH 385.86 479.43 12 A 20
194694.0 194694 0 CASTCU 387.95 479.34 22.3 A 20
194701.0 194701 0 LIMLUR 385.55 471.12 57.6 A 20
194714.0 194714 0 LITSAC 390.59 472.01 11.2 A 20
194727.0 194727 0 LIMLUR 394.65 474.7 22.6 A 20
194736.0 194736 0 CRYPCH 392.68 478.86 19.7 A 20
194746.0 194746 0 LITSAC 394.79 478.05 39 A 20
194751.0 194751 0 CRYPCH 392.86 476.8 10.5 A 20
194765.0 194765 0 LITSAC 398.53 476.22 17.8 A 20
194776.0 194776 0 DIOSMO 398.23 473.56 11.8 A 20
194777.0 194777 0 CASTCU 398.4 471.94 13.7 A 20
194781.0 194781 0 ENGERO 397.38 470.15 11.5 A 20
194782.0 194782 0 MELISQ 390.85 461.16 27.6 A 20
194813.0 194813 0 CINNMI 392.88 465.78 75.9 A 20
194852.0 194852 0 DIOSMO 381.94 480.78 12.3 A 20
194864.0 194864 0 MACHTH 380.24 484.83 16.7 A 20
194884.0 194884 0 LIMLUR 382.86 486.29 45.4 A 20
194886.0 194886 0 PYRESH 383.77 485.98 14.2 A 20
194913.0 194913 0 LITSAC 387.64 487.35 43.2 A 20
194917.0 194917 0 LIMLUR 386.03 480.88 41.3 A 20
194926.0 194926 0 CASTCU 387.65 482.99 25.5 A 20
194935.0 194935 0 CRYPCH 388.56 484.37 12.5 A 20
194949.0 194949 0 ENGERO 381.1 491.35 73.6 A 20
194956.0 194956 0 CINNMI 380.83 493.35 14.5 A 20
194972.0 194972 0 MACHTH 380.65 499.41 54.8 A 20
194981.0 194981 0 SCHEOC 387 491.09 14.4 A 20
194982.0 194982 0 MELISQ 387.02 492.07 26.8 A 20
194985.0 194985 0 SCHEOC 387.73 492.51 12 A 20
194986.0 194986 0 LIMLUR 387.56 492.98 9.7 A 20
194995.0 194995 0 LIMLUR 394.85 499 35.1 A 20
195007.0 195007 0 MACHTH 390.49 480.65 65.9 A 20
195012.0 195012 0 CASTCU 391.39 484.64 67.1 A 20
195013.0 195013 0 CINNMI 394.37 484.23 64.4 A 20
195018.0 195018 0 CYCLGI 393.66 480.75 14.3 A 20
195023.0 195023 0 MELISQ 390.8 488.33 23.5 A 20
195028.0 195028 0 SCHEOC 394.91 487.42 27.2 A 20
195029.0 195029 0 MELISQ 393.26 486.69 11.8 A 20
195042.0 195042 0 ENGERO 395.97 481.06 33.6 A 20
195147.0 195147 0 HELIFO 396.78 93.56 10.3 A 16
200006.0 200006 0 MACHZU 403.19 1.54 33.1 A 21
200010.0 200010 0 ITEAPA 405.22 0.59 21.7 A 21
200014.0 200014 0 MACHZU 400.21 10.92 53.6 A 21
200023.0 200023 0 CASTCU 403.37 11.05 21.8 A 21
200026.0 200026 0 PYRESH 402.78 12.04 25 A 21
200031.0 200031 0 SAPIDI 404.38 17.03 40.8 A 21
200034.0 200034 0 HELIFO 405.02 17.47 12.4 A 21
200040.0 200040 0 SAPIDI 407.92 15.98 30 A 21
200047.0 200047 0 GLOCAC 405.86 13.38 17.1 A 21
200049.0 200049 0 LIMLUR 412.77 19.45 22.2 A 21
200053.0 200053 0 SCHEOC 412.99 17.73 37.2 A 21
200054.0 200054 0 MACHTH 412.98 16.84 21.4 A 21
200060.0 200060 0 MACHMU 416.69 19.94 42 A 21
200074.0 200074 0 HELIFO 414.21 12.19 13.4 A 21
200090.0 200090 0 ITEAPA 408.44 11.5 15.4 A 21
200097.0 200097 0 GLOCAC 414.28 0.65 35.6 A 21
200099.0 200099 0 ITEAPA 409.84 9.02 26.4 A 21
200102.0 200102 0 ITEAPA 413.79 9.1 16 A 21
200105.0 200105 0 DIOSMO 418.52 4.33 10.3 A 21
200124.0 200124 0 PASAHN 403.69 27.92 13.7 A 21
200134.0 200134 0 MACHMU 405.82 22.68 60.4 A 21
200138.0 200138 0 SYMPTH 409.66 21.21 22.3 A 21
200139.0 200139 0 LITSAC 401.27 32.2 27.9 A 21
200141.0 200141 0 MELISQ 403.99 34.06 12.1 A 21
200149.0 200149 0 CASTCU 401.1 39.04 87.2 A 21
200153.0 200153 0 GLOCAC 404.55 39.67 10.1 A 21
200157.0 200157 0 LIMLUR 408.39 31.61 31.4 A 21
200168.0 200168 0 MELISQ 413.33 34.8 34.7 A 21
200175.0 200175 0 MACHTH 414.53 38.38 33.2 A 21
200183.0 200183 0 CASTCU 418.93 37.38 31.4 A 21
200187.0 200187 0 MACHTH 416.22 30.64 40.4 A 21
200197.0 200197 0 GLOCAC 413.01 22.6 28.1 A 21
200201.0 200201 0 LITSAC 410.89 26.25 14 A 21
200233.0 200233 0 HELIFO 406.88 46.35 13.6 A 21
200241.0 200241 0 SCHEOC 406.4 43.99 15.9 A 21
200252.0 200252 0 LIMLUR 400.97 59.36 49.3 A 21
200263.0 200263 0 HELIFO 408.17 59.95 11 A 21
200265.0 200265 0 SYMPTH 409.72 57.37 12 A 21
200276.0 200276 0 SYMPTH 410.02 50.2 16.4 A 21
200306.0 200306 0 MELISQ 412.69 59.91 31.4 A 21
200308.0 200308 0 LIMLUR 413.45 59.02 38.8 A 21
200312.0 200312 0 CASTCU 414.14 58.33 25.3 A 21
200316.0 200316 0 TRICDU 407.26 64.79 11.3 A 21
200321.0 200321 0 SYMPTH 417.55 56.96 18.8 A 21
200334.0 200334 0 LITSAC 410.96 41.06 16.5 A 21
200336.0 200336 0 HELIFO 411.4 44.33 18.5 A 21
200340.0 200340 0 LIMLUR 410.59 46.46 106 A 21
200344.0 200344 0 HELIFO 412.41 46.8 10.4 A 21
200345.0 200345 0 HELIFO 412.28 47.15 10.5 A 21
200356.0 200356 0 MELISQ 417.82 49.31 22.7 A 21
200359.0 200359 0 HELIFO 415.41 41.83 13.1 A 21
200378.0 200378 0 CASTCU 404.17 64.4 37.2 A 21
200388.0 200388 0 MACHMU 400.09 67.51 21.6 A 21
200396.0 200396 0 HELIFO 405.38 68.92 11.1 A 21
200422.0 200422 0 HELIFO 402.47 75.27 11.5 A 21
200439.0 200439 0 LIMLUR 404.78 75.85 34 A 21
200451.0 200451 0 MACHTH 409.54 77.33 21.5 A 21
200463.0 200463 0 MACHTH 407.31 74.09 61 A 21
200480.0 200480 0 CASTCU 411.19 71.64 21.1 A 21
200495.0 200495 0 PYRESH 410.93 79.27 23.1 A 21
200497.0 200497 0 CASTCU 414.62 78.82 29.1 A 21
200498.0 200498 0 MELISQ 415.42 75.64 25 A 21
200503.0 200503 0 LIMLUR 417.55 78.69 89.5 A 21
200515.0 200515 0 DIOSMO 417.37 76.65 13 A 21
200517.0 200517 0 LIMLUR 419.23 70.76 76.5 A 21
200537.0 200537 0 LIMLUR 414.1 64.07 67.8 A 21
200563.0 200563 0 MACHMU 401.47 83.73 15.2 A 21
200582.0 200582 0 HELIFO 400.04 89.2 9.6 A 21
200589.0 200589 0 OSMAMA 407.41 89.46 12.5 A 21
200590.0 200590 0 LITSAC 408.54 89.26 16.2 A 21
200593.0 200593 0 HELIFO 409.41 85.65 10.1 A 21
200601.0 200601 0 DIOSMO 408.02 81.91 12.8 A 21
200611.0 200611 0 HELIFO 405.96 80.24 10 A 21
200618.0 200618 0 DIOSMO 400.02 94.41 35.5 A 21
200620.0 200620 0 MELISQ 403.59 91.6 16.8 A 21
200629.0 200629 0 MACHTH 401.63 98.86 31 A 21
200631.0 200631 0 MELISQ 401.43 99.57 14.4 A 21
200642.0 200642 0 HELIFO 408.33 91.57 10.2 A 21
200645.0 200645 0 CASTCU 411.66 94.64 38 A 21
200658.0 200658 0 LITSAC 413.89 99.16 10.3 A 21
200662.0 200662 0 CASTCU 413.45 97.28 58.9 A 21
200669.0 200669 0 PYRESH 418.08 99.6 13.1 A 21
200731.0 200731 0 PRUNPH 418.25 85.99 14.7 A 21
200735.0 200735 0 LIMLUR 418.63 83.24 31.3 A 21
200737.0 200737 0 MACHTH 418.63 81.37 30 A 21
200746.0 200746 0 HELIFO 400.44 103.83 9.8 A 22
200755.0 200755 0 MELISQ 403.02 109.19 9.8 A 22
200757.0 200757 0 CASTCU 403.52 106.67 25.4 A 22
200766.0 200766 0 HELIFO 409.94 101.16 17.5 A 22
200768.0 200768 0 ELAESY 406.14 100.39 15.9 A 22
200769.0 200769 0 SYMPTH 400.86 111.22 14 A 22
200770.0 200770 0 CASTCU 400.02 111.6 21.3 A 22
200771.0 200771 0 MELISQ 400.09 112.48 23.5 A 22
200772.0 200772 0 CLEYJA 400.88 112.67 14.5 A 22
200778.0 200778 0 LAGESU 404.64 110.82 21.2 A 22
200780.0 200780 0 CASTCU 401.94 112.18 13.6 A 22
200783.0 200783 0 ACERSE 401.56 116.33 34.1 A 22
200794.0 200794 0 LIMLUR 407.24 115.76 41.3 A 22
200799.0 200799 0 ILEXFO 405.59 116 11.8 A 22
200803.0 200803 0 HELIFO 407.66 113.63 11.9 A 22
200818.0 200818 0 LAGESU 414.55 119.5 14.4 A 22
200824.0 200824 0 SYMPSO 418.36 119.61 15 A 22
200825.0 200825 0 CLEYJA 419.27 119.67 14.5 A 22
200827.0 200827 0 MELISQ 419.34 119.37 12.7 A 22
200839.0 200839 0 SCHEOC 416.37 115.73 22.2 A 22
200848.0 200848 0 SYMPSO 417.65 114.47 11.9 A 22
200849.0 200849 0 LIMLUR 417.79 114.58 67.9 A 22
200857.0 200857 0 CLEYJA 416.97 111.18 16.7 A 22
200859.0 200859 0 MACHTH 416.24 111.82 9.9 A 22
200865.0 200865 0 HELIFO 413.59 101.49 13.7 A 22
200868.0 200868 0 HELIFO 414.48 105.35 10.6 A 22
200879.0 200879 0 SYMPTH 416.31 109.23 13 A 22
200885.0 200885 0 SYMPTH 416.37 106.94 10 A 22
200895.0 200895 0 RANDCO 419.92 102.82 18.5 A 22
200896.0 200896 0 HELIFO 418.76 103.16 10.7 A 22
200898.0 200898 0 LITSAC 419.31 101.02 11.3 A 22
200903.0 200903 0 DIOSMO 401.46 124.93 12.8 A 22
200904.0 200904 0 CINNMI 403.9 124.46 25.5 A 22
200905.0 200905 0 PYRESH 404.26 124.57 28.7 A 22
200906.0 200906 0 CASTCU 404.23 124.68 19.8 A 22
200909.0 200909 0 HELIFO 403.05 120.18 10.7 A 22
200912.0 200912 0 ILEXFO 401.07 126.13 16.8 A 22
200915.0 200915 0 HELIFO 401.27 126.26 11.3 A 22
200941.0 200941 0 LIMLUR 407.65 124.34 13.6 A 22
200960.0 200960 0 MACHMU 401.81 135.88 15.5 A 22
200963.0 200963 0 HELIFO 402.78 138.04 10.3 A 22
200965.0 200965 0 CASTCU 402.79 139.87 26.7 A 22
200981.0 200981 0 HELIFO 408.88 137.57 12.1 A 22
200988.0 200988 0 HELIFO 406.16 130.86 10.7 A 22
201002.0 201002 0 DIOSMO 407.05 130.31 17.7 A 22
201004.0 201004 0 ELAEJA 411.95 131.49 12.2 A 22
201010.0 201010 0 MACHTH 412.37 133.12 24.5 A 22
201011.0 201011 0 PYRESH 412.55 132.72 25 A 22
201019.0 201019 0 PYRESH 411.85 134.93 15.6 A 22
201024.0 201024 0 CLEYJA 414.75 131.18 13.3 A 22
201029.0 201029 0 LIMLUR 411.84 136.23 64.5 A 22
201036.0 201036 0 DIOSMO 412.59 138.66 16.5 A 22
201039.0 201039 0 PYRESH 413.46 138.52 24.1 A 22
201053.0 201053 0 SCHEOC 416.94 133.01 11.8 A 22
201058.0 201058 0 CASTCU 415.46 134.56 39 A 22
201061.0 201061 0 CLEYJA 411.23 121.15 19.4 A 22
201068.0 201068 0 LITSAC 414.26 124.33 17.1 A 22
201093.0 201093 0 MELISQ 415.41 129.64 12.5 A 22
201098.0 201098 0 LAGESU 419.86 128.94 20.1 A 22
201099.0 201099 0 ELAESY 417.73 127.41 14.2 A 22
201114.0 201114 0 LIMLUR 402.15 144.46 39.6 A 22
201123.0 201123 0 CINNAU 402.74 149.23 10.8 A 22
201132.0 201132 0 MACHTH 406.46 148.13 29 A 22
201137.0 201137 0 LITSAC 409.11 149.5 11.2 A 22
201139.0 201139 0 HELIFO 407.02 145.29 11.8 A 22
201151.0 201151 0 RANDCO 406.73 140.37 11.2 A 22
201157.0 201157 0 CLEYJA 402.1 152.18 16.8 A 22
201165.0 201165 0 PYRESH 403.56 154.34 14.5 A 22
201173.0 201173 0 DIOSMO 402.39 159.09 15 A 22
201183.0 201183 0 ELAESY 406.97 156.93 15.4 A 22
201186.0 201186 0 DIOSMO 405.06 158.04 19.8 A 22
201190.0 201190 0 HELIFO 405.32 151.55 13.4 A 22
201230.0 201230 0 LIMLUR 413.6 156 16.6 A 22
201239.0 201239 0 LITSAC 418.98 155.49 17.2 A 22
201240.0 201240 0 PYRESH 418.53 155.81 18.1 A 22
201243.0 201243 0 HELIFO 416.37 151.12 10.3 A 22
201251.0 201251 0 PYRESH 419.04 150.44 20 A 22
201281.0 201281 0 PYRESH 412 146.59 23.6 A 22
201291.0 201291 0 LIMLUR 414.74 148.01 67 A 22
201294.0 201294 0 TRICDU 414.48 146.3 13.4 A 22
201300.0 201300 0 DIOSMO 417.49 146.59 33 A 22
201310.0 201310 0 PYRESH 417.83 143.6 16 A 22
201315.0 201315 0 CINNMI 419.58 140.42 24.2 A 22
201323.0 201323 0 CINNSU 403.97 160.82 9.9 A 22
201329.0 201329 0 LITSAC 403.96 163.08 17.6 A 22
201333.0 201333 0 CASTCU 400.24 168.06 31.1 A 22
201344.0 201344 0 CASTCU 404.6 169.75 58.9 A 22
201348.0 201348 0 MELISQ 404.17 165.93 19 A 22
201350.0 201350 0 MACHTH 403.56 165.25 17.1 A 22
201378.0 201378 0 CLEYJA 401.47 172.71 19.9 A 22
201387.0 201387 0 MACHMU 400.26 176.42 11.6 A 22
201396.0 201396 0 MELISQ 405.06 179.1 17.2 A 22
201416.0 201416 0 PRUNPH 411.22 172.14 12.2 A 22
201443.0 201443 0 CASTCU 413.69 179.28 37.4 A 22
201450.0 201450 0 MELISQ 415.97 178.94 10.5 A 22
201454.0 201454 0 MACHMU 418.71 179.43 16.5 A 22
201468.0 201468 0 DIOSMO 416.04 170.68 11.5 A 22
201472.0 201472 0 MACHTH 416.4 172.13 18.2 A 22
201475.0 201475 0 LIMLUR 416.37 173.58 40.9 A 22
201494.0 201494 0 ELAESY 410.97 160.78 12.1 A 22
201497.0 201497 0 LIMLUR 410.86 164.43 39.5 A 22
201502.0 201502 0 LIMLUR 412.51 162.68 48.1 A 22
201514.0 201514 0 LITSAC 414.04 165.42 22.2 A 22
201537.0 201537 0 MACHMU 419.77 161.08 13.8 A 22
201540.0 201540 0 LIMLUR 400.18 180.92 29.9 A 22
201541.0 201541 0 MELISQ 404.6 182.34 20.6 A 22
201542.0 201542 0 LITSAC 400.96 185.15 11.3 A 22
201545.0 201545 0 MACHTH 401.64 188.79 24.9 A 22
201559.0 201559 0 CLEYJA 407.45 188.05 26.4 A 22
201560.0 201560 0 GLOCAC 409.51 187.99 20.8 A 22
201564.0 201564 0 CINNMI 405.39 180.64 42.7 A 22
201565.0 201565 0 CLEYJA 406.22 180.58 26.3 A 22
201569.0 201569 0 CYCLGI 405.39 184.67 18.7 A 22
201580.0 201580 0 LIMLUR 401.86 194.16 40.5 A 22
201592.0 201592 0 LIMLUR 402.47 191.4 52.1 A 22
201595.0 201595 0 MELISQ 401.53 196.1 27.8 A 22
201599.0 201599 0 MACHMU 401.26 198.42 24.4 A 22
201607.0 201607 0 RANDCO 404.64 198.01 12.1 A 22
201620.0 201620 0 LIMLUR 407.07 197.58 69.5 A 22
201637.0 201637 0 DIOSMO 406.95 193.65 22.5 A 22
201641.0 201641 0 HELIFO 409.62 194.14 9.6 A 22
201649.0 201649 0 MACHMU 411.39 193.65 14.1 A 22
201655.0 201655 0 GLOCAC 411.84 198.21 20.9 A 22
201658.0 201658 0 PYRESH 414.34 199.27 15.6 A 22
201665.0 201665 0 PYRESH 417.49 199.11 10.6 A 22
201680.0 201680 0 CLEYJA 418.06 192.84 11.7 A 22
201682.0 201682 0 LIMLUR 418.77 192.82 26.4 A 22
201693.0 201693 0 PYRESH 411.17 185.37 21.1 A 22
201705.0 201705 0 HELIFO 415.76 185.2 9.5 A 22
201714.0 201714 0 PYRESH 419.04 188.19 19.5 A 22
201715.0 201715 0 PYRESH 419 187.34 25.5 A 22
201717.0 201717 0 LITSAC 418.98 186.02 17.6 A 22
201721.0 201721 0 SCHEOC 416.03 180.93 19.3 A 22
201723.0 201723 0 CASTCU 418.36 184.47 59 A 22
203764.0 203764 0 CASTCU 400.58 405.62 25 A 25
203768.0 203768 0 SCHEOC 404.77 409.31 10.1 A 25
203772.0 203772 0 LIMLUR 405.69 405.65 47.5 A 25
203778.0 203778 0 HELIFO 405.14 400.25 10.5 A 25
203780.0 203780 0 GLOCAC 405.75 402.67 13.4 A 25
203781.0 203781 0 HELIFO 405.43 404.03 10.7 A 25
203782.0 203782 0 GLOCAC 409.18 403.96 31.5 A 25
203788.0 203788 0 CASTCU 404.01 412.03 13.7 A 25
203791.0 203791 0 PYRESH 402.18 418.83 13.1 A 25
203795.0 203795 0 GLOCAC 405.63 419.33 10.8 A 25
203817.0 203817 0 MELISQ 411.02 418.31 23.6 A 25
203829.0 203829 0 MICHCO 415.16 415.25 20.9 A 25
203830.0 203830 0 PYRESH 415.19 417.08 11.9 A 25
203836.0 203836 0 LIMLUR 418.56 419.06 32 A 25
203839.0 203839 0 LITSAC 419.81 417.54 18.9 A 25
203844.0 203844 0 CASTCU 419.52 415.37 52.9 A 25
203850.0 203850 0 LITSAC 417.92 412.53 17.8 A 25
203853.0 203853 0 GLOCAC 411.09 404.57 16.6 A 25
203864.0 203864 0 LAGESU 418.83 409.88 20.3 A 25
203865.0 203865 0 SCHEOC 419.41 409.78 12.6 A 25
203871.0 203871 0 LITSAC 419.69 403.06 48 A 25
203882.0 203882 0 LIMLUR 403.94 424.02 76.1 A 25
203904.0 203904 0 HELIFO 405.14 426.23 10.4 A 25
203906.0 203906 0 SCHEOC 406.1 427.33 18.2 A 25
203908.0 203908 0 MELISQ 405.31 429.87 10.6 A 25
203917.0 203917 0 CASTCU 407.69 425.72 27.8 A 25
203932.0 203932 0 PRUNPH 401 432.34 10 A 25
203955.0 203955 0 MACHZU 401.93 437.81 35 A 25
203957.0 203957 0 MELISQ 400.35 439.74 12.5 A 25
203964.0 203964 0 PYRESH 404.03 438.96 21.8 A 25
203968.0 203968 0 CYCLGI 405.48 435.46 16.5 A 25
203975.0 203975 0 CYCLGI 409.51 439.3 12.7 A 25
203982.0 203982 0 MELISQ 405.18 431.3 17.2 A 25
203992.0 203992 0 GLOCAC 409.03 434.2 20.1 A 25
203994.0 203994 0 SCHEOC 409.04 432.5 13.7 A 25
203996.0 203996 0 LIMLUR 409.51 430.54 19 A 25
204013.0 204013 0 DIOSMO 414.91 430.25 21.9 A 25
204018.0 204018 0 PRUNPH 410.72 435.75 13.3 A 25
204020.0 204020 0 MACHMU 410.29 437.34 59.5 A 25
204031.0 204031 0 CASTCU 415.26 435.34 27.2 A 25
204049.0 204049 0 MACHMU 418.33 431.29 15.4 A 25
204051.0 204051 0 LITSAC 419.31 430.24 10.5 A 25
204052.0 204052 0 LITSAC 417.69 431.46 11.8 A 25
204055.0 204055 0 DIOSMO 410.12 421.93 30.5 A 25
204070.0 204070 0 MELISQ 411.78 429.63 20.4 A 25
204071.0 204071 0 CASTCU 412.2 429.81 45.3 A 25
204078.0 204078 0 MACHMU 412.98 427.79 17.5 A 25
204084.0 204084 0 CASTCU 415.43 425.73 38.4 A 25
204088.0 204088 0 MELISQ 416.63 427.95 25.5 A 25
204094.0 204094 0 LITSAC 418.09 425.35 17 A 25
204109.0 204109 0 LITSAC 402.04 443.16 13.1 A 25
204112.0 204112 0 CINNSU 402.49 442.07 26.8 A 25
204125.0 204125 0 ELAEJA 400.72 447.5 10.6 A 25
204130.0 204130 0 ENGERO 403.25 449.06 31.2 A 25
204144.0 204144 0 GLOCAC 406.2 448.89 16.6 A 25
204147.0 204147 0 MACHMU 408.8 448.93 25.9 A 25
204154.0 204154 0 PYRESH 407.02 440.91 10.1 A 25
204155.0 204155 0 SCHEOC 406.22 442 32.4 A 25
204165.0 204165 0 SYMPGL 400.97 451.57 17.5 A 25
204167.0 204167 0 SYMPTH 401.98 451.6 9.5 A 25
204170.0 204170 0 MELISQ 400.08 453.76 9.8 A 25
204183.0 204183 0 LITSAC 402.85 456.56 35.6 A 25
204194.0 204194 0 HELIFO 411.32 452.35 13 A 25
204206.0 204206 0 MACHMU 411.43 457.48 14 A 25
204217.0 204217 0 LINDCO 415.95 457.58 15.3 A 25
204241.0 204241 0 CASTCU 418.77 452.18 19.4 A 25
204248.0 204248 0 MACHTH 413.09 444.16 10.4 A 25
204258.0 204258 0 HELIFO 412.42 447.69 10.5 A 25
204260.0 204260 0 HELIFO 414.01 448.97 12.6 A 25
204275.0 204275 0 LITSAC 419.64 449.51 9.5 A 25
204277.0 204277 0 CASTCU 418.97 445.99 14.5 A 25
204280.0 204280 0 MACHTH 418.77 445.04 23.2 A 25
204281.0 204281 0 MACHTH 418 445.21 26.5 A 25
204285.0 204285 0 MACHTH 415.95 440.89 32.5 A 25
204286.0 204286 0 ENGERO 416.14 440.98 10.8 A 25
204290.0 204290 0 CINNMI 416.63 442.97 39 A 25
204302.0 204302 0 LIMLUR 400.96 461.03 74.6 A 25
204310.0 204310 0 MELISQ 401.24 466.15 27.5 A 25
204317.0 204317 0 PRUNPH 400.21 469.33 12.7 A 25
204320.0 204320 0 PRUNPH 404.56 467.89 9.7 A 25
204331.0 204331 0 MELISQ 405.79 466.97 21.2 A 25
204336.0 204336 0 LITSAC 407.95 468.19 26.6 A 25
204341.0 204341 0 MACHMU 409.62 467.01 41.7 A 25
204346.0 204346 0 ENGERO 407.56 465.98 43.2 A 25
204350.0 204350 0 LITSAC 405.97 463.68 34.8 A 25
204354.0 204354 0 CRYPCH 407.46 464.51 21.8 A 25
204370.0 204370 0 MACHTH 400.58 470.61 32.4 A 25
204374.0 204374 0 LITSAC 402.72 470.39 13.5 A 25
204375.0 204375 0 MELISQ 402.51 473.02 14.8 A 25
204376.0 204376 0 DIOSMO 402.88 473.31 16.9 A 25
204391.0 204391 0 MELISQ 402.14 472.4 32.2 A 25
204413.0 204413 0 ILEXRO 405.28 479.64 12.3 A 25
204429.0 204429 0 LITSAC 405.95 474.26 37.3 A 25
204432.0 204432 0 MELISQ 409.27 473.59 15.6 A 25
204443.0 204443 0 MACHMU 412.41 474.54 10.4 A 25
204444.0 204444 0 LITSAC 413.82 474.64 10.2 A 25
204453.0 204453 0 GLOCAC 414.94 476.58 20.2 A 25
204454.0 204454 0 MACHMU 414.75 475.51 20.9 A 25
204456.0 204456 0 LITSAC 415.63 478.96 12.7 A 25
204465.0 204465 0 MACHMU 415.25 474.64 18.7 A 25
204466.0 204466 0 HELIFO 415.68 474.61 10.4 A 25
204487.0 204487 0 LITSAC 411.07 465.98 17.8 A 25
204508.0 204508 0 CASTCU 417.91 469 70.2 A 25
204511.0 204511 0 HELIFO 418.93 467.06 11.2 A 25
204513.0 204513 0 HELIFO 415.73 461.59 9.9 A 25
204532.0 204532 0 NEOLAC 418.35 461.7 41.5 A 25
204541.0 204541 0 MACHMU 402.79 480.45 18.1 A 25
204546.0 204546 0 MACHMU 400.55 489.64 22.4 A 25
204549.0 204549 0 CRYPCH 404.45 487.06 16.2 A 25
204554.0 204554 0 CRYPCH 406.84 489.24 24.3 A 25
204559.0 204559 0 ENGERO 400.29 491.35 44 A 25
204572.0 204572 0 PYRESH 400.48 499.07 30.3 A 25
204576.0 204576 0 LIMLUR 403.23 496.43 58.3 A 25
204588.0 204588 0 MACHMU 405.96 493.42 11 A 25
204598.0 204598 0 MACHMU 411.77 491.76 24 A 25
204604.0 204604 0 DAPHGL 412.54 498.52 19.4 A 25
204608.0 204608 0 ENGERO 417.95 492.34 20.7 A 25
204609.0 204609 0 PRUNPH 410.97 480.93 18.5 A 25
204615.0 204615 0 HELIFO 413.94 484.03 14.3 A 25
204618.0 204618 0 MACHMU 412.99 486.49 30.4 A 25
204619.0 204619 0 LINDCO 412.04 486.98 19 A 25
204622.0 204622 0 DIOSMO 418.53 487.92 11 A 25
204629.0 204629 0 CINNMI 419.01 482.64 58.3 A 25
204637.0 204637 0 ELAEJA 412.85 19.26 40.7 A 21
204758.0 204758 0 MACHMU 405.45 155.83 14 A 22
205278.0 205278 0 ELAESY 410.03 157 17.3 A 22
210001.0 210001 0 MACHTH 420.09 4.02 27.6 A 21
210004.0 210004 0 PASAHN 422.03 6.27 23.9 A 21
210008.0 210008 0 PYRESH 424.48 9.84 42.5 A 21
210013.0 210013 0 HELIFO 427.65 8.28 9.5 A 21
210014.0 210014 0 PYRESH 428.23 4.29 24.4 A 21
210041.0 210041 0 PASAHN 423.35 16.73 12.9 A 21
210042.0 210042 0 GLOCAC 424.06 17 31 A 21
210043.0 210043 0 GLOCAC 426.6 17.78 16.2 A 21
210045.0 210045 0 MACHZU 425.96 18.97 39.5 A 21
210060.0 210060 0 LITSAC 434.28 14.6 32 A 21
210077.0 210077 0 CYCLGI 438.86 14.93 63.4 A 21
210085.0 210085 0 LITSAC 430.19 0.26 27.3 A 21
210086.0 210086 0 LITSAC 431.06 1.04 22.1 A 21
210090.0 210090 0 ITEAPA 430.21 2.88 19 A 21
210095.0 210095 0 MACHTH 432.54 5.41 17.2 A 21
210102.0 210102 0 MACHZU 437.38 7.64 13.4 A 21
210104.0 210104 0 CINNMI 439.24 7.67 45.8 A 21
210112.0 210112 0 LITSAC 436.98 2.7 14.9 A 21
210129.0 210129 0 HELIFO 424.3 21.84 11.7 A 21
210142.0 210142 0 DIOSMO 428.54 27.96 49.3 A 21
210146.0 210146 0 LITSAC 429.45 25.86 35.4 A 21
210161.0 210161 0 CASTCU 421.46 36.16 35.7 A 21
210163.0 210163 0 CASTCU 421.93 39.09 9.7 A 21
210171.0 210171 0 LIMLUR 424.35 39.81 82.2 A 21
210177.0 210177 0 PYRESH 426.93 35.66 28.5 A 21
210190.0 210190 0 LITSAC 425.56 30.61 23 A 21
210202.0 210202 0 HELIFO 431.98 32.64 9.5 A 21
210220.0 210220 0 PYRESH 437.28 39.11 34.2 A 21
210226.0 210226 0 HELIFO 439.15 35.61 10.1 A 21
210235.0 210235 0 MACHTH 435.69 30.84 36 A 21
210236.0 210236 0 PYRESH 435.42 32.45 23.8 A 21
210237.0 210237 0 GLOCAC 436.68 33.02 34.1 A 21
210238.0 210238 0 HELIFO 438.23 33.69 11.7 A 21
210240.0 210240 0 HELIFO 432.51 22.51 18.6 A 21
210250.0 210250 0 CASTCU 431.05 27.01 40 A 21
210256.0 210256 0 HELIFO 436.23 27.07 10.4 A 21
210260.0 210260 0 MACHZU 435.14 20.58 27.9 A 21
210317.0 210317 0 HELIFO 420.96 51.53 11.3 A 21
210322.0 210322 0 HELIFO 422.61 53.76 15.4 A 21
210330.0 210330 0 CASTCU 428.62 58.36 21.1 A 21
210341.0 210341 0 SCHEOC 429.24 54.85 17.7 A 21
210342.0 210342 0 LITSAC 428.9 51.96 18.8 A 21
210347.0 210347 0 LITSAC 427.52 50.86 13.9 A 21
210348.0 210348 0 CLEYJA 428.88 51.06 26.5 A 21
210359.0 210359 0 ENGERO 434.31 52.3 11.6 A 21
210367.0 210367 0 DIOSMO 432.08 59.55 30.4 A 21
210375.0 210375 0 SYMPTH 435.53 52.82 10.1 A 21
210400.0 210400 0 MACHTH 431.95 44.53 32.9 A 21
210401.0 210401 0 CLEYJA 430.28 41.03 17 A 21
210411.0 210411 0 CYCLSE 431.81 46.86 13.9 A 21
210419.0 210419 0 MELISQ 436.81 49.11 18.5 A 21
210420.0 210420 0 HELIFO 435.6 46.27 14.9 A 21
210451.0 210451 0 MACHTH 436.43 42.27 32.8 A 21
210461.0 210461 0 MACHZU 422.95 64.06 24 A 21
210472.0 210472 0 PYRESH 422.03 65.99 20.6 A 21
210484.0 210484 0 CRYPCH 423.52 69.6 22.8 A 21
210511.0 210511 0 CLEYJA 428.88 64 17.9 A 21
210528.0 210528 0 LIMLUR 427.15 64.8 44.7 A 21
210544.0 210544 0 ELAEJA 421.64 76.06 35.8 A 21
210545.0 210545 0 PYRESH 421.07 76.03 14.5 A 21
210568.0 210568 0 LITSAC 427.88 78.22 20.2 A 21
210572.0 210572 0 DIOSMO 429.51 76.47 52.4 A 21
210580.0 210580 0 LIMLUR 429.06 72.68 59.9 A 21
210585.0 210585 0 PYRESH 427.45 74.55 22.6 A 21
210592.0 210592 0 MACHTH 431.57 71.03 12.1 A 21
210603.0 210603 0 MACHTH 433.99 75.24 11.9 A 21
210609.0 210609 0 PYRESH 435.15 79.26 22.2 A 21
210615.0 210615 0 ILEXRO 439.2 78.09 12.6 A 21
210617.0 210617 0 HELIFO 439.64 75.41 14.5 A 21
210620.0 210620 0 HELIFO 435.18 73.96 16.3 A 21
210642.0 210642 0 MACHTH 434.81 60.78 19.6 A 21
210646.0 210646 0 MACHMU 430.29 67.52 29.9 A 21
210672.0 210672 0 CASTCU 439.48 61.5 10.8 A 21
210674.0 210674 0 PYRESH 436.26 61.26 25.4 A 21
210678.0 210678 0 HELIFO 421.42 84.24 9.9 A 21
210686.0 210686 0 PYRESH 424.3 89.78 17.4 A 21
210695.0 210695 0 LITSAC 425.18 88.43 21.6 A 21
210709.0 210709 0 HELIFO 427.99 85.78 9.8 A 21
210715.0 210715 0 HELIFO 429.4 87.84 10.9 A 21
210724.0 210724 0 MACHMU 426.9 83.14 38.7 A 21
210729.0 210729 0 LIMLUR 420.28 92.53 23 A 21
210743.0 210743 0 SYMPTH 424.54 99.85 12.3 A 21
210746.0 210746 0 MELISQ 425.21 97.94 13.5 A 21
210755.0 210755 0 CASTCU 428.93 98.42 51.1 A 21
210759.0 210759 0 MELISQ 427.76 94.93 9.9 A 21
210779.0 210779 0 PYRESH 426.67 93.58 20 A 21
210795.0 210795 0 DIOSMO 434.55 96.02 27 A 21
210801.0 210801 0 CASTCU 435.21 97.3 67.3 A 21
210806.0 210806 0 PRUNPH 438.71 99.92 17.4 A 21
210807.0 210807 0 MELISQ 436.34 95.79 13.9 A 21
210809.0 210809 0 CLEYJA 436.97 95.85 14.5 A 21
210813.0 210813 0 CASTCU 438.25 91.89 18.4 A 21
210824.0 210824 0 MACHTH 435.32 92.08 11.1 A 21
210835.0 210835 0 LIMLUR 433.57 85.55 43.5 A 21
210836.0 210836 0 SYMPTH 434.16 86.19 21.5 A 21
210839.0 210839 0 MACHMU 432.69 89.85 31.7 A 21
210844.0 210844 0 PYRESH 435.69 87.3 16.8 A 21
210851.0 210851 0 SYMPTH 439.67 89.84 11.6 A 21
210852.0 210852 0 CLEYJA 438.39 84.73 17.2 A 21
210854.0 210854 0 DIOSMO 439.44 81.63 25.7 A 21
210868.0 210868 0 PYRESH 422.24 103.72 19.1 A 22
210879.0 210879 0 LIMLUR 424.85 108.94 19.9 A 22
210886.0 210886 0 CASTCU 424.82 106.12 50.2 A 22
210891.0 210891 0 GLOCAC 428.52 108.36 10.6 A 22
210893.0 210893 0 HELIFO 429.2 109.17 10.6 A 22
210909.0 210909 0 PYRESH 425.15 102.7 14.3 A 22
210917.0 210917 0 CLEYJA 429.79 102.77 20 A 22
210920.0 210920 0 MELISQ 433.86 111.36 27.8 A 22
210931.0 210931 0 PRUNPH 431.57 116.16 15.7 A 22
210932.0 210932 0 ELAESY 432.78 115.62 18.5 A 22
210936.0 210936 0 MACHTH 434.81 119.73 36.2 A 22
210946.0 210946 0 CASTCU 436.77 117.55 12.1 A 22
210947.0 210947 0 CLEYJA 436.2 119.7 15.7 A 22
210949.0 210949 0 LITSAC 438.36 119.68 21.9 A 22
210951.0 210951 0 HELIFO 439.13 117.04 10.8 A 22
210952.0 210952 0 DIOSMO 437.14 114.84 19.2 A 22
210958.0 210958 0 ELAESY 438.71 112.14 11.4 A 22
210960.0 210960 0 MACHTH 434.51 104.64 20.8 A 22
210964.0 210964 0 ILEXFO 432.25 104.3 12.4 A 22
210979.0 210979 0 ADINFO 434.7 106.8 10.4 A 22
210981.0 210981 0 MACHTH 431.27 109.88 12.1 A 22
210983.0 210983 0 HELIFO 430.11 109.91 9.5 A 22
210993.0 210993 0 LITSAC 436.17 102 24.5 A 22
211002.0 211002 0 DIOSMO 421.56 110.85 18.4 A 22
211006.0 211006 0 MELISQ 420.55 112.55 15.4 A 22
211008.0 211008 0 LITSAC 422.92 114.94 10.5 A 22
211018.0 211018 0 LIMLUR 420.76 118.89 36.4 A 22
211026.0 211026 0 LITSAC 425.31 119.71 16.2 A 22
211045.0 211045 0 ELAESY 428.19 114.09 18.8 A 22
211047.0 211047 0 LIMLUR 425.26 113.92 35.4 A 22
211049.0 211049 0 LIMLUR 425.26 113.19 18.8 A 22
211058.0 211058 0 MELISQ 424.35 110.64 11.8 A 22
211060.0 211060 0 HELIFO 422.55 120.64 13.6 A 22
211075.0 211075 0 CLEYJA 423.02 122.72 12.9 A 22
211080.0 211080 0 LITSAC 424.85 123.45 10.1 A 22
211085.0 211085 0 POURBE 422.17 126.24 18.8 A 22
211086.0 211086 0 MICHCO 422.44 127.28 21.8 A 22
211105.0 211105 0 LIMLUR 424.03 128.87 36.3 A 22
211118.0 211118 0 MELISQ 427.73 129.28 23.5 A 22
211124.0 211124 0 MELISQ 425.79 126.43 13.9 A 22
211127.0 211127 0 MELISQ 427.27 125.71 14 A 22
211130.0 211130 0 MELISQ 425.46 125.46 18.8 A 22
211136.0 211136 0 MACHMU 429.08 126.3 26.3 A 22
211147.0 211147 0 CYCLGI 429.3 124.74 19.8 A 22
211156.0 211156 0 LITSAC 427.38 122.17 15.5 A 22
211166.0 211166 0 ELAESY 423.22 133.12 15 A 22
211179.0 211179 0 CLEYJA 427.51 139.4 17.5 A 22
211188.0 211188 0 DIOSMO 426.77 137.04 11.2 A 22
211191.0 211191 0 MACHTH 425.19 135.27 29.9 A 22
211193.0 211193 0 PYRESH 425.18 135.83 17.5 A 22
211210.0 211210 0 MELISQ 426.16 130.69 15.3 A 22
211211.0 211211 0 MACHTH 425.86 131.16 39.1 A 22
211214.0 211214 0 PYRESH 426.04 132.01 15 A 22
211222.0 211222 0 PYRESH 433.57 134.51 25.4 A 22
211239.0 211239 0 CLEYJA 430.49 130.65 15.8 A 22
211251.0 211251 0 MELISQ 433.4 139.46 18.9 A 22
211252.0 211252 0 CLEYJA 434.84 139.9 12.5 A 22
211254.0 211254 0 MELISQ 432.99 139.9 10.3 A 22
211293.0 211293 0 LIMLUR 437.57 134.94 41 A 22
211304.0 211304 0 MELISQ 439.59 130.91 17.2 A 22
211347.0 211347 0 MELISQ 431.76 128.7 14.3 A 22
211363.0 211363 0 CINNAU 435.41 128.84 16.8 A 22
211370.0 211370 0 LIMLUR 438.84 127.52 64.2 A 22
211379.0 211379 0 MELISQ 435.48 123.25 17.4 A 22
211400.0 211400 0 LINDCO 423.06 142.55 20.6 A 22
211401.0 211401 0 MACHMU 423.66 141.46 33.9 A 22
211423.0 211423 0 LITSAC 425.51 149.44 12.3 A 22
211429.0 211429 0 PYRESH 429.88 149.13 17.8 A 22
211430.0 211430 0 CASTCU 428.42 146.93 33.2 A 22
211440.0 211440 0 LITSAC 426.51 143.82 20.4 A 22
211447.0 211447 0 LIMLUR 421.86 151.77 38.4 A 22
211455.0 211455 0 HELIFO 423.82 152.16 10.8 A 22
211468.0 211468 0 LIMLUR 421.39 157 27.6 A 22
211474.0 211474 0 MACHZU 424.11 155.31 13 A 22
211478.0 211478 0 CLEYJA 426.17 159.11 12 A 22
211480.0 211480 0 GLOCAC 429.77 159.55 14.2 A 22
211483.0 211483 0 ELAEJA 428.87 156.36 17.3 A 22
211494.0 211494 0 PYRESH 427.07 154.9 19.5 A 22
211495.0 211495 0 MACHZU 427.39 154.47 12.2 A 22
211501.0 211501 0 DIOSMO 428.94 152.16 30.5 A 22
211508.0 211508 0 LINDCO 430.82 152.1 12.3 A 22
211514.0 211514 0 LIMLUR 431.44 154.37 52 A 22
211518.0 211518 0 PYRESH 434.13 154.64 13.2 A 22
211525.0 211525 0 LIMLUR 431.23 158.02 54.9 A 22
211534.0 211534 0 MACHTH 434.08 155.88 23.9 A 22
211540.0 211540 0 CLEYJA 437.24 158.22 10.4 A 22
211541.0 211541 0 PYRESH 437.69 158.5 20.7 A 22
211553.0 211553 0 MACHMU 438.94 150.61 10.9 A 22
211564.0 211564 0 LITSAC 434.17 142.13 22.6 A 22
211568.0 211568 0 DIOSMO 436 145.68 14.8 A 22
211572.0 211572 0 LITSAC 436.19 147.37 11.6 A 22
211582.0 211582 0 PYRESH 437.56 147.33 10.4 A 22
211595.0 211595 0 SYMPGL 438.6 143.48 9.6 A 22
211605.0 211605 0 LIMLUR 437.85 140.37 52.5 A 22
211612.0 211612 0 PYRESH 424.1 163.35 19.9 A 22
211619.0 211619 0 HELIFO 420.58 165.08 10.5 A 22
211626.0 211626 0 LIMLUR 421.49 168.93 89.1 A 22
211637.0 211637 0 ELAESY 426.1 167.1 9.8 A 22
211650.0 211650 0 CYCLGI 425.87 160.99 13.7 A 22
211652.0 211652 0 PYRESH 426.93 161.22 19 A 22
211656.0 211656 0 MELISQ 425.56 163.43 30.8 A 22
211668.0 211668 0 CLEYJA 427.44 161.08 13.4 A 22
211685.0 211685 0 LIMLUR 420.45 175.64 18 A 22
211689.0 211689 0 PYRESH 423.33 178.08 17.6 A 22
211694.0 211694 0 LIMLUR 423.02 176.4 12.1 A 22
211695.0 211695 0 DIOSMO 423.35 175.81 40.7 A 22
211699.0 211699 0 CASTCU 425.56 178.94 44.6 A 22
211707.0 211707 0 PYRESH 428.09 178.08 14.6 A 22
211710.0 211710 0 MACHTH 427.99 176.2 23.1 A 22
211715.0 211715 0 LIMLUR 425.38 171.11 38.3 A 22
211718.0 211718 0 PYRESH 425.76 173.15 28.3 A 22
211730.0 211730 0 GLOCAC 429.25 171.18 9.9 A 22
211737.0 211737 0 HELIFO 430.15 171.15 10.1 A 22
211742.0 211742 0 CINNMI 432.52 174.12 16.7 A 22
211770.0 211770 0 LIMLUR 435.62 177.18 56.8 A 22
211777.0 211777 0 CLEYJA 438.69 178.57 13.9 A 22
211778.0 211778 0 CASTCU 437.91 177.04 37.1 A 22
211784.0 211784 0 ELAESY 430.12 161.57 16.8 A 22
211796.0 211796 0 LIMLUR 433.74 166.46 50.5 A 22
211807.0 211807 0 MICHCO 435.65 162.13 17.6 A 22
211817.0 211817 0 CLEYJA 424.06 181.02 16.3 A 22
211818.0 211818 0 MELISQ 424.16 180.72 18.7 A 22
211838.0 211838 0 LIMLUR 425.96 188.75 58.5 A 22
211843.0 211843 0 CASTCU 427.44 187.6 10.3 A 22
211847.0 211847 0 MACHMU 427.72 185.27 12 A 22
211861.0 211861 0 DIOSMO 428.46 182.4 21.5 A 22
211866.0 211866 0 CLEYJA 422.3 194.98 19.6 A 22
211867.0 211867 0 MELISQ 424.31 194.37 22.1 A 22
211872.0 211872 0 HELIFO 422.76 191.83 10 A 22
211880.0 211880 0 MACHMU 424.61 199.58 19.6 A 22
211882.0 211882 0 GLOCAC 426.07 196.94 12.6 A 22
211883.0 211883 0 LIMLUR 425.92 197.58 43.5 A 22
211888.0 211888 0 PYRESH 426.48 192.04 15.1 A 22
211890.0 211890 0 CLEYJA 427.85 194.14 20.7 A 22
211892.0 211892 0 PYRESH 425.38 194.57 14.1 A 22
211893.0 211893 0 PRUNPH 427.52 191.06 9.9 A 22
211896.0 211896 0 CASTCU 430.9 190.96 24.9 A 22
211914.0 211914 0 PYRESH 431.53 196.93 14.2 A 22
211915.0 211915 0 PYRESH 432 197.28 24 A 22
211930.0 211930 0 PYRESH 435.39 195.93 29.7 A 22
211931.0 211931 0 PYRESH 435.18 197.14 14.5 A 22
211935.0 211935 0 LIMLUR 437.99 199.64 26.8 A 22
211942.0 211942 0 MELISQ 439.72 195.29 10.2 A 22
211944.0 211944 0 PYRESH 438.39 196.02 11.3 A 22
211945.0 211945 0 PYRESH 436.07 195.55 11.9 A 22
211954.0 211954 0 HELIFO 436.75 194.97 11.3 A 22
211974.0 211974 0 DIOSMO 430.71 183.95 10.2 A 22
211989.0 211989 0 CASTCU 433.86 181.2 20.3 A 22
211997.0 211997 0 PYRESH 434.79 186.39 10.6 A 22
211998.0 211998 0 LITSAC 434.4 185.62 10.3 A 22
212002.0 212002 0 SCHEOC 435.25 189.77 11.6 A 22
213748.0 213748 0 MELISQ 420.8 414.7 11.4 A 25
213750.0 213750 0 LIMLUR 424.61 413.38 59.4 A 25
213753.0 213753 0 MELISQ 422.76 416.42 10.4 A 25
213763.0 213763 0 ILEXRO 426.5 415.93 27.5 A 25
213765.0 213765 0 PYRESH 426.51 418.89 13.2 A 25
213768.0 213768 0 LAGESU 426.98 418.28 25.5 A 25
213775.0 213775 0 CRYPCH 425.59 413.86 11.2 A 25
213805.0 213805 0 MACHTH 431.23 400.37 23.4 A 25
213812.0 213812 0 PRUNPH 432.78 403.32 18.8 A 25
213815.0 213815 0 LIMLUR 433.19 404.33 50.6 A 25
213832.0 213832 0 SCHEOC 435.46 409.13 20.1 A 25
213841.0 213841 0 MACHMU 439.07 408.75 56 A 25
213852.0 213852 0 MELISQ 439.27 402.81 34.3 A 25
213856.0 213856 0 CASTCU 422.03 422.48 46.8 A 25
213865.0 213865 0 SCHEOC 420.69 425.15 16.5 A 25
213880.0 213880 0 LIMLUR 424.38 426.3 29.4 A 25
213887.0 213887 0 LIMLUR 425.33 426.96 32.1 A 25
213903.0 213903 0 MICHCO 428.36 424.73 49.1 A 25
213909.0 213909 0 MELISQ 426.61 420.74 20.4 A 25
213924.0 213924 0 MACHMU 422.28 438.65 22.6 A 25
213937.0 213937 0 LITSAC 425.66 439.09 13.4 A 25
213944.0 213944 0 MACHMU 428.6 438.72 21.1 A 25
213952.0 213952 0 LITSAC 428.33 435.89 37.7 A 25
213966.0 213966 0 MELISQ 427.85 431.69 25.2 A 25
213983.0 213983 0 CRYPCH 437.66 431.5 39.1 A 25
213990.0 213990 0 HELIFO 433.72 424.97 10.8 A 25
213993.0 213993 0 MACHMU 432.69 428.48 19.6 A 25
213996.0 213996 0 MACHJA 433.69 428.92 11.5 A 25
214013.0 214013 0 HELIFO 438.62 425.12 10.7 A 25
214014.0 214014 0 LINDCO 435.87 424.23 39 A 25
214015.0 214015 0 LAGESU 438.56 423.09 26.9 A 25
214017.0 214017 0 LAGESU 437.81 420.47 19.3 A 25
214019.0 214019 0 CYCLGI 436.98 420.25 37.5 A 25
214025.0 214025 0 SCHEOC 422.3 443.19 11.1 A 25
214032.0 214032 0 MACHMU 423.15 440.81 17.6 A 25
214036.0 214036 0 HELIFO 422.82 448.59 9.6 A 25
214047.0 214047 0 ELAEJA 426.4 448.36 14.1 A 25
214061.0 214061 0 CASTCU 427.69 442.62 16.3 A 25
214105.0 214105 0 CASTCU 429.03 451.13 19.6 A 25
214118.0 214118 0 MACHMU 432.21 442.58 43 A 25
214130.0 214130 0 MACHJA 437.62 442.62 18.5 A 25
214141.0 214141 0 HELIFO 423.43 463.53 11.5 A 25
214144.0 214144 0 MACHMU 423.52 461.46 14.3 A 25
214147.0 214147 0 HELIFO 420.85 465.86 9.9 A 25
214156.0 214156 0 LITSAC 424.33 469.24 15.2 A 25
214163.0 214163 0 PYRESH 424.84 465.34 37.5 A 25
214165.0 214165 0 MACHMU 425.22 465.48 22 A 25
214168.0 214168 0 MACHMU 426.81 468.06 16.6 A 25
214169.0 214169 0 GLOCAC 425.39 460.54 18.6 A 25
214170.0 214170 0 CYCLLO 426.64 460.41 20 A 25
214177.0 214177 0 GLOCAC 420.97 470.18 17.7 A 25
214181.0 214181 0 CASTCU 421.2 475.31 46.7 A 25
214186.0 214186 0 NEOLAC 421.63 478.22 22 A 25
214187.0 214187 0 CASTCU 422.47 479.95 21.2 A 25
214195.0 214195 0 PYRESH 427.45 475.28 23.2 A 25
214200.0 214200 0 DIOSMO 425.92 473.06 14.1 A 25
214209.0 214209 0 HELIFO 428.49 471.55 14.4 A 25
214216.0 214216 0 LAGESU 434.07 470.65 13.2 A 25
214220.0 214220 0 HELIFO 435.51 479.53 12.1 A 25
214241.0 214241 0 HELIFO 435.19 466.91 15 A 25
214245.0 214245 0 HELIFO 438.87 467.5 14.7 A 25
214264.0 214264 0 HELIFO 428.71 483.63 13 A 25
214267.0 214267 0 SCHEOC 420.12 494.96 18.8 A 25
214279.0 214279 0 PRUNPH 426.9 499.81 16.1 A 25
214280.0 214280 0 HELIFO 428.69 499.43 11.1 A 25
214283.0 214283 0 CYCLGI 431.23 492.33 84.4 A 25
214284.0 214284 0 RHUSSU 431.13 492.68 24.7 A 25
214285.0 214285 0 PRUNPH 431.47 492.62 12.9 A 25
214290.0 214290 0 MACHJA 433.15 495.98 42.4 A 25
214298.0 214298 0 PYRESH 438.22 493.14 14.8 A 25
214303.0 214303 0 MACHJA 431.09 484.02 60.4 A 25
214304.0 214304 0 SYMPTH 431.12 488.23 9.6 A 25
214311.0 214311 0 LITSAC 437.96 481.5 25.8 A 25
214358.0 214358 0 LITSAC 429.1 51.98 13.2 A 21
214439.0 214439 0 HELIFO 435.36 113.89 9.7 A 22
220007.0 220007 0 MACHTH 444.9 0.38 50.7 A 21
220009.0 220009 0 LITSAC 443.89 1.2 23.3 A 21
220010.0 220010 0 SYMPTH 443.89 0.59 15.3 A 21
220013.0 220013 0 MACHZU 440.01 6.2 37.3 A 21
220014.0 220014 0 LITSAC 440.96 6.27 9.8 A 21
220015.0 220015 0 LITSAC 440.96 8.79 10.6 A 21
220016.0 220016 0 CASTCU 442.48 7.54 24 A 21
220020.0 220020 0 CASTCU 443.64 7.45 57.8 A 21
220024.0 220024 0 MACHZU 445.93 6.81 33.2 A 21
220039.0 220039 0 MACHMU 441.77 13.85 36.5 A 21
220041.0 220041 0 HELIFO 441.68 14.09 11.4 A 21
220069.0 220069 0 PASAHN 446.41 14.28 26.3 A 21
220099.0 220099 0 PASAHN 453.49 18.56 29.3 A 21
220109.0 220109 0 MACHMU 455.74 10.54 54.5 A 21
220112.0 220112 0 LITSAC 452.7 1.46 14.6 A 21
220118.0 220118 0 LITSAC 453.91 2.7 16.1 A 21
220119.0 220119 0 PASAHR 454.13 1.86 46.7 A 21
220123.0 220123 0 ITEAPA 451.27 7.24 11.7 A 21
220124.0 220124 0 ITEAPA 450.52 7.23 10.9 A 21
220129.0 220129 0 ITEAPA 452.35 7.13 15.7 A 21
220140.0 220140 0 ITEAPA 452.32 5.28 24 A 21
220155.0 220155 0 PYRESH 441.13 23.64 40.7 A 21
220156.0 220156 0 LIMLUR 443.43 24.96 15.6 A 21
220158.0 220158 0 HELIFO 443.44 22.62 13.2 A 21
220161.0 220161 0 HELIFO 442.03 20.57 10.1 A 21
220162.0 220162 0 PASAHN 441.95 25.05 14.5 A 21
220172.0 220172 0 HELIFO 442.95 27.45 10 A 21
220181.0 220181 0 HELIFO 446.26 25.45 14.5 A 21
220189.0 220189 0 GLOCAC 449.16 20.9 11.3 A 21
220195.0 220195 0 MACHMU 440.48 34.88 67.2 A 21
220199.0 220199 0 HELIFO 444.46 30.83 15.9 A 21
220205.0 220205 0 HELIFO 442.42 39.41 11.1 A 21
220207.0 220207 0 HELIFO 443.01 38.43 11.6 A 21
220214.0 220214 0 CASTCU 448.12 35.39 29.1 A 21
220221.0 220221 0 PASAHR 448.46 33.14 38.6 A 21
220229.0 220229 0 HELIFO 450.97 33.31 11.5 A 21
220231.0 220231 0 HELIFO 454.48 32.57 11.5 A 21
220238.0 220238 0 HELIFO 458.39 38.52 18.3 A 21
220242.0 220242 0 LITSAC 452.36 21.7 13.2 A 21
220252.0 220252 0 HELIFO 452.42 25.54 10.1 A 21
220263.0 220263 0 LITSAC 455.96 24.07 26.5 A 21
220273.0 220273 0 MELISQ 443.55 42.87 24.6 A 21
220282.0 220282 0 MACHTH 441.46 47.52 46.6 A 21
220285.0 220285 0 PYRESH 444.13 46.84 22.7 A 21
220288.0 220288 0 HELIFO 445.06 48.53 12.3 A 21
220289.0 220289 0 CASTCU 447.42 49.92 35 A 21
220304.0 220304 0 MACHJA 447.24 42.02 23.4 A 21
220338.0 220338 0 GLOCAC 451.18 51.45 12.2 A 21
220352.0 220352 0 SYMPTH 458.46 57.81 13.2 A 21
220374.0 220374 0 CYCLGI 453.69 44.56 23.2 A 21
220377.0 220377 0 SCHEOC 454.92 41.39 16.5 A 21
220383.0 220383 0 CASTCU 451.94 49.14 27 A 21
220413.0 220413 0 HELIFO 459.03 44.46 9.5 A 21
220430.0 220430 0 LITSAC 440.93 64.03 31.3 A 21
220463.0 220463 0 MELISQ 446.22 66.25 14.8 A 21
220469.0 220469 0 MELISQ 447.83 69.41 18.9 A 21
220481.0 220481 0 CLEYJA 445.86 63.99 13.1 A 21
220484.0 220484 0 SCHEOC 446.66 63.82 10.6 A 21
220488.0 220488 0 MACHMU 447.66 64.31 10.8 A 21
220510.0 220510 0 MELISQ 440.72 71.91 14.8 A 21
220514.0 220514 0 LIMLUR 441.1 74.27 32.1 A 21
220531.0 220531 0 MELISQ 444.85 79.09 15.1 A 21
220540.0 220540 0 LIMLUR 448.33 79.38 58.1 A 21
220554.0 220554 0 HELIFO 447.61 77.79 12.6 A 21
220584.0 220584 0 ELAESY 452.57 79.11 13.6 A 21
220585.0 220585 0 MACHTH 452.93 78.42 23.7 A 21
220589.0 220589 0 CLEYJA 455.08 75.2 13.3 A 21
220626.0 220626 0 MELISQ 452.69 64.22 16.8 A 21
220635.0 220635 0 CLEYJA 454.27 62.4 20.9 A 21
220636.0 220636 0 ILEXFO 453.43 62.81 13.5 A 21
220639.0 220639 0 LIMLUR 453.88 60.78 30 A 21
220647.0 220647 0 MELISQ 451.16 68.6 19.9 A 21
220648.0 220648 0 MELISQ 451.15 68.79 22.7 A 21
220651.0 220651 0 PRUNPH 451.29 69.65 22.8 A 21
220672.0 220672 0 CASTCU 457.46 69.27 11.9 A 21
220673.0 220673 0 MACHTH 456.85 69.53 23.8 A 21
220678.0 220678 0 RANDCO 455.93 61.43 10.3 A 21
220687.0 220687 0 GLOCAC 440.02 81.64 26.9 A 21
220714.0 220714 0 CASTCU 449.07 89.67 18.9 A 21
220728.0 220728 0 CASTCU 449.68 82.71 19.8 A 21
220742.0 220742 0 MELISQ 444.13 96.53 22.2 A 21
220747.0 220747 0 SYMPTH 447.56 99.13 25.4 A 21
220755.0 220755 0 MELISQ 449.01 96.87 12.4 A 21
220761.0 220761 0 PYRESH 447.45 93.97 22.1 A 21
220779.0 220779 0 MICHCO 450.26 98.45 10.3 A 21
220790.0 220790 0 LIMLUR 454 97.89 71.2 A 21
220797.0 220797 0 PYRESH 452.52 95.64 23 A 21
220802.0 220802 0 PYRESH 457.45 98.55 25.1 A 21
220803.0 220803 0 DIOSMO 457.45 98.45 12.8 A 21
220816.0 220816 0 LIMLUR 455.26 92.6 68.5 A 21
220822.0 220822 0 PYRESH 458.91 91.09 17.9 A 21
220825.0 220825 0 SYMPTH 458.22 91.11 14.5 A 21
220838.0 220838 0 CLEYJA 453.61 80.62 13.2 A 21
220842.0 220842 0 LIMLUR 450.96 87.58 37.7 A 21
220847.0 220847 0 MELISQ 452.13 89.75 19.8 A 21
220851.0 220851 0 PYRESH 453.47 88.66 24.4 A 21
220864.0 220864 0 MELISQ 455.89 87.03 22 A 21
220867.0 220867 0 HELIFO 457.29 87.62 9.6 A 21
220868.0 220868 0 MICHCO 457.32 85.54 13.7 A 21
220877.0 220877 0 CINNAU 457.49 84.93 14.3 A 21
220883.0 220883 0 LIMLUR 459.25 81.09 53.1 A 21
220888.0 220888 0 CASTCU 440.39 104.61 15.5 A 22
220891.0 220891 0 CASTCU 441.88 104.9 29.4 A 22
220906.0 220906 0 MACHTH 441.9 109.38 42.6 A 22
220920.0 220920 0 ELAESY 447.98 108.84 10.2 A 22
220933.0 220933 0 CLEYJA 446.93 104.47 25.5 A 22
220942.0 220942 0 HELIFO 441.86 114.26 12 A 22
220974.0 220974 0 ELAESY 445.33 116.02 16.7 A 22
220980.0 220980 0 CINNAU 446.53 118.52 12.4 A 22
220988.0 220988 0 GORDAX 449.6 118.89 21.3 A 22
221003.0 221003 0 MELISQ 445.07 111.6 12.2 A 22
221007.0 221007 0 CINNAU 446.04 112.63 12.4 A 22
221008.0 221008 0 LITSAC 445.77 112.73 13.2 A 22
221032.0 221032 0 HELIFO 450.97 111.59 9.6 A 22
221033.0 221033 0 SYMPGL 451.62 112.2 13.8 A 22
221036.0 221036 0 CLEYJA 452.65 114.95 17 A 22
221037.0 221037 0 MELISQ 452.65 114.14 11.7 A 22
221053.0 221053 0 ELAESY 452.88 118.55 11.2 A 22
221060.0 221060 0 MACHTH 453.32 116.32 16.2 A 22
221063.0 221063 0 CASTCU 455.24 115.25 41.5 A 22
221069.0 221069 0 DIOSMO 457.38 119.7 12.6 A 22
221072.0 221072 0 CASTCU 459.08 119.31 15 A 22
221074.0 221074 0 HELIFO 457.94 117.67 11.5 A 22
221075.0 221075 0 LITSAC 457.95 116.69 13.4 A 22
221086.0 221086 0 CASTCU 455.96 113.92 16.9 A 22
221094.0 221094 0 MELISQ 450.29 100.8 14.7 A 22
221097.0 221097 0 CINNMI 452.34 103.52 39.6 A 22
221108.0 221108 0 SYMPTH 453.17 102.16 17.8 A 22
221114.0 221114 0 DIOSMO 450.91 108.51 9.5 A 22
221117.0 221117 0 PYRESH 452.52 108.59 13.4 A 22
221119.0 221119 0 LIMLUR 452.32 109.07 43.9 A 22
221124.0 221124 0 SYMPSO 453.94 109.05 17.6 A 22
221142.0 221142 0 MACHTH 456.84 102.06 23.2 A 22
221154.0 221154 0 GLOCAC 458.83 103.52 12.8 A 22
221158.0 221158 0 LIMLUR 458.93 102.34 30.5 A 22
221200.0 221200 0 LITSAC 444.5 126.62 10.3 A 22
221210.0 221210 0 LIMLUR 445.72 129.19 67.1 A 22
221241.0 221241 0 ELAESY 447.47 120.58 21.6 A 22
221249.0 221249 0 PYRESH 440.96 134.33 22.3 A 22
221265.0 221265 0 PYRESH 440.31 138.33 14.5 A 22
221285.0 221285 0 MELISQ 448.66 137.99 17.2 A 22
221293.0 221293 0 MELISQ 449.37 136.87 17.8 A 22
221300.0 221300 0 MELISQ 445.8 132.08 15.7 A 22
221336.0 221336 0 CLEYJA 452.89 136.69 15.4 A 22
221339.0 221339 0 MACHZU 453.77 136.2 12.4 A 22
221340.0 221340 0 CLEYJA 454.74 135.35 14.1 A 22
221350.0 221350 0 MELISQ 458.6 139.04 14.3 A 22
221363.0 221363 0 LITSAC 457.98 136.08 12.6 A 22
221368.0 221368 0 CINNSU 455.26 130.7 12.8 A 22
221379.0 221379 0 LITSAC 459.08 131.38 9.5 A 22
221384.0 221384 0 LITSAC 451.15 121.25 27.6 A 22
221392.0 221392 0 MACHTH 453.93 123.56 33.7 A 22
221397.0 221397 0 ELAEJA 451.56 125.22 17.1 A 22
221406.0 221406 0 CLEYJA 454.34 129.06 12.1 A 22
221407.0 221407 0 HELIFO 456.14 125.86 10.1 A 22
221408.0 221408 0 DIOSMO 455.62 128.83 20.2 A 22
221420.0 221420 0 MACHMU 458.66 125.99 12.2 A 22
221427.0 221427 0 MACHTH 455.59 121.69 25.8 A 22
221432.0 221432 0 CLEYJA 455.77 124.91 18.8 A 22
221463.0 221463 0 LIMLUR 442.44 147.72 57 A 22
221469.0 221469 0 SCHEOC 446.43 147.34 19.8 A 22
221477.0 221477 0 PYRESH 446.58 144.9 14.2 A 22
221488.0 221488 0 DIOSMO 447.67 141.34 40.3 A 22
221492.0 221492 0 MELISQ 442.95 153.87 21.1 A 22
221495.0 221495 0 LIMLUR 444.38 158.75 70.9 A 22
221500.0 221500 0 MICHCO 446.39 156.3 10.9 A 22
221509.0 221509 0 ELAEJA 448.66 157.27 17.1 A 22
221523.0 221523 0 DIOSMO 448.43 153.62 17.3 A 22
221530.0 221530 0 MACHMU 450.16 151.89 18.5 A 22
221531.0 221531 0 LIMLUR 451.6 150.52 55.3 A 22
221533.0 221533 0 MELISQ 450.53 152.6 12.7 A 22
221541.0 221541 0 LIMLUR 452.38 154.65 34.9 A 22
221563.0 221563 0 DIOSMO 455.22 156.26 21.3 A 22
221567.0 221567 0 PYRESH 457.41 157.48 14.9 A 22
221574.0 221574 0 PYRESH 455.69 151.08 24.2 A 22
221581.0 221581 0 PYRESH 459.69 152.38 20 A 22
221582.0 221582 0 PYRESH 459.64 153.14 9.9 A 22
221589.0 221589 0 LITSAC 451.4 141.84 11.6 A 22
221592.0 221592 0 PYRESH 452.29 142.57 16.6 A 22
221593.0 221593 0 MELISQ 451.61 143.69 11 A 22
221596.0 221596 0 LIMLUR 450.56 143.98 41.6 A 22
221611.0 221611 0 RANDCO 456.14 142.02 13.5 A 22
221617.0 221617 0 LAGESU 458.4 144.84 15.4 A 22
221621.0 221621 0 LIMLUR 442.27 160.88 42.5 A 22
221626.0 221626 0 PYRESH 444.5 164.61 23.5 A 22
221627.0 221627 0 MELISQ 444.81 162.46 22.2 A 22
221628.0 221628 0 SCHEOC 443.09 162.57 14.2 A 22
221634.0 221634 0 HELIFO 443.23 168.84 9.6 A 22
221655.0 221655 0 PYRESH 448.59 164.7 23.6 A 22
221663.0 221663 0 LITSAC 449.62 164.78 11.6 A 22
221666.0 221666 0 DIOSMO 448.86 162.14 30.7 A 22
221675.0 221675 0 MACHTH 441.06 171.35 30.3 A 22
221679.0 221679 0 ILEXFO 440.59 174.27 18 A 22
221694.0 221694 0 SCHEOC 440.86 177.48 16.9 A 22
221697.0 221697 0 MELISQ 444.01 177.85 9.9 A 22
221699.0 221699 0 HELIFO 442.37 177.17 10.4 A 22
221701.0 221701 0 CINNMI 447.28 175.46 22.5 A 22
221708.0 221708 0 MELISQ 448.83 177.71 15.4 A 22
221715.0 221715 0 LIMLUR 446.04 173.02 65.7 A 22
221719.0 221719 0 PRUNPH 448.76 174.41 11.2 A 22
221721.0 221721 0 MACHTH 450.2 172.85 23.6 A 22
221730.0 221730 0 GLOCAC 448.12 170.43 10.6 A 22
221738.0 221738 0 MELISQ 453.3 175.19 11.6 A 22
221739.0 221739 0 PYRESH 451.83 176.88 11.6 A 22
221749.0 221749 0 LIMLUR 454.11 179.03 16.3 A 22
221750.0 221750 0 MELISQ 453.45 177.23 23.1 A 22
221754.0 221754 0 PYRESH 457.42 177.54 12.4 A 22
221760.0 221760 0 PYRESH 455.12 179.88 23 A 22
221767.0 221767 0 MELISQ 455.01 174.61 14.4 A 22
221772.0 221772 0 CASTCU 451.2 160.39 26.6 A 22
221776.0 221776 0 LIMLUR 450.72 163.95 31.7 A 22
221777.0 221777 0 ELAEJA 450.81 164.95 17.9 A 22
221792.0 221792 0 GLOCAC 454.92 169.3 13 A 22
221796.0 221796 0 SYMPSE 455.26 165.91 19.7 A 22
221797.0 221797 0 CASTCU 455.99 167.18 18.7 A 22
221799.0 221799 0 ELAESY 457.99 167.41 15.2 A 22
221800.0 221800 0 ELAESY 457.44 167.84 14.1 A 22
221801.0 221801 0 LITSAC 457.27 168.89 14.4 A 22
221802.0 221802 0 PYRESH 459.14 168.77 18 A 22
221803.0 221803 0 MELISQ 458.88 166 23.7 A 22
221809.0 221809 0 PYRESH 457 164.7 15.3 A 22
221810.0 221810 0 GLOCAC 457.99 163.28 12.8 A 22
221814.0 221814 0 MELISQ 441.37 182.38 12.9 A 22
221816.0 221816 0 CASTCU 442.74 184.03 14.6 A 22
221819.0 221819 0 LITSAC 440.99 186.05 17.4 A 22
221821.0 221821 0 CASTCU 442.98 189.95 23 A 22
221828.0 221828 0 SCHEOC 444.14 186.97 14.3 A 22
221836.0 221836 0 MACHMU 449.86 187.03 32.7 A 22
221838.0 221838 0 GLOCAC 448.37 185.2 15.8 A 22
221842.0 221842 0 CLEYJA 449.59 181.84 9.5 A 22
221848.0 221848 0 LIMLUR 440.24 193.08 69.8 A 22
221860.0 221860 0 GORDAX 440.72 197.13 23 A 22
221864.0 221864 0 LIMLUR 443.13 199.85 43 A 22
221867.0 221867 0 MELISQ 444.85 195.35 18.2 A 22
221876.0 221876 0 CLEYJA 447.46 197 19.4 A 22
221882.0 221882 0 MELISQ 445.03 191.06 15.2 A 22
221901.0 221901 0 LIMLUR 451.67 198.19 47.6 A 22
221906.0 221906 0 MELISQ 451.78 199.88 20 A 22
221935.0 221935 0 LITSAC 458.13 195.9 25.1 A 22
221942.0 221942 0 MELISQ 459.58 194.86 12.4 A 22
221944.0 221944 0 GLOCAC 457.53 191.04 26.1 A 22
221950.0 221950 0 PYRESH 450.59 180.62 10.3 A 22
221954.0 221954 0 MELISQ 450.96 180.34 18.5 A 22
221975.0 221975 0 HELIFO 454.65 186.08 11.8 A 22
221978.0 221978 0 MACHTH 455.06 185.21 16.6 A 22
221981.0 221981 0 PYRESH 456.46 187.2 18.5 A 22
221985.0 221985 0 LIMLUR 459.48 185.15 40.2 A 22
221988.0 221988 0 LIMLUR 459.59 189.78 36.9 A 22
221995.0 221995 0 CLEYJA 455.96 181.06 13.7 A 22
221996.0 221996 0 MELISQ 455.38 184.05 18.7 A 22
224036.0 224036 0 MACHTH 444.43 412.37 23.4 A 25
224038.0 224038 0 HELIFO 442.92 418.59 9.7 A 25
224043.0 224043 0 HELIFO 447.58 417.52 12.1 A 25
224050.0 224050 0 HELIFO 448.16 418.55 14 A 25
224051.0 224051 0 HELIFO 448.15 419.02 10.7 A 25
224057.0 224057 0 MACHMU 451.96 414.07 17.6 A 25
224097.0 224097 0 GLOCAC 457.91 402.42 23.6 A 25
224113.0 224113 0 MALLJA 440.28 427.68 15.6 A 25
224122.0 224122 0 LAGESU 446.86 421 14.8 A 25
224125.0 224125 0 DIOSMO 440.57 431.01 17 A 25
224139.0 224139 0 HELIFO 441.54 439.38 13.7 A 25
224151.0 224151 0 HELIFO 449.83 432.45 10 A 25
224161.0 224161 0 LITSAC 452.5 432.2 29.8 A 25
224164.0 224164 0 GLOCAC 452.81 432.92 46.1 A 25
224190.0 224190 0 RHUSSU 457.49 427.74 42.1 A 25
224208.0 224208 0 LITSAC 444.39 442.45 45.7 A 25
224221.0 224221 0 HELIFO 447.64 444.2 14.1 A 25
224238.0 224238 0 MACHMU 446.66 456.76 51.7 A 25
224248.0 224248 0 CASTCU 449.67 457.48 23.4 A 25
224251.0 224251 0 MACHTH 447.65 456.25 65.4 A 25
224253.0 224253 0 SYMPTH 447.56 455.71 11.9 A 25
224264.0 224264 0 LITSAC 451.22 451.82 12.9 A 25
224265.0 224265 0 MACHMU 451.73 451.91 20 A 25
224269.0 224269 0 LITSAC 454.67 451.09 10.1 A 25
224270.0 224270 0 MACHMU 453.95 451.29 14.7 A 25
224274.0 224274 0 HELIFO 452.58 456.77 10.6 A 25
224275.0 224275 0 HELIFO 450.28 458.49 12 A 25
224283.0 224283 0 CINNMI 456.13 456.32 44.5 A 25
224289.0 224289 0 HELIFO 457.99 458.94 9.6 A 25
224294.0 224294 0 LAGESU 457.22 454.33 16.4 A 25
224321.0 224321 0 LAGESU 453.77 445.18 17.8 A 25
224326.0 224326 0 CASTCU 459.05 448.62 49.5 A 25
224333.0 224333 0 HELIFO 456.64 441.27 9.9 A 25
224342.0 224342 0 RHUSSU 441.23 462.04 14.7 A 25
224345.0 224345 0 HELIFO 444.67 461.6 12.2 A 25
224353.0 224353 0 MACHMU 445.16 466.9 47.8 A 25
224359.0 224359 0 PYRESH 449.78 468.73 23.6 A 25
224365.0 224365 0 SCHEOC 449.75 465.17 29.7 A 25
224387.0 224387 0 PRUNPH 442.14 475.58 11.2 A 25
224397.0 224397 0 SCHEOC 451.76 472.03 10.4 A 25
224399.0 224399 0 SCHEOC 455.96 477.62 17.7 A 25
224403.0 224403 0 PRUNPH 457.83 475.18 27.4 A 25
224418.0 224418 0 LIMLUR 454.06 469.41 136.5 A 25
224426.0 224426 0 CYCLGI 456.37 468.06 26.7 A 25
224431.0 224431 0 MACHMU 455.64 460.62 16 A 25
224439.0 224439 0 PRUNPH 440.51 481.84 21.9 A 25
224456.0 224456 0 LITSAC 440.45 489.9 48.9 A 25
224464.0 224464 0 HELIFO 447.37 482.24 11.2 A 25
224466.0 224466 0 LINDCO 445.11 483.31 39.3 A 25
224483.0 224483 0 CINNMI 442.93 499.4 78.6 A 25
224485.0 224485 0 LITSAC 444.44 497.54 36.8 A 25
224495.0 224495 0 MACHTH 448.93 499.41 21.8 A 25
224502.0 224502 0 ELAEJA 449.01 497.64 32.1 A 25
224504.0 224504 0 CASTCU 449.78 497.99 18.4 A 25
224508.0 224508 0 LITSAC 449.25 496.3 10.3 A 25
224515.0 224515 0 HELIFO 445.42 494.3 13.1 A 25
224516.0 224516 0 MELISQ 446.14 493.89 24.4 A 25
224519.0 224519 0 LITSAC 449.2 494.1 15.1 A 25
224522.0 224522 0 LITSAC 448.81 491.79 25.5 A 25
224549.0 224549 0 MELISQ 453.79 496.26 18.2 A 25
224554.0 224554 0 RANDCO 451.71 498.92 11.8 A 25
224557.0 224557 0 MELISQ 451.91 499.06 32.5 A 25
224564.0 224564 0 MACHTH 453.2 498.02 20.5 A 25
224568.0 224568 0 MELISQ 457.14 496.26 14.5 A 25
224570.0 224570 0 LITSAC 455.8 497.01 28 A 25
224573.0 224573 0 CASTCU 456.43 499.36 29.9 A 25
224576.0 224576 0 MACHTH 458.33 496 36.6 A 25
224583.0 224583 0 LITSAC 455.14 490.42 38.8 A 25
224596.0 224596 0 HELIFO 455.51 480.58 12.2 A 25
224597.0 224597 0 MACHMU 455.92 484.48 31.7 A 25
224644.0 224644 0 MACHMU 446.31 60.34 11.2 A 21
225030.0 225030 0 LITSAC 457.64 422.27 16.1 A 25
225534.0 225534 0 MACHMU 452.37 416.89 11.5 A 25
225558.0 225558 0 MACHMU 449.9 426.91 10.3 A 25
225665.0 225665 0 MACHJA 452.06 492.71 16.5 A 25
230007.0 230007 0 SCHEOC 461.51 3.66 51.8 A 21
230010.0 230010 0 LAGESU 463.91 3.66 47.5 A 21
230015.0 230015 0 HELIFO 465.42 5.72 10 A 21
230017.0 230017 0 HELIFO 467.93 9.17 15 A 21
230021.0 230021 0 MACHMU 461.29 14.5 33.2 A 21
230042.0 230042 0 ITEAPA 471.33 16.29 13.5 A 21
230049.0 230049 0 LITSAC 475.89 15.79 24 A 21
230054.0 230054 0 HELIFO 477.55 15.37 16 A 21
230055.0 230055 0 HELIFO 476.97 15.64 12 A 21
230056.0 230056 0 LITSAC 475.83 13.24 11.8 A 21
230057.0 230057 0 LITSAC 476.57 12.72 28 A 21
230063.0 230063 0 MACHMU 472.49 4.41 34.8 A 21
230085.0 230085 0 MACHMU 479.69 5.35 36.3 A 21
230094.0 230094 0 ITEAPA 461.42 22.44 20.5 A 21
230104.0 230104 0 ENGERO 462.78 26.98 11.6 A 21
230106.0 230106 0 HELIFO 469.42 28.13 9.7 A 21
230109.0 230109 0 MACHTH 467.45 24.87 51.1 A 21
230110.0 230110 0 HELIFO 460.31 32.45 12.2 A 21
230119.0 230119 0 HELIFO 460.11 37.01 13.3 A 21
230131.0 230131 0 HELIFO 466.9 37.62 10.9 A 21
230134.0 230134 0 LITSAC 466.77 39.13 31.5 A 21
230137.0 230137 0 HELIFO 465.76 30.51 10.7 A 21
230144.0 230144 0 MACHTH 474.65 34.03 23.2 A 21
230150.0 230150 0 CLEYJA 470.49 36.47 11.2 A 21
230156.0 230156 0 CASTCU 472.81 36.96 19.9 A 21
230169.0 230169 0 MACHTH 476.8 34.17 23.8 A 21
230189.0 230189 0 CINNMI 473.13 27.47 19.6 A 21
230198.0 230198 0 LIMLUR 474.23 29.68 104.8 A 21
230208.0 230208 0 MACHMU 461.13 44.98 19.9 A 21
230244.0 230244 0 ILEXFO 465.09 44.94 11.6 A 21
230251.0 230251 0 LIMLUR 466.06 41.09 50 A 21
230254.0 230254 0 HELIFO 460.07 51.22 14.3 A 21
230255.0 230255 0 CYCLGI 461.1 51.73 15.3 A 21
230260.0 230260 0 CASTCU 463.87 52.08 58.8 A 21
230263.0 230263 0 LIMLUR 461.19 58.53 57.8 A 21
230271.0 230271 0 MACHTH 466.46 58.02 35.1 A 21
230284.0 230284 0 CASTCU 465.92 52.04 29.5 A 21
230300.0 230300 0 LITSAC 471.46 56.63 34.1 A 21
230305.0 230305 0 ENGERO 476.94 56.09 10.3 A 21
230322.0 230322 0 MACHTH 471.93 42.68 36.2 A 21
230338.0 230338 0 LIMLUR 475.86 47.75 156.5 A 21
230339.0 230339 0 MACHTH 477.79 49.21 22.4 A 21
230349.0 230349 0 MACHTH 460.02 64.53 30.8 A 21
230361.0 230361 0 CLEYJA 465.06 69.06 19.3 A 21
230374.0 230374 0 CLEYJA 467.18 61.39 11.5 A 21
230375.0 230375 0 CLEYJA 460.76 71.05 14.8 A 21
230413.0 230413 0 CLEYJA 466.48 79.07 12.7 A 21
230423.0 230423 0 CLEYJA 469.07 76.59 16.4 A 21
230428.0 230428 0 PYRESH 467.81 76.57 16.1 A 21
230443.0 230443 0 SYMPTH 471.39 70.34 24 A 21
230457.0 230457 0 LIMLUR 473.35 72.13 62.4 A 21
230463.0 230463 0 MELISQ 470.56 78.8 22.5 A 21
230468.0 230468 0 ILEXFI 474.02 78.25 19.1 A 21
230473.0 230473 0 CLEYJA 475.39 77.81 14 A 21
230477.0 230477 0 PYRESH 475.69 78.01 20.1 A 21
230478.0 230478 0 MACHTH 476.26 79.17 25.4 A 21
230480.0 230480 0 PYRESH 478.23 79.64 23.1 A 21
230483.0 230483 0 MELISQ 479.33 79.95 12.9 A 21
230486.0 230486 0 LIMLUR 478.42 77.28 13.9 A 21
230492.0 230492 0 GLOCAC 475.76 71.69 26.1 A 21
230501.0 230501 0 CASTCU 479.04 73.16 28.5 A 21
230511.0 230511 0 LIMLUR 473.86 63.18 57 A 21
230527.0 230527 0 PYRESH 472.18 66.59 15.5 A 21
230533.0 230533 0 HELIFO 471.98 68.65 11 A 21
230540.0 230540 0 CLEYJA 474.16 69.4 21.4 A 21
230564.0 230564 0 DIOSMO 477.64 66.56 23.6 A 21
230580.0 230580 0 CLEYJA 479.47 62.6 16.7 A 21
230599.0 230599 0 MACHTH 462.18 88.83 39.5 A 21
230612.0 230612 0 HELIFO 462.93 86.03 9.8 A 21
230617.0 230617 0 HELIFO 465.49 86.81 9.6 A 21
230621.0 230621 0 DIOSMO 466.47 89.24 26.3 A 21
230638.0 230638 0 LIMLUR 467.98 80.99 33 A 21
230645.0 230645 0 MELISQ 460.42 94.6 10.9 A 21
230646.0 230646 0 PASAHR 461.56 94.31 10.7 A 21
230663.0 230663 0 ELAESY 461.45 99.93 16 A 21
230671.0 230671 0 ELAESY 465.82 97 11.2 A 21
230687.0 230687 0 CASTCU 469.41 95.75 12.4 A 21
230703.0 230703 0 CLEYJA 470.42 90.39 13.9 A 21
230709.0 230709 0 PYRESH 472.72 94.95 31.3 A 21
230714.0 230714 0 SYMPSO 474.78 94.67 14.2 A 21
230722.0 230722 0 HELIFO 471.32 99.09 10 A 21
230726.0 230726 0 MACHTH 474.28 99.74 11.3 A 21
230742.0 230742 0 LIMLUR 477.91 96.08 82.6 A 21
230757.0 230757 0 LIMLUR 472.91 81.9 36.3 A 21
230764.0 230764 0 LIMLUR 470.99 89.09 57.5 A 21
230766.0 230766 0 SCHEOC 472.62 87.06 13 A 21
230774.0 230774 0 LITSAC 478.73 84.47 14.2 A 21
230792.0 230792 0 CLEYJA 463.46 102.13 12.2 A 22
230808.0 230808 0 ELAESY 460.36 109.98 24.9 A 22
230811.0 230811 0 CLEYJA 464.11 109.41 19.8 A 22
230818.0 230818 0 DIOSMO 465.28 107.03 14.8 A 22
230827.0 230827 0 DIOSMO 468.79 105.32 11.6 A 22
230835.0 230835 0 MACHMU 467.32 100.59 13.1 A 22
230840.0 230840 0 LIMLUR 466.7 104 31.8 A 22
230843.0 230843 0 MELISQ 469.38 102.55 29.6 A 22
230847.0 230847 0 CLEYJA 460.55 112.53 12.1 A 22
230854.0 230854 0 LITSAC 461.02 114.98 9.6 A 22
230861.0 230861 0 CLEYJA 464.47 112.58 12.9 A 22
230872.0 230872 0 LITSAC 460.59 116.22 14.7 A 22
230873.0 230873 0 DIOSMO 461.43 116.39 12.8 A 22
230889.0 230889 0 DIOSMO 464.1 115.34 9.5 A 22
230891.0 230891 0 DIOSMO 466.54 116.73 11.3 A 22
230892.0 230892 0 MELISQ 466.46 117.31 16.2 A 22
230893.0 230893 0 LIMLUR 465.53 119.34 24.1 A 22
230913.0 230913 0 CASTCU 468.5 114.63 14 A 22
230921.0 230921 0 GLOCAC 470.61 113.02 10.2 A 22
230931.0 230931 0 MACHTH 470.34 115.52 14.1 A 22
230935.0 230935 0 SYMPSO 472.42 116.67 15.2 A 22
230938.0 230938 0 PRUNPH 470.66 118.4 19.9 A 22
230960.0 230960 0 HELIFO 479.28 117.31 9.5 A 22
230971.0 230971 0 HELIFO 475.09 114.64 9.9 A 22
230977.0 230977 0 LIMLUR 477.2 111.26 56.9 A 22
231003.0 231003 0 MELISQ 470.99 108.04 19.7 A 22
231007.0 231007 0 CLEYJA 470.96 109.68 25.3 A 22
231012.0 231012 0 MELISQ 473.23 108.46 21.6 A 22
231017.0 231017 0 LIMLUR 474.06 106.42 76.8 A 22
231026.0 231026 0 PYRESH 477.61 108.76 20.1 A 22
231034.0 231034 0 PYRESH 479.21 106.76 27.8 A 22
231036.0 231036 0 LITSAC 476.23 103.11 11 A 22
231037.0 231037 0 HELIFO 475.79 103.92 9.8 A 22
231042.0 231042 0 HELIFO 478.74 102.17 10.4 A 22
231045.0 231045 0 CINNSU 477.51 100.76 12.8 A 22
231053.0 231053 0 HELIFO 461.97 121.28 11.1 A 22
231057.0 231057 0 HELIFO 462.41 124.02 11 A 22
231061.0 231061 0 DIOSMO 463.89 121.11 12.5 A 22
231081.0 231081 0 CLEYJA 463.89 127.07 12.5 A 22
231101.0 231101 0 MYRSSE 467.73 127.85 11.6 A 22
231111.0 231111 0 GLOCAC 468.81 127.84 17.8 A 22
231115.0 231115 0 HELIFO 465.49 121.36 10.2 A 22
231120.0 231120 0 MACHMU 466.5 122.67 10.5 A 22
231142.0 231142 0 MELISQ 463.06 132.55 21.8 A 22
231153.0 231153 0 MACHMU 461.73 130.58 9.7 A 22
231154.0 231154 0 LIMLUR 461.54 132.89 60.2 A 22
231167.0 231167 0 MELISQ 466.23 136.56 27.7 A 22
231169.0 231169 0 MELISQ 466.31 139.65 15.2 A 22
231178.0 231178 0 PYRESH 468.62 137.15 31.2 A 22
231179.0 231179 0 CASTCU 468.83 135.58 61.7 A 22
231190.0 231190 0 CLEYJA 469.57 134.04 12.2 A 22
231205.0 231205 0 LIMLUR 466.58 130.41 30 A 22
231207.0 231207 0 CLEYJA 470.35 130.28 10 A 22
231209.0 231209 0 DIOSMO 472 132.4 12.2 A 22
231211.0 231211 0 RANDCO 470.08 132.84 14.2 A 22
231213.0 231213 0 MELISQ 471.02 132.84 22.3 A 22
231215.0 231215 0 CLEYJA 471.74 132.6 12.6 A 22
231220.0 231220 0 CLEYJA 472.79 133.69 20 A 22
231228.0 231228 0 ELAESY 473.64 131.33 14.5 A 22
231242.0 231242 0 CLEYJA 473.32 139.71 19.4 A 22
231261.0 231261 0 MACHTH 476.39 138.4 10.4 A 22
231264.0 231264 0 LITSAC 477.88 139.71 14.5 A 22
231274.0 231274 0 PYRESH 478.74 137.71 20.9 A 22
231296.0 231296 0 GLOCAC 479.48 134.39 15.5 A 22
231299.0 231299 0 MACHTH 479.74 132.5 14.8 A 22
231308.0 231308 0 ELAESY 477.15 131.08 16.7 A 22
231314.0 231314 0 MELISQ 470.22 122.41 12.8 A 22
231317.0 231317 0 CASTCU 470.29 123.51 34.6 A 22
231318.0 231318 0 MACHMU 471.97 124.26 29.5 A 22
231321.0 231321 0 MELISQ 474.38 124.81 16.3 A 22
231327.0 231327 0 CLEYJA 472.66 122.1 17.9 A 22
231340.0 231340 0 ELAEJA 472.82 128.22 13.7 A 22
231345.0 231345 0 MACHTH 473.73 126.69 10.2 A 22
231364.0 231364 0 CLEYJA 479.78 128.46 19.2 A 22
231379.0 231379 0 MELISQ 475.86 124.77 34.1 A 22
231381.0 231381 0 DIOSMO 477.54 124.71 12.9 A 22
231384.0 231384 0 MACHZU 478.13 122.64 9.9 A 22
231387.0 231387 0 ELAESY 479.84 120.27 11.9 A 22
231389.0 231389 0 MACHMU 461.49 141.09 19.1 A 22
231390.0 231390 0 DIOSMO 462.62 141.13 10.4 A 22
231393.0 231393 0 PYRESH 464.68 141.69 11.7 A 22
231394.0 231394 0 LIMLUR 464.89 140.47 60 A 22
231405.0 231405 0 MACHTH 469.31 149 14.3 A 22
231424.0 231424 0 MELISQ 462.45 153.05 26.5 A 22
231445.0 231445 0 LIMLUR 461.7 155.99 55.5 A 22
231448.0 231448 0 MYRSSE 461.8 158.52 12.9 A 22
231451.0 231451 0 PYRESH 464.47 157.52 13.9 A 22
231460.0 231460 0 PYRESH 462.47 155.04 19.5 A 22
231464.0 231464 0 CASTCU 465.01 157.63 49.1 A 22
231466.0 231466 0 POURBE 467.14 159.43 14.1 A 22
231469.0 231469 0 PYRESH 467.42 156.56 18.5 A 22
231478.0 231478 0 LIMLUR 469.58 152.61 37 A 22
231487.0 231487 0 PYRESH 474.31 153.24 29.2 A 22
231501.0 231501 0 CLEYJA 474.72 157.21 21.8 A 22
231521.0 231521 0 LIMLUR 479.24 158.21 31.5 A 22
231530.0 231530 0 MELISQ 475.38 153.11 14.1 A 22
231536.0 231536 0 MELISQ 470.36 142.84 19.3 A 22
231543.0 231543 0 LITSAC 470.28 147.24 9.6 A 22
231565.0 231565 0 HELIFO 460.09 160.74 9.9 A 22
231567.0 231567 0 PYRESH 461.13 162.26 19.3 A 22
231574.0 231574 0 CLEYJA 464.3 163.52 12.5 A 22
231577.0 231577 0 PYRESH 463.13 161.83 23.9 A 22
231578.0 231578 0 CASTCU 461.83 169.75 22.8 A 22
231579.0 231579 0 PYRESH 464.67 167.71 14.7 A 22
231586.0 231586 0 MELISQ 465.14 167.42 13.1 A 22
231587.0 231587 0 MACHTH 466.37 168.89 18.5 A 22
231589.0 231589 0 DIOSMO 467.73 168.69 11 A 22
231601.0 231601 0 MELISQ 467.62 164.84 17.6 A 22
231606.0 231606 0 MELISQ 460.78 171.26 11 A 22
231607.0 231607 0 ELAEJA 461.95 173.85 25 A 22
231611.0 231611 0 MACHTH 464.21 174.41 23.8 A 22
231616.0 231616 0 MELISQ 464.44 171.05 25.5 A 22
231618.0 231618 0 CLEYJA 460.99 175.75 14.6 A 22
231630.0 231630 0 PYRESH 465.15 179.06 24.7 A 22
231642.0 231642 0 LIMLUR 468.94 170.95 44.7 A 22
231659.0 231659 0 CLEYJA 471.95 174.04 19.9 A 22
231663.0 231663 0 ELAESY 473.96 171.25 21.9 A 22
231678.0 231678 0 PYRESH 471.5 178.96 26.8 A 22
231680.0 231680 0 HELIFO 472.38 176.66 10.4 A 22
231686.0 231686 0 DIOSMO 475.99 178.12 21.6 A 22
231694.0 231694 0 MACHMU 475.7 174.23 11.9 A 22
231697.0 231697 0 GLOCAC 477.73 174.03 9.5 A 22
231698.0 231698 0 PYRESH 479.11 173.6 18.8 A 22
231702.0 231702 0 ELAESY 477.1 170.99 11.3 A 22
231704.0 231704 0 CLEYJA 470.53 160.62 18.5 A 22
231706.0 231706 0 MELISQ 470.83 163.92 13.7 A 22
231707.0 231707 0 PYRESH 470.99 164.2 15.6 A 22
231709.0 231709 0 GLOCAC 471.64 163.99 11.7 A 22
231725.0 231725 0 CLEYJA 470.39 165.81 13.7 A 22
231744.0 231744 0 MELISQ 473.18 167.33 9.7 A 22
231745.0 231745 0 CLEYJA 473.73 168.04 14.4 A 22
231752.0 231752 0 PRUNPH 472.99 166.29 14.5 A 22
231755.0 231755 0 MELISQ 476.81 167.47 29.3 A 22
231772.0 231772 0 MELISQ 475.68 161.15 11.2 A 22
231780.0 231780 0 SYMPSO 476.85 164.61 14 A 22
231802.0 231802 0 MELISQ 476.74 161.36 20.3 A 22
231817.0 231817 0 PYRESH 461.1 184.46 23.7 A 22
231821.0 231821 0 PYRESH 462.96 183.36 10.6 A 22
231826.0 231826 0 LIMLUR 463.97 181.57 63.8 A 22
231830.0 231830 0 DIOSMO 460.45 188.59 9.5 A 22
231832.0 231832 0 ELAEJA 461.39 188.63 31.2 A 22
231839.0 231839 0 MACHTH 464.67 187.79 16.1 A 22
231851.0 231851 0 MELISQ 466.91 186.64 13.6 A 22
231855.0 231855 0 CASTCU 465.35 189.51 14.1 A 22
231859.0 231859 0 DIOSMO 468.83 189.28 17 A 22
231869.0 231869 0 CLEYJA 467.93 187.06 18.2 A 22
231881.0 231881 0 PYRESH 469.07 184.73 9.9 A 22
231886.0 231886 0 GLOCAC 468.79 180.18 13.4 A 22
231899.0 231899 0 CLEYJA 464.53 191.52 10.2 A 22
231904.0 231904 0 LITSAC 461.07 196.17 20.6 A 22
231938.0 231938 0 MELISQ 468.22 195.21 21.5 A 22
231940.0 231940 0 MELISQ 467.39 192.35 14.4 A 22
231941.0 231941 0 MELISQ 469.82 192.82 17.4 A 22
231942.0 231942 0 MACHZU 467.64 190.95 20.5 A 22
231943.0 231943 0 LIMLUR 471.95 193.86 33.4 A 22
231951.0 231951 0 LIMLUR 471.19 198.38 28.9 A 22
231958.0 231958 0 MACHMU 474.4 198.56 12.2 A 22
231959.0 231959 0 CLEYJA 473.15 198.33 14.8 A 22
231973.0 231973 0 LITSAC 479.31 198.36 13.4 A 22
231984.0 231984 0 MELISQ 475.63 193.33 23.1 A 22
231987.0 231987 0 MELISQ 476.94 193.42 16.9 A 22
231988.0 231988 0 MELISQ 477.52 194.91 15.9 A 22
231992.0 231992 0 CINNAU 479.88 192.48 13.1 A 22
231996.0 231996 0 PYRESH 478.44 192.92 19.1 A 22
231998.0 231998 0 MYRSSE 470.79 181.23 11.3 A 22
232002.0 232002 0 MYRSSE 472.38 184.84 17.5 A 22
232005.0 232005 0 PYRESH 472.25 183.99 14.2 A 22
232020.0 232020 0 PYRESH 471.29 186.96 13.4 A 22
232029.0 232029 0 CLEYJA 471.5 188.55 14.3 A 22
232030.0 232030 0 MELISQ 472.15 188.53 19.3 A 22
232049.0 232049 0 MELISQ 479.81 188.72 26.3 A 22
232053.0 232053 0 MELISQ 479.69 187.3 26.6 A 22
232060.0 232060 0 PYRESH 476.94 186.53 14.8 A 22
232066.0 232066 0 LIMLUR 476.34 183.48 51.9 A 22
232069.0 232069 0 MELISQ 475.93 184.7 21.8 A 22
232074.0 232074 0 MELISQ 477.61 184.36 17.8 A 22
232081.0 232081 0 MELISQ 479.68 180.82 21.6 A 22
232083.0 232083 0 PYRESH 479.69 180.38 9.8 A 22
232085.0 232085 0 CLEYJA 478.08 180.95 12 A 22
233764.0 233764 0 SCHEOC 460.56 406.17 26.5 A 25
233770.0 233770 0 DIOSMO 462.54 407.96 12.2 A 25
233779.0 233779 0 SYMPGL 465.12 403.85 29.1 A 25
233781.0 233781 0 MACHTH 469.37 401.99 28.3 A 25
233787.0 233787 0 PRUNPH 462.99 411.86 20.4 A 25
233797.0 233797 0 HELIFO 466.19 414.73 11.6 A 25
233800.0 233800 0 LIMLUR 469.72 414.88 36.8 A 25
233804.0 233804 0 MACHTH 472.3 418.53 54.5 A 25
233806.0 233806 0 GLOCAC 474.91 418.5 12.9 A 25
233809.0 233809 0 ENGERO 475.41 416.97 36.4 A 25
233822.0 233822 0 MACHZU 472.48 402.01 12.9 A 25
233824.0 233824 0 LITSAC 474.28 404.23 18.3 A 25
233830.0 233830 0 MACHMU 474.51 406.97 32.6 A 25
233831.0 233831 0 MICHCO 473.96 405.54 31.4 A 25
233833.0 233833 0 LITSAC 476.43 405.28 13.1 A 25
233855.0 233855 0 SCHEOC 476.94 400.27 15.4 A 25
233865.0 233865 0 MACHMU 464.21 426.53 19.4 A 25
233891.0 233891 0 MACHTH 465.53 438.42 32.4 A 25
233893.0 233893 0 ENGERO 468.96 433.72 79.7 A 25
233894.0 233894 0 LITSAC 468.66 433.33 19.9 A 25
233904.0 233904 0 SCHEOC 472.95 434.24 21 A 25
233911.0 233911 0 SYMPTH 479.61 432.11 11.8 A 25
233921.0 233921 0 LITSAC 470.62 422.1 24 A 25
233927.0 233927 0 MACHMU 471.22 424.43 22.9 A 25
233939.0 233939 0 ELAEJA 479.1 426.73 16.2 A 25
233945.0 233945 0 LITSAC 478.06 423.21 10.7 A 25
233961.0 233961 0 LITSAC 469.07 442.17 35.7 A 25
233974.0 233974 0 LAGESU 465.28 455.41 27.1 A 25
233978.0 233978 0 MACHMU 474.75 453.19 28 A 25
233981.0 233981 0 LITSAC 479.33 458.43 39.9 A 25
233989.0 233989 0 GLOCAC 477.27 450.68 12.9 A 25
234002.0 234002 0 MACHMU 470.46 448.8 37.2 A 25
234010.0 234010 0 MACHMU 478.93 448.57 31.1 A 25
234026.0 234026 0 HELIFO 462.91 469.19 11.7 A 25
234029.0 234029 0 MACHMU 466.31 467.08 48.5 A 25
234036.0 234036 0 HELIFO 460.99 478.63 12.4 A 25
234040.0 234040 0 HELIFO 469.24 476.1 13.4 A 25
234057.0 234057 0 MACHMU 471.59 478.83 34.1 A 25
234063.0 234063 0 PYRESH 469.81 461.46 12.2 A 25
234075.0 234075 0 MACHMU 477.92 460.99 58.4 A 25
234091.0 234091 0 MACHMU 468.96 486.46 30.8 A 25
234092.0 234092 0 MACHMU 468.96 487.07 43.6 A 25
234117.0 234117 0 LAGESU 468.59 496.43 10.5 A 25
234118.0 234118 0 HELIFO 467.45 494.07 17 A 25
234119.0 234119 0 GLOCAC 468.73 492.7 43 A 25
234125.0 234125 0 SYMPTH 473.55 490.11 12.9 A 25
234130.0 234130 0 HELIFO 479.15 497 10.6 A 25
234141.0 234141 0 HELIFO 471.59 483.05 13.3 A 25
234155.0 234155 0 PASAHR 476.63 482.34 17.2 A 25
234159.0 234159 0 HELIFO 471.03 16.63 10.5 A 21
234240.0 234240 0 SYZYBU 462.41 114.59 12.4 A 22
234256.0 234256 0 DIOSMO 473.65 119.01 19.8 A 22
234303.0 234303 0 ELAEJA 478.58 127.9 22.4 A 22
234626.0 234626 0 CASTCU 463.95 403.31 11.7 A 25
234656.0 234656 0 PRUNPH 474.01 424.35 16.9 A 25
235299.0 235299 0 HELIFO 463.54 455.29 10.1 A 25
235313.0 235313 0 HELIFO 466.29 463.89 10.4 A 25
235372.0 235372 0 PASAHN 470.61 6.1 9.6 A 21
235480.0 235480 0 LIMLUR 472.87 81.86 34.1 A 21
240005.0 240005 0 GLOCAC 482.52 8.02 15.7 A 21
240019.0 240019 0 HELIFO 480.8 10.86 10.8 A 21
240020.0 240020 0 HELIFO 480.41 11.18 11.2 A 21
240024.0 240024 0 HELIFO 483.99 19.02 14.3 A 21
240026.0 240026 0 HELIFO 488.05 15.17 12.7 A 21
240039.0 240039 0 LAGESU 490.46 14.97 11.3 A 21
240044.0 240044 0 CINNMI 493.94 15.56 21.6 A 21
240047.0 240047 0 MACHZU 494.65 16.25 19.4 A 21
240083.0 240083 0 PASAHR 498.05 5.34 39.2 A 21
240086.0 240086 0 GLOCAC 499.42 2.1 18 A 21
240098.0 240098 0 LIMLUR 482.18 25.86 65.7 A 21
240104.0 240104 0 ITEAPA 484.47 29.98 13.4 A 21
240108.0 240108 0 ITEAPA 488.64 29.13 12.4 A 21
240109.0 240109 0 LAGESU 485.25 20.37 16.6 A 21
240120.0 240120 0 LITSAC 482 39.19 48.6 A 21
240121.0 240121 0 HELIFO 483.18 37.88 18.4 A 21
240122.0 240122 0 CYCLLO 484.6 39.04 12.3 A 21
240135.0 240135 0 HELIFO 488.88 32.16 14.7 A 21
240141.0 240141 0 MALLJA 495.96 37.01 17 A 21
240147.0 240147 0 HELIFO 497.1 37.58 10.6 A 21
240151.0 240151 0 ITEAPA 495.96 29.06 12.3 A 21
240175.0 240175 0 LAGESU 484.18 56.49 11.6 A 21
240184.0 240184 0 HELIFO 489.4 52.04 10.6 A 21
240186.0 240186 0 PRUNPH 491 51.86 32.6 A 21
240195.0 240195 0 GLOCAC 492.91 56.02 27.2 A 21
240196.0 240196 0 HELIFO 492.41 56.87 10 A 21
240215.0 240215 0 CASTCU 497.27 50.35 19.6 A 21
240217.0 240217 0 PASAHR 498.93 52.08 20.9 A 21
240221.0 240221 0 GLOCAC 489.89 40.85 14 A 21
240228.0 240228 0 HELIFO 494.4 46.87 10.1 A 21
240238.0 240238 0 MACHMU 482.51 62.57 10.1 A 21
240244.0 240244 0 MACHMU 481.93 65.27 10.6 A 21
240291.0 240291 0 CLEYJA 481.13 70.93 20 A 21
240313.0 240313 0 PYRESH 483.89 79.19 21.4 A 21
240322.0 240322 0 LIMLUR 486.95 77.27 76.3 A 21
240339.0 240339 0 CRYPCH 487.72 72 12.8 A 21
240347.0 240347 0 CLEYJA 490.73 72.35 22.8 A 21
240354.0 240354 0 CLEYJA 494.11 74.88 30.6 A 21
240373.0 240373 0 HELIFO 492.95 75.55 12 A 21
240381.0 240381 0 HELIFO 496.94 78.32 11.1 A 21
240387.0 240387 0 CLEYJA 497.37 79.71 18.3 A 21
240391.0 240391 0 ELAEJA 498.73 76.27 53.5 A 21
240394.0 240394 0 CASTCU 495.11 71.09 28.9 A 21
240400.0 240400 0 LIMLUR 492.01 62.17 131.7 A 21
240401.0 240401 0 HELIFO 491.64 60.44 10.9 A 21
240412.0 240412 0 HELIFO 492.71 68.43 12.1 A 21
240423.0 240423 0 CINNMI 496.17 69.88 44 A 21
240441.0 240441 0 MACHJA 499.48 61.33 27.4 A 21
240444.0 240444 0 PYRESH 480.39 80.48 9.8 A 21
240445.0 240445 0 CLEYJA 481.81 80.36 15.6 A 21
240448.0 240448 0 MACHTH 484.6 82.67 28.9 A 21
240450.0 240450 0 LITSAC 482.96 82.45 26.4 A 21
240455.0 240455 0 PYRESH 480.45 87.21 23.1 A 21
240456.0 240456 0 MACHMU 480.29 87.07 16.8 A 21
240457.0 240457 0 LIMLUR 481.92 87.49 25.5 A 21
240464.0 240464 0 LAGESU 485.18 87.42 14.3 A 21
240477.0 240477 0 MELISQ 488.27 80.24 24.5 A 21
240482.0 240482 0 CASTCU 482.17 94.26 10.7 A 21
240495.0 240495 0 LITSAC 483.18 99.8 10.9 A 21
240508.0 240508 0 PYRESH 482.57 99.07 16.7 A 21
240509.0 240509 0 HELIFO 482.57 98.84 10.9 A 21
240515.0 240515 0 MELISQ 482.99 96.5 18.9 A 21
240517.0 240517 0 GLOCAC 485.6 97.24 9.6 A 21
240524.0 240524 0 CRYPCH 487.75 99.02 12.2 A 21
240525.0 240525 0 CASTCU 487.99 99.09 30.8 A 21
240572.0 240572 0 CLEYJA 493.77 93.89 21.6 A 21
240576.0 240576 0 MELISQ 494.2 90.39 21.7 A 21
240590.0 240590 0 MELISQ 493.97 95.85 17.4 A 21
240597.0 240597 0 TRICDU 498.74 97.55 10.5 A 21
240600.0 240600 0 MACHTH 499.74 96.05 23.8 A 21
240620.0 240620 0 HELIFO 491.03 80.28 14.7 A 21
240625.0 240625 0 DIOSMO 492.37 88.57 10.9 A 21
240628.0 240628 0 PYRESH 494.75 89.8 23 A 21
240651.0 240651 0 HELIFO 481.2 103.95 10.1 A 22
240662.0 240662 0 PYRESH 480.32 107.22 15.1 A 22
240670.0 240670 0 CLEYJA 482.54 109.91 15.9 A 22
240677.0 240677 0 LIMLUR 484.18 108.9 89.7 A 22
240709.0 240709 0 CLEYJA 487.93 106.57 34.3 A 22
240730.0 240730 0 PYRESH 486.44 103.12 21.2 A 22
240754.0 240754 0 CRYPCH 489.72 102.2 10.8 A 22
240757.0 240757 0 PYRESH 488.97 101.03 23.7 A 22
240762.0 240762 0 PYRESH 481.07 111.15 26 A 22
240772.0 240772 0 CLEYJA 484.18 113.8 25.3 A 22
240789.0 240789 0 MACHMU 480.99 117.96 17.6 A 22
240793.0 240793 0 GLOCAC 481.54 118.62 14.8 A 22
240796.0 240796 0 LIMLUR 486.16 116.12 59 A 22
240801.0 240801 0 DIOSMO 486.23 117.71 13.1 A 22
240808.0 240808 0 MACHMU 489.86 118.96 12.1 A 22
240823.0 240823 0 ELAESY 489.15 110.31 13.2 A 22
240826.0 240826 0 PYRESH 487.24 110.86 16.7 A 22
240845.0 240845 0 HELIFO 494.65 114.54 10 A 22
240854.0 240854 0 HELIFO 490.75 116.57 10.7 A 22
240862.0 240862 0 LIMLUR 492.81 118.65 39.5 A 22
240879.0 240879 0 MACHMU 496.13 116.33 15.7 A 22
240881.0 240881 0 LITSAC 495.06 116.49 14.9 A 22
240893.0 240893 0 HELIFO 498.63 119.02 11.5 A 22
240918.0 240918 0 LITSAC 497.95 111.19 14.9 A 22
240957.0 240957 0 ELAEJA 493.18 101.39 32.9 A 22
240962.0 240962 0 PYRESH 491.2 105.81 14.3 A 22
240974.0 240974 0 CINNAU 492.79 107.44 19.1 A 22
240994.0 240994 0 CINNSU 495.96 106.97 10.3 A 22
240998.0 240998 0 MACHMU 497.25 109.31 12.5 A 22
241015.0 241015 0 LITSAC 482.49 121.37 19.8 A 22
241022.0 241022 0 PYRESH 483.29 120.55 19.7 A 22
241065.0 241065 0 HELIFO 486.14 127.81 9.9 A 22
241068.0 241068 0 CINNAU 488.71 129.41 10.1 A 22
241078.0 241078 0 MACHTH 485.48 122.88 21.2 A 22
241095.0 241095 0 PYRESH 480.59 133.87 19 A 22
241100.0 241100 0 ELAESY 482.17 134.93 10.3 A 22
241105.0 241105 0 GLOCAC 482.57 132.03 12.5 A 22
241109.0 241109 0 GLOCAC 483.08 130.14 23.4 A 22
241113.0 241113 0 CASTCU 480.04 136.81 37.9 A 22
241122.0 241122 0 LIMLUR 481.44 139.64 41.6 A 22
241131.0 241131 0 GLOCAC 482.82 137.51 9.5 A 22
241157.0 241157 0 DIOSMO 489.95 136.99 12.9 A 22
241174.0 241174 0 ELAESY 485.45 133.58 32.8 A 22
241194.0 241194 0 PYRESH 490.48 130.86 20.4 A 22
241204.0 241204 0 PYRESH 493.47 134.14 17.9 A 22
241207.0 241207 0 GLOCAC 492.47 132.67 20.7 A 22
241220.0 241220 0 CLEYJA 490.9 138.21 16.6 A 22
241224.0 241224 0 LIMLUR 491.78 137.74 59.8 A 22
241230.0 241230 0 CASTCU 494.78 139.55 40.8 A 22
241246.0 241246 0 PYRESH 495.56 139.6 11.2 A 22
241247.0 241247 0 DIOSMO 499.41 139.97 12.6 A 22
241277.0 241277 0 LIMLUR 491.22 124.8 37.9 A 22
241279.0 241279 0 CLEYJA 493.91 123.15 16.2 A 22
241316.0 241316 0 LIMLUR 497.38 129.16 21.8 A 22
241325.0 241325 0 ELAEJA 499.72 129.17 42.9 A 22
241332.0 241332 0 CINNMI 495.76 120.92 17.2 A 22
241335.0 241335 0 CLEYJA 498.43 121.63 24.6 A 22
241336.0 241336 0 LIMLUR 496.16 122.58 49.6 A 22
241339.0 241339 0 HELIFO 496.46 124.57 9.6 A 22
241353.0 241353 0 MICHCO 480.66 141.23 11.6 A 22
241364.0 241364 0 MELISQ 483.37 142.47 24.7 A 22
241374.0 241374 0 MACHMU 481.44 145.08 10.3 A 22
241378.0 241378 0 LIMLUR 483.7 148.59 41.6 A 22
241380.0 241380 0 GLOCAC 483.39 149.71 15.9 A 22
241392.0 241392 0 MELISQ 488.6 148.69 23.3 A 22
241394.0 241394 0 CASTCU 488.93 145.93 9.9 A 22
241395.0 241395 0 MELISQ 487.98 147.25 34 A 22
241408.0 241408 0 CASTCU 489.23 144.3 10.9 A 22
241413.0 241413 0 ELAEJA 489.67 141.29 50.8 A 22
241433.0 241433 0 CLEYJA 481.15 156.3 16.8 A 22
241434.0 241434 0 MELISQ 481.67 156.16 16.1 A 22
241440.0 241440 0 LIMLUR 482.59 159.71 43.5 A 22
241442.0 241442 0 LIMLUR 483.16 159.71 24.5 A 22
241452.0 241452 0 ILEXGO 486.41 159.24 10 A 22
241464.0 241464 0 CASTCU 490.76 154.84 17.4 A 22
241473.0 241473 0 HELIFO 492.44 159.8 10.4 A 22
241476.0 241476 0 MELISQ 492.96 157.42 11.8 A 22
241481.0 241481 0 CINNAU 498.7 155.95 13.5 A 22
241486.0 241486 0 PYRESH 498.86 158.11 17.1 A 22
241496.0 241496 0 ELAEJA 495.85 159.6 13.6 A 22
241498.0 241498 0 CLEYJA 495.11 157.5 24.2 A 22
241501.0 241501 0 CASTCU 495.77 150.84 14.9 A 22
241502.0 241502 0 CINNMI 497.42 150.39 64.2 A 22
241511.0 241511 0 PYRESH 498.56 151.96 18.3 A 22
241537.0 241537 0 HELIFO 490.58 145.24 10.7 A 22
241552.0 241552 0 HELIFO 493.08 149 11.4 A 22
241566.0 241566 0 LITSAC 497.56 148.15 10.9 A 22
241567.0 241567 0 DIOSMO 499.48 148.72 16.4 A 22
241574.0 241574 0 SYMPTH 496.12 143.95 26.7 A 22
241578.0 241578 0 CLEYJA 498.63 143.87 21.1 A 22
241588.0 241588 0 SYMPSE 480.59 162.35 17.7 A 22
241611.0 241611 0 MYRSSE 480.09 165.62 11 A 22
241628.0 241628 0 PYRESH 484.31 169.51 16.2 A 22
241637.0 241637 0 LIMLUR 485.76 168.56 29 A 22
241651.0 241651 0 MACHMU 487.64 165.54 12.1 A 22
241654.0 241654 0 MELISQ 485.04 160.11 18.8 A 22
241659.0 241659 0 DIOSMO 488.3 164.67 10.5 A 22
241661.0 241661 0 LIMLUR 480.53 170.38 31.6 A 22
241662.0 241662 0 CLEYJA 483.8 173.45 17 A 22
241663.0 241663 0 MELISQ 484.57 173.65 24.4 A 22
241670.0 241670 0 LITSAC 484.45 178.63 10.4 A 22
241674.0 241674 0 MELISQ 485.58 176.43 18.5 A 22
241675.0 241675 0 CLEYJA 485.03 176.58 22.5 A 22
241676.0 241676 0 MELISQ 486.1 178.02 12.6 A 22
241687.0 241687 0 CINNAU 485.28 172.13 17.2 A 22
241690.0 241690 0 MELISQ 487.14 172.37 15.5 A 22
241697.0 241697 0 LIMLUR 489.5 171.22 53.1 A 22
241698.0 241698 0 ELAEJA 489.06 171.08 50.9 A 22
241703.0 241703 0 LITSAC 491.37 175.98 12.6 A 22
241711.0 241711 0 LITSAC 492.91 179.31 10.4 A 22
241712.0 241712 0 MACHTH 492.66 178.43 14.1 A 22
241722.0 241722 0 CLEYJA 496.93 178.01 10.7 A 22
241725.0 241725 0 CLEYJA 499.24 178.82 14.2 A 22
241729.0 241729 0 PYRESH 499.57 175.75 26.3 A 22
241734.0 241734 0 MELISQ 496.12 171.62 32.1 A 22
241739.0 241739 0 CLEYJA 496.91 174.34 14.4 A 22
241741.0 241741 0 MELISQ 497.31 174.88 15.4 A 22
241766.0 241766 0 LITSAC 495.45 167.14 22.3 A 22
241767.0 241767 0 CASTCU 495.58 167.23 10.3 A 22
241780.0 241780 0 HELIFO 498.03 163.55 11.9 A 22
241795.0 241795 0 MELISQ 483.94 181.02 13.4 A 22
241800.0 241800 0 LITSAC 480.08 182.38 11.4 A 22
241804.0 241804 0 MYRSSE 480.08 183.6 17.2 A 22
241806.0 241806 0 MELISQ 480.69 184.85 21.9 A 22
241824.0 241824 0 CLEYJA 481.5 189.88 14.8 A 22
241838.0 241838 0 MELISQ 485.35 185.46 17.4 A 22
241841.0 241841 0 LITSAC 485.83 186.3 13.2 A 22
241847.0 241847 0 CLEYJA 488.27 189.48 20 A 22
241852.0 241852 0 CINNSU 485.99 182 15 A 22
241854.0 241854 0 SYMPSE 485.25 182.81 10.4 A 22
241876.0 241876 0 MACHMU 483.08 192.06 14.3 A 22
241877.0 241877 0 MELISQ 480.78 195.83 24 A 22
241881.0 241881 0 MELISQ 484.89 199.6 18.2 A 22
241883.0 241883 0 CRYPCH 483.36 195.44 34.3 A 22
241887.0 241887 0 PYRESH 487.96 198.84 15.6 A 22
241889.0 241889 0 LITSAC 488.37 198.39 15.1 A 22
241896.0 241896 0 MELISQ 486.22 190.32 18.9 A 22
241900.0 241900 0 CINNMI 487.05 194.26 14 A 22
241906.0 241906 0 MACHTH 490.85 190.48 14.6 A 22
241911.0 241911 0 LITSAC 493.57 191.83 17.5 A 22
241914.0 241914 0 MELISQ 492.3 194.95 10.4 A 22
241917.0 241917 0 PYRESH 494.14 194.85 15.5 A 22
241921.0 241921 0 HELIFO 494.34 190.25 12.4 A 22
241936.0 241936 0 LIMLUR 497.12 196.5 73.7 A 22
241938.0 241938 0 PYRESH 496.47 197.03 14 A 22
241960.0 241960 0 MELISQ 490.79 181.9 17.2 A 22
241966.0 241966 0 CLEYJA 493.64 181.3 15.4 A 22
241972.0 241972 0 CLEYJA 490.76 185.12 18 A 22
241973.0 241973 0 MACHMU 491.09 185.05 13 A 22
241975.0 241975 0 CASTCU 490.12 189.3 15.5 A 22
241984.0 241984 0 MELISQ 495.76 186.43 22.5 A 22
241986.0 241986 0 CLEYJA 496.64 187.14 16.2 A 22
242003.0 242003 0 LIMLUR 497.68 182.57 89 A 22
243595.0 243595 0 MACHZU 482.85 403.73 55.8 A 25
243601.0 243601 0 LITSAC 483.91 403.87 18.2 A 25
243603.0 243603 0 LITSAC 483.49 403.08 27.7 A 25
243605.0 243605 0 ENGERO 480.68 407.64 16.2 A 25
243614.0 243614 0 LIMLUR 484.14 405.98 48.6 A 25
243620.0 243620 0 CASTCU 487.07 407.74 13.1 A 25
243635.0 243635 0 LITSAC 485.97 402.58 12.4 A 25
243641.0 243641 0 GLOCAC 488.83 403.58 9.5 A 25
243645.0 243645 0 MACHMU 488.13 400.41 40.5 A 25
243650.0 243650 0 MACHMU 481.61 413.46 40.2 A 25
243655.0 243655 0 MELISQ 483.22 410.41 9.9 A 25
243656.0 243656 0 LITSAC 482.51 410.74 21.1 A 25
243664.0 243664 0 CASTCU 484.18 419.36 14.6 A 25
243671.0 243671 0 LITSAC 485.09 419.37 44.1 A 25
243676.0 243676 0 MACHMU 486.87 419.17 28.5 A 25
243688.0 243688 0 SCHEOC 488.12 416.74 59.5 A 25
243698.0 243698 0 MELISQ 492.22 412.2 9.8 A 25
243701.0 243701 0 CASTCU 492.55 413.18 9.5 A 25
243702.0 243702 0 PYRESH 493.28 414.84 13 A 25
243704.0 243704 0 MACHTH 494.81 412.58 31.1 A 25
243705.0 243705 0 PYRESH 493.67 412.08 17.8 A 25
243707.0 243707 0 LITSAC 494.61 411.33 40.3 A 25
243729.0 243729 0 MELISQ 496.27 417.04 24.6 A 25
243732.0 243732 0 TRICDU 495.41 416.98 10.2 A 25
243740.0 243740 0 MACHTH 499.3 419.51 13.3 A 25
243744.0 243744 0 PRUNPH 498.93 416.32 12.3 A 25
243745.0 243745 0 CYCLGI 499 416.06 16.4 A 25
243754.0 243754 0 PRUNPH 497.27 416.25 18.7 A 25
243761.0 243761 0 CASTCU 496.09 412.28 26.8 A 25
243767.0 243767 0 MACHTH 498.93 414.56 14.3 A 25
243777.0 243777 0 MICHCO 496.5 411.06 10.8 A 25
243778.0 243778 0 LITSAC 490.19 402.16 16.7 A 25
243782.0 243782 0 MACHMU 491.67 404.91 19.2 A 25
243788.0 243788 0 LITSAC 490.49 405.99 21.6 A 25
243795.0 243795 0 CASTCU 494.97 409 13.8 A 25
243799.0 243799 0 CASTCU 492.99 405.37 30.3 A 25
243803.0 243803 0 MACHMU 496.19 405.25 15.4 A 25
243804.0 243804 0 PYRESH 496.77 405.1 31.3 A 25
243813.0 243813 0 MACHMU 498.1 409.4 16.9 A 25
243814.0 243814 0 LITSAC 498.23 409.41 10.7 A 25
243819.0 243819 0 MACHMU 499.81 407.33 23.3 A 25
243823.0 243823 0 PYRESH 499.69 406.52 12.1 A 25
243837.0 243837 0 SCHEOC 496.09 404.26 19.7 A 25
243850.0 243850 0 PASAHN 481.6 421.02 11.6 A 25
243857.0 243857 0 MELISQ 483.82 424.41 12.7 A 25
243864.0 243864 0 GLOCAC 483.36 421.72 19.2 A 25
243870.0 243870 0 MELISQ 481.66 426.22 11.6 A 25
243871.0 243871 0 ENGERO 480.42 429.09 16.1 A 25
243872.0 243872 0 TRICDU 480.75 428.63 10.1 A 25
243876.0 243876 0 PASAHN 484.14 429.36 17.1 A 25
243877.0 243877 0 MACHMU 484.58 428.43 50.7 A 25
243879.0 243879 0 MELISQ 484.84 425.62 9.9 A 25
243880.0 243880 0 MACHTH 483.49 425.64 39.1 A 25
243883.0 243883 0 PYRESH 486.26 428.02 17.3 A 25
243888.0 243888 0 MACHMU 488.44 425.56 30.9 A 25
243896.0 243896 0 GLOCAC 488.97 423.04 20.2 A 25
243908.0 243908 0 ENGERO 485.72 438.73 40.2 A 25
243910.0 243910 0 ENGERO 487.92 439.78 14.2 A 25
243911.0 243911 0 CLEYJA 489.06 438.69 11.6 A 25
243920.0 243920 0 PYRESH 493.13 439.81 10.7 A 25
243923.0 243923 0 MACHMU 497.92 439.36 30.2 A 25
243937.0 243937 0 ENGERO 491.61 426.05 32.9 A 25
243939.0 243939 0 LITSAC 493.79 429.02 11.4 A 25
243940.0 243940 0 SCHEOC 494.78 426.02 10.5 A 25
243945.0 243945 0 LIMLUR 495.22 422.97 53.6 A 25
243953.0 243953 0 LITSAC 499.84 422.04 41.6 A 25
243964.0 243964 0 LITSAC 481.6 442.35 41.5 A 25
243967.0 243967 0 MACHMU 485.97 8.27 21.8 A 21
243968.0 243968 0 CASTCU 483.3 449.36 39.5 A 25
243981.0 243981 0 ENGERO 489.23 448.56 18.7 A 25
243983.0 243983 0 MACHMU 488.93 448.05 28.2 A 25
243990.0 243990 0 SYMPTH 488.56 446.56 14 A 25
244000.0 244000 0 CYCLGI 487.27 440.24 28.3 A 25
244001.0 244001 0 HELIFO 488.12 440.59 11.3 A 25
244002.0 244002 0 MELISQ 487.75 441.11 13.2 A 25
244017.0 244017 0 ADINFO 483.22 455.82 14 A 25
244023.0 244023 0 ENGERO 484.1 458.53 24 A 25
244025.0 244025 0 MELISQ 484.26 455.07 12.1 A 25
244028.0 244028 0 HELIFO 485.7 458.52 11 A 25
244029.0 244029 0 PYRESH 486.97 459 25 A 25
244030.0 244030 0 CASTCU 487 459.98 15.1 A 25
244046.0 244046 0 CASTCU 486.22 454.07 23.8 A 25
244055.0 244055 0 LITSAC 489.46 450.84 18.7 A 25
244056.0 244056 0 LITSAC 488.66 451.88 19.3 A 25
244057.0 244057 0 ENGERO 488.39 451.41 26.2 A 25
244062.0 244062 0 ENGERO 487.99 451.61 18.9 A 25
244066.0 244066 0 SYMPGL 490.68 451.79 13.1 A 25
244068.0 244068 0 MELISQ 490.58 453.05 28.5 A 25
244070.0 244070 0 MELISQ 491.26 453.39 12.1 A 25
244080.0 244080 0 MACHTH 493.82 452.1 38.4 A 25
244083.0 244083 0 LITSAC 494.43 450.88 9.8 A 25
244084.0 244084 0 ENGERO 493.97 450.58 11.2 A 25
244090.0 244090 0 MACHTH 491.81 455.61 14.9 A 25
244095.0 244095 0 DIOSMO 492.35 458.87 40.7 A 25
244105.0 244105 0 ENGERO 496.19 457.81 13.6 A 25
244108.0 244108 0 SCHEOC 497 457.6 25.1 A 25
244116.0 244116 0 MELISQ 495.69 452.2 14.3 A 25
244129.0 244129 0 LITSAC 499.85 451.29 18.3 A 25
244157.0 244157 0 CINNMI 494.79 445.25 53.7 A 25
244158.0 244158 0 LITSAC 495.8 445.46 42 A 25
244165.0 244165 0 ENGERO 498.15 449.21 10.9 A 25
244166.0 244166 0 SYMPTH 499.27 449.17 16.1 A 25
244184.0 244184 0 PYRESH 481.13 460.74 19.5 A 25
244188.0 244188 0 LITSAC 480.38 464.5 18.5 A 25
244195.0 244195 0 HELIFO 489.84 469.71 10.1 A 25
244202.0 244202 0 SYMPTH 483.18 473.05 16.4 A 25
244215.0 244215 0 LIMLUR 485.77 471.28 92.5 A 25
244222.0 244222 0 MACHMU 486.97 471.9 54.8 A 25
244256.0 244256 0 SYMPTH 498.62 471.49 11.1 A 25
244258.0 244258 0 LITSAC 493.33 465.29 31.3 A 25
244264.0 244264 0 MACHMU 482.38 480.39 31.3 A 25
244265.0 244265 0 CASTCU 481.64 481.18 17.6 A 25
244272.0 244272 0 HELIFO 482.95 488.9 11.8 A 25
244275.0 244275 0 SCHEOC 489.69 488.84 20 A 25
244284.0 244284 0 HELIFO 483.52 494.1 14.9 A 25
244285.0 244285 0 HELIFO 483.72 496.16 12.3 A 25
244296.0 244296 0 SCHEOC 494.34 490.92 43.4 A 25
244300.0 244300 0 MACHTH 494.04 495.79 26.9 A 25
244310.0 244310 0 ENGERO 497.4 494.97 29.2 A 25
244314.0 244314 0 HELIFO 498.81 491.64 17.6 A 25
244321.0 244321 0 LITSAC 494.65 483.86 38.5 A 25
244326.0 244326 0 ENGERO 491.74 488.83 45.4 A 25
244327.0 244327 0 SCHEOC 491.44 489.38 24.2 A 25
244337.0 244337 0 SCHEOC 498.84 486.54 14.4 A 25
244340.0 244340 0 LITSAC 498.64 484.53 23.6 A 25
244342.0 244342 0 LITSAC 498.12 483.53 27.8 A 25
245113.0 245113 0 MACHZU 497.37 25.17 22.6 A 21
245443.0 245443 0 HELIFO 493.67 499 11.2 A 25
